target_name,target_chembl_id,target_uniprot_id,clean_text,clean_text_alt,query_tokens,gene_like_candidates,hints,mutation_classes,rules_applied,hint_taxon,domains
- hexonate dehydrogenase ( l - hdh ),CHEMBL2622,P07943,hexonate dehydrogenase,hexonate dehydrogenase,hexonate|dehydrogenase,,"{""parenthetical"": [""l - hdh""], ""dropped"": [], ""mutations"": [], ""mutation_classes"": []}",,[],9606,
##17beta - hsd1,CHEMBL3181,P14061,##17beta hsd1|##17beta-hsd1|17beta-hsd1|##17betahsd1|17betahsd1,##17beta hsd1|##17beta-hsd1|17beta-hsd1|##17betahsd1|17betahsd1,##17beta|hsd1|17beta-hsd1|17betahsd1,,"{""parenthetical"": [], ""dropped"": [], ""mutations"": [], ""mutation_classes"": []}",,[],9606,
##fgf2,CHEMBL3650,P11362,##fgf2,##fgf2,##fgf2,,"{""parenthetical"": [], ""dropped"": [], ""mutations"": [], ""mutation_classes"": []}",,[],9606,
1 - lipoxygenase,CHEMBL4586,P08170,1 lipoxygenase|1-lipoxygenase|1lipoxygenase,1 lipoxygenase|1-lipoxygenase|1lipoxygenase,1|lipoxygenase|1-lipoxygenase|1lipoxygenase,,"{""parenthetical"": [], ""dropped"": [], ""mutations"": [], ""mutation_classes"": []}",,[],9606,
1 hiv - 1 ) reverse transcriptase,CHEMBL247,Q72547,1 hiv 1 ) reverse transcriptase|1 hiv-1 ) reverse transcriptase|hiv-1|1 hiv1 ) reverse transcriptase|hiv1,1 hiv ) reverse transcriptase|hiv-1|hiv1,1|hiv|)|reverse|transcriptase|hiv-1|hiv1,,"{""parenthetical"": [], ""dropped"": [], ""mutations"": [], ""mutation_classes"": []}",,[],9606,
11 - beta - hsd1,CHEMBL4235,P28845,11 beta hsd1|11-beta-hsd1|11betahsd1,11 beta hsd1|11-beta-hsd1|11betahsd1,11|beta|hsd1|11-beta-hsd1|11betahsd1,,"{""parenthetical"": [], ""dropped"": [], ""mutations"": [], ""mutation_classes"": []}",,[],9606,
11 - beta - hsd1,CHEMBL3910,P50172,11 beta hsd1|11-beta-hsd1|11betahsd1,11 beta hsd1|11-beta-hsd1|11betahsd1,11|beta|hsd1|11-beta-hsd1|11betahsd1,,"{""parenthetical"": [], ""dropped"": [], ""mutations"": [], ""mutation_classes"": []}",,[],9606,
11 - beta - hsd2,CHEMBL3746,P80365,11 beta hsd2|11-beta-hsd2|11betahsd2,11 beta hsd2|11-beta-hsd2|11betahsd2,11|beta|hsd2|11-beta-hsd2|11betahsd2,,"{""parenthetical"": [], ""dropped"": [], ""mutations"": [], ""mutation_classes"": []}",,[],9606,
11 - beta - hydroxysteroid dehydrogenase 1,CHEMBL4235,P28845,11 beta hydroxysteroid dehydrogenase 1|11-beta-hydroxysteroid dehydrogenase 1|11-beta-hydroxysteroid|11betahydroxysteroid dehydrogenase 1|11betahydroxysteroid|11 beta hydroxysteroid dehydrogenase1|dehydrogenase1|11 beta hydroxysteroid dehydrogenase-1|dehydrogenase-1,11 beta hydroxysteroid dehydrogenase 1|11-beta-hydroxysteroid dehydrogenase 1|11-beta-hydroxysteroid|11betahydroxysteroid dehydrogenase 1|11betahydroxysteroid|11 beta hydroxysteroid dehydrogenase1|dehydrogenase1|11 beta hydroxysteroid dehydrogenase-1|dehydrogenase-1,11|beta|hydroxysteroid|dehydrogenase|1|11-beta-hydroxysteroid|11betahydroxysteroid|dehydrogenase1|dehydrogenase-1,,"{""parenthetical"": [], ""dropped"": [], ""mutations"": [], ""mutation_classes"": []}",,[],9606,
11beta - hsd - 1,CHEMBL4235,P28845,11beta hsd 1|11beta-hsd-1|11betahsd1|11beta hsd1|hsd1|11beta hsd-1|hsd-1,11beta hsd 1|11beta-hsd-1|11betahsd1|11beta hsd1|hsd1|11beta hsd-1|hsd-1,11beta|hsd|1|11beta-hsd-1|11betahsd1|hsd1|hsd-1,,"{""parenthetical"": [], ""dropped"": [], ""mutations"": [], ""mutation_classes"": []}",,[],9606,
11beta - hsd1,CHEMBL2391,P16232,11beta hsd1|11beta-hsd1|11betahsd1,11beta hsd1|11beta-hsd1|11betahsd1,11beta|hsd1|11beta-hsd1|11betahsd1,,"{""parenthetical"": [], ""dropped"": [], ""mutations"": [], ""mutation_classes"": []}",,[],9606,
11beta - hsd1,CHEMBL4235,P28845,11beta hsd1|11beta-hsd1|11betahsd1,11beta hsd1|11beta-hsd1|11betahsd1,11beta|hsd1|11beta-hsd1|11betahsd1,,"{""parenthetical"": [], ""dropped"": [], ""mutations"": [], ""mutation_classes"": []}",,[],9606,
11beta - hsd1,CHEMBL3910,P50172,11beta hsd1|11beta-hsd1|11betahsd1,11beta hsd1|11beta-hsd1|11betahsd1,11beta|hsd1|11beta-hsd1|11betahsd1,,"{""parenthetical"": [], ""dropped"": [], ""mutations"": [], ""mutation_classes"": []}",,[],9606,
11beta - hsd1 reductase,CHEMBL4235,P28845,11beta hsd1 reductase|11beta-hsd1 reductase|11beta-hsd1|11betahsd1 reductase|11betahsd1,11beta hsd1 reductase|11beta-hsd1 reductase|11beta-hsd1|11betahsd1 reductase|11betahsd1,11beta|hsd1|reductase|11beta-hsd1|11betahsd1,,"{""parenthetical"": [], ""dropped"": [], ""mutations"": [], ""mutation_classes"": []}",,[],9606,
11beta - hsd2,CHEMBL2908,P50233,11beta hsd2|11beta-hsd2|11betahsd2,11beta hsd2|11beta-hsd2|11betahsd2,11beta|hsd2|11beta-hsd2|11betahsd2,,"{""parenthetical"": [], ""dropped"": [], ""mutations"": [], ""mutation_classes"": []}",,[],9606,
11beta hsd1,CHEMBL4235,P28845,11beta hsd1,11beta hsd1,11beta|hsd1,,"{""parenthetical"": [], ""dropped"": [], ""mutations"": [], ""mutation_classes"": []}",,[],9606,
11beta hsd1,CHEMBL3910,P50172,11beta hsd1,11beta hsd1,11beta|hsd1,,"{""parenthetical"": [], ""dropped"": [], ""mutations"": [], ""mutation_classes"": []}",,[],9606,
11betahsd1,CHEMBL2391,P16232,11betahsd1,11betahsd1,11betahsd1,,"{""parenthetical"": [], ""dropped"": [], ""mutations"": [], ""mutation_classes"": []}",,[],9606,
11betahsd1,CHEMBL4235,P28845,11betahsd1,11betahsd1,11betahsd1,,"{""parenthetical"": [], ""dropped"": [], ""mutations"": [], ""mutation_classes"": []}",,[],9606,
11betahsd1,CHEMBL3910,P50172,11betahsd1,11betahsd1,11betahsd1,,"{""parenthetical"": [], ""dropped"": [], ""mutations"": [], ""mutation_classes"": []}",,[],9606,
11betahsd2,CHEMBL3746,P80365,11betahsd2,11betahsd2,11betahsd2,,"{""parenthetical"": [], ""dropped"": [], ""mutations"": [], ""mutation_classes"": []}",,[],9606,
12 - hlo,CHEMBL3687,P18054,12 hlo|12-hlo|12hlo,12 hlo|12-hlo|12hlo,12|hlo|12-hlo|12hlo,,"{""parenthetical"": [], ""dropped"": [], ""mutations"": [], ""mutation_classes"": []}",,[],9606,
12 - lipoxygenase,CHEMBL3687,P18054,12 lipoxygenase|12-lipoxygenase|12lipoxygenase,12 lipoxygenase|12-lipoxygenase|12lipoxygenase,12|lipoxygenase|12-lipoxygenase|12lipoxygenase,,"{""parenthetical"": [], ""dropped"": [], ""mutations"": [], ""mutation_classes"": []}",,[],9606,
12 - lox,CHEMBL3687,P18054,12 lox|12-lox|12lox,12 lox|12-lox|12lox,12|lox|12-lox|12lox,,"{""parenthetical"": [], ""dropped"": [], ""mutations"": [], ""mutation_classes"": []}",,[],9606,
12 / 15 - lipoxygenase,CHEMBL4358,P12530,12 15 lipoxygenase|12 15-lipoxygenase|15-lipoxygenase|12 15lipoxygenase|15lipoxygenase,12 15 lipoxygenase|12 15-lipoxygenase|15-lipoxygenase|12 15lipoxygenase|15lipoxygenase,12|15|lipoxygenase|15-lipoxygenase|15lipoxygenase,,"{""parenthetical"": [], ""dropped"": [], ""mutations"": [], ""mutation_classes"": []}",,[],9606,
12 / 15 - lipoxygenase,CHEMBL2903,P16050,12 15 lipoxygenase|12 15-lipoxygenase|15-lipoxygenase|12 15lipoxygenase|15lipoxygenase,12 15 lipoxygenase|12 15-lipoxygenase|15-lipoxygenase|12 15lipoxygenase|15lipoxygenase,12|15|lipoxygenase|15-lipoxygenase|15lipoxygenase,,"{""parenthetical"": [], ""dropped"": [], ""mutations"": [], ""mutation_classes"": []}",,[],9606,
12 / 15 - lox,CHEMBL2903,P16050,12 15 lox|12 15-lox|15-lox|12 15lox|15lox,12 15 lox|12 15-lox|15-lox|12 15lox|15lox,12|15|lox|15-lox|15lox,,"{""parenthetical"": [], ""dropped"": [], ""mutations"": [], ""mutation_classes"": []}",,[],9606,
14 - 3 - 3 protein zeta / delta,CHEMBL4105899,P63104,14 3 3 zeta delta|14-3-3 zeta delta|14-3-3|1433 zeta delta|1433,14 3 protein zeta delta|14-3-3|1433,14|3|zeta|delta|14-3-3|1433,,"{""parenthetical"": [], ""dropped"": [""protein""], ""mutations"": [], ""mutation_classes"": []}",,[],9606,
15 - hlo,CHEMBL2903,P16050,15 hlo|15-hlo|15hlo,15 hlo|15-hlo|15hlo,15|hlo|15-hlo|15hlo,,"{""parenthetical"": [], ""dropped"": [], ""mutations"": [], ""mutation_classes"": []}",,[],9606,
15 - lipoxygenase,CHEMBL4586,P08170,15 lipoxygenase|15-lipoxygenase|15lipoxygenase,15 lipoxygenase|15-lipoxygenase|15lipoxygenase,15|lipoxygenase|15-lipoxygenase|15lipoxygenase,,"{""parenthetical"": [], ""dropped"": [], ""mutations"": [], ""mutation_classes"": []}",,[],9606,
15 - lipoxygenase,CHEMBL4358,P12530,15 lipoxygenase|15-lipoxygenase|15lipoxygenase,15 lipoxygenase|15-lipoxygenase|15lipoxygenase,15|lipoxygenase|15-lipoxygenase|15lipoxygenase,,"{""parenthetical"": [], ""dropped"": [], ""mutations"": [], ""mutation_classes"": []}",,[],9606,
15 - lipoxygenase,CHEMBL2903,P16050,15 lipoxygenase|15-lipoxygenase|15lipoxygenase,15 lipoxygenase|15-lipoxygenase|15lipoxygenase,15|lipoxygenase|15-lipoxygenase|15lipoxygenase,,"{""parenthetical"": [], ""dropped"": [], ""mutations"": [], ""mutation_classes"": []}",,[],9606,
15 - lox - 1,CHEMBL2903,P16050,15 lox 1|15-lox-1|15lox1|15 lox1|lox1|15 lox-1|lox-1,15 lox 1|15-lox-1|15lox1|15 lox1|lox1|15 lox-1|lox-1,15|lox|1|15-lox-1|15lox1|lox1|lox-1,,"{""parenthetical"": [], ""dropped"": [], ""mutations"": [], ""mutation_classes"": []}",,[],9606,
15 - lox1,CHEMBL2903,P16050,15 lox1|15-lox1|15lox1,15 lox1|15-lox1|15lox1,15|lox1|15-lox1|15lox1,,"{""parenthetical"": [], ""dropped"": [], ""mutations"": [], ""mutation_classes"": []}",,[],9606,
15 - pgdh,CHEMBL1293255,P15428,15 pgdh|15-pgdh|15pgdh,15 pgdh|15-pgdh|15pgdh,15|pgdh|15-pgdh|15pgdh,,"{""parenthetical"": [], ""dropped"": [], ""mutations"": [], ""mutation_classes"": []}",,[],9606,
15lox,CHEMBL4586,P08170,15lox,15lox,15lox,,"{""parenthetical"": [], ""dropped"": [], ""mutations"": [], ""mutation_classes"": []}",,[],9606,
15lox,CHEMBL4358,P12530,15lox,15lox,15lox,,"{""parenthetical"": [], ""dropped"": [], ""mutations"": [], ""mutation_classes"": []}",,[],9606,
15pgdh,CHEMBL1293255,P15428,15pgdh,15pgdh,15pgdh,,"{""parenthetical"": [], ""dropped"": [], ""mutations"": [], ""mutation_classes"": []}",,[],9606,
"17 - alpha - hydroxylase / 17 , 20 lyase",CHEMBL4430,P11715,"17 alpha hydroxylase 17,20 lyase|17-alpha-hydroxylase 17,20 lyase|17-alpha-hydroxylase|17alphahydroxylase 17,20 lyase|17alphahydroxylase","17 alpha hydroxylase 17,20 lyase|17-alpha-hydroxylase 17,20 lyase|17-alpha-hydroxylase|17alphahydroxylase 17,20 lyase|17alphahydroxylase","17|alpha|hydroxylase|17,20|lyase|17-alpha-hydroxylase|17alphahydroxylase",,"{""parenthetical"": [], ""dropped"": [], ""mutations"": [], ""mutation_classes"": []}",,[],9606,
17 - alpha - hydroxylase enzyme,CHEMBL3522,P05093,17 alpha hydroxylase enzyme|17-alpha-hydroxylase enzyme|17-alpha-hydroxylase|17alphahydroxylase enzyme|17alphahydroxylase,17 alpha hydroxylase enzyme|17-alpha-hydroxylase enzyme|17-alpha-hydroxylase|17alphahydroxylase enzyme|17alphahydroxylase,17|alpha|hydroxylase|enzyme|17-alpha-hydroxylase|17alphahydroxylase,,"{""parenthetical"": [], ""dropped"": [], ""mutations"": [], ""mutation_classes"": []}",,[],9606,
17 - alpha - hydroxylase enzyme cytochrome p450 17a1,CHEMBL3522,P05093,17 alpha hydroxylase enzyme cytochrome p450 17a1|17-alpha-hydroxylase enzyme cytochrome p450 17a1|17-alpha-hydroxylase|17alphahydroxylase enzyme cytochrome p450 17a1|17alphahydroxylase,17 alpha hydroxylase enzyme cytochrome p450 17a1|17-alpha-hydroxylase enzyme cytochrome p450 17a1|17-alpha-hydroxylase|17alphahydroxylase enzyme cytochrome p450 17a1|17alphahydroxylase,17|alpha|hydroxylase|enzyme|cytochrome|p450|17a1|17-alpha-hydroxylase|17alphahydroxylase,,"{""parenthetical"": [], ""dropped"": [], ""mutations"": [], ""mutation_classes"": []}",,[],9606,
17 - beta - hsd,CHEMBL4234,P37058,17 beta hsd|17-beta-hsd|17betahsd,17 beta hsd|17-beta-hsd|17betahsd,17|beta|hsd|17-beta-hsd|17betahsd,,"{""parenthetical"": [], ""dropped"": [], ""mutations"": [], ""mutation_classes"": []}",,[],9606,
17 - beta - hsd14,CHEMBL3712868,Q9BPX1,17 beta hsd14|17-beta-hsd14|17betahsd14,17 beta hsd14|17-beta-hsd14|17betahsd14,17|beta|hsd14|17-beta-hsd14|17betahsd14,,"{""parenthetical"": [], ""dropped"": [], ""mutations"": [], ""mutation_classes"": []}",,[],9606,
17 - beta - hsd3,CHEMBL4234,P37058,17 beta hsd3|17-beta-hsd3|17betahsd3,17 beta hsd3|17-beta-hsd3|17betahsd3,17|beta|hsd3|17-beta-hsd3|17betahsd3,,"{""parenthetical"": [], ""dropped"": [], ""mutations"": [], ""mutation_classes"": []}",,[],9606,
17 - beta hsd1,CHEMBL3181,P14061,17 beta hsd1|17-beta hsd1|17-beta|17beta hsd1|17beta,17 beta hsd1|17-beta hsd1|17-beta|17beta hsd1|17beta,17|beta|hsd1|17-beta|17beta,,"{""parenthetical"": [], ""dropped"": [], ""mutations"": [], ""mutation_classes"": []}",,[],9606,
"17 , 20 lyase",CHEMBL3522,P05093,"17,20 lyase","17,20 lyase","17,20|lyase",,"{""parenthetical"": [], ""dropped"": [], ""mutations"": [], ""mutation_classes"": []}",,[],9606,
17 beta - hydroxysteroid dehydrogenase,CHEMBL4234,P37058,17 beta hydroxysteroid dehydrogenase|17 beta-hydroxysteroid dehydrogenase|beta-hydroxysteroid|17 betahydroxysteroid dehydrogenase|betahydroxysteroid,17 beta hydroxysteroid dehydrogenase|17 beta-hydroxysteroid dehydrogenase|beta-hydroxysteroid|17 betahydroxysteroid dehydrogenase|betahydroxysteroid,17|beta|hydroxysteroid|dehydrogenase|beta-hydroxysteroid|betahydroxysteroid,,"{""parenthetical"": [], ""dropped"": [], ""mutations"": [], ""mutation_classes"": []}",,[],9606,
17 beta hydroxysteroid dehydrogenase type 1,CHEMBL3181,P14061,17 beta hydroxysteroid dehydrogenase type 1|17 beta hydroxysteroid dehydrogenase type1|type1|17 beta hydroxysteroid dehydrogenase type-1|type-1,17 beta hydroxysteroid dehydrogenase type 1|17 beta hydroxysteroid dehydrogenase type1|type1|17 beta hydroxysteroid dehydrogenase type-1|type-1,17|beta|hydroxysteroid|dehydrogenase|type|1|type1|type-1,,"{""parenthetical"": [], ""dropped"": [], ""mutations"": [], ""mutation_classes"": []}",,[],9606,
17beta - hsd,CHEMBL3181,P14061,17beta hsd|17beta-hsd|17betahsd,17beta hsd|17beta-hsd|17betahsd,17beta|hsd|17beta-hsd|17betahsd,,"{""parenthetical"": [], ""dropped"": [], ""mutations"": [], ""mutation_classes"": []}",,[],9606,
17beta - hsd1,CHEMBL3181,P14061,17beta hsd1|17beta-hsd1|17betahsd1,17beta hsd1|17beta-hsd1|17betahsd1,17beta|hsd1|17beta-hsd1|17betahsd1,,"{""parenthetical"": [], ""dropped"": [], ""mutations"": [], ""mutation_classes"": []}",,[],9606,
17beta - hsd14,CHEMBL3712868,Q9BPX1,17beta hsd14|17beta-hsd14|17betahsd14,17beta hsd14|17beta-hsd14|17betahsd14,17beta|hsd14|17beta-hsd14|17betahsd14,,"{""parenthetical"": [], ""dropped"": [], ""mutations"": [], ""mutation_classes"": []}",,[],9606,
17beta - hsd2,CHEMBL2789,P37059,17beta hsd2|17beta-hsd2|17betahsd2,17beta hsd2|17beta-hsd2|17betahsd2,17beta|hsd2|17beta-hsd2|17betahsd2,,"{""parenthetical"": [], ""dropped"": [], ""mutations"": [], ""mutation_classes"": []}",,[],9606,
17beta - hsd3,CHEMBL4234,P37058,17beta hsd3|17beta-hsd3|17betahsd3,17beta hsd3|17beta-hsd3|17betahsd3,17beta|hsd3|17beta-hsd3|17betahsd3,,"{""parenthetical"": [], ""dropped"": [], ""mutations"": [], ""mutation_classes"": []}",,[],9606,
17beta hsd5,CHEMBL4681,P42330,17beta hsd5,17beta hsd5,17beta|hsd5,,"{""parenthetical"": [], ""dropped"": [], ""mutations"": [], ""mutation_classes"": []}",,[],9606,
17betahsd1,CHEMBL3181,P14061,17betahsd1,17betahsd1,17betahsd1,,"{""parenthetical"": [], ""dropped"": [], ""mutations"": [], ""mutation_classes"": []}",,[],9606,
17betahsd2,CHEMBL2789,P37059,17betahsd2,17betahsd2,17betahsd2,,"{""parenthetical"": [], ""dropped"": [], ""mutations"": [], ""mutation_classes"": []}",,[],9606,
17betahsd3,CHEMBL4234,P37058,17betahsd3,17betahsd3,17betahsd3,,"{""parenthetical"": [], ""dropped"": [], ""mutations"": [], ""mutation_classes"": []}",,[],9606,
17betahsd5,CHEMBL4681,P42330,17betahsd5,17betahsd5,17betahsd5,,"{""parenthetical"": [], ""dropped"": [], ""mutations"": [], ""mutation_classes"": []}",,[],9606,
"2 , 3 - osc",CHEMBL3593,P48449,"2,3 osc|2,3-osc|3-osc|2,3osc|3osc","2,3 osc|2,3-osc|3-osc|2,3osc|3osc","2,3|osc|3-osc|3osc",,"{""parenthetical"": [], ""dropped"": [], ""mutations"": [], ""mutation_classes"": []}",,[],9606,
20 - alpha - hydroxysteroid dehydrogenase,CHEMBL5905,Q04828,20 alpha hydroxysteroid dehydrogenase|20-alpha-hydroxysteroid dehydrogenase|20-alpha-hydroxysteroid|20alphahydroxysteroid dehydrogenase|20alphahydroxysteroid,20 alpha hydroxysteroid dehydrogenase|20-alpha-hydroxysteroid dehydrogenase|20-alpha-hydroxysteroid|20alphahydroxysteroid dehydrogenase|20alphahydroxysteroid,20|alpha|hydroxysteroid|dehydrogenase|20-alpha-hydroxysteroid|20alphahydroxysteroid,,"{""parenthetical"": [], ""dropped"": [], ""mutations"": [], ""mutation_classes"": []}",,[],9606,
20 - alpha hsd,CHEMBL5905,Q04828,20 alpha hsd|20-alpha hsd|20-alpha|20alpha hsd|20alpha,20 alpha hsd|20-alpha hsd|20-alpha|20alpha hsd|20alpha,20|alpha|hsd|20-alpha|20alpha,,"{""parenthetical"": [], ""dropped"": [], ""mutations"": [], ""mutation_classes"": []}",,[],9606,
20s constitutive proteasome beta 1 subunit caspase - like activity,CHEMBL4208,P20618,20s constitutive proteasome beta 1 caspase activity|caspase-like|caspaselike|20s constitutive proteasome beta1 caspase activity|beta1|20s constitutive proteasome beta-1 caspase activity|beta-1,20s constitutive proteasome beta 1 subunit caspase like activity|20s constitutive proteasome beta 1 subunit caspase-like activity|caspase-like|20s constitutive proteasome beta 1 subunit caspaselike activity|caspaselike|20s constitutive proteasome beta1 subunit caspase like activity|beta1|20s constitutive proteasome beta-1 subunit caspase like activity|beta-1,20s|constitutive|proteasome|beta|1|caspase|activity|caspase-like|caspaselike|beta1|beta-1,,"{""parenthetical"": [], ""dropped"": [""subunit"", ""like""], ""mutations"": [], ""mutation_classes"": []}",,[],9606,
20s constitutive proteasome beta 2 subunit trypsin - like activity,CHEMBL3492,P49721,20s constitutive proteasome beta 2 trypsin activity|trypsin-like|trypsinlike|20s constitutive proteasome beta2 trypsin activity|beta2|20s constitutive proteasome beta-2 trypsin activity|beta-2,20s constitutive proteasome beta 2 subunit trypsin like activity|20s constitutive proteasome beta 2 subunit trypsin-like activity|trypsin-like|20s constitutive proteasome beta 2 subunit trypsinlike activity|trypsinlike|20s constitutive proteasome beta2 subunit trypsin like activity|beta2|20s constitutive proteasome beta-2 subunit trypsin like activity|beta-2,20s|constitutive|proteasome|beta|2|trypsin|activity|trypsin-like|trypsinlike|beta2|beta-2,,"{""parenthetical"": [], ""dropped"": [""subunit"", ""like""], ""mutations"": [], ""mutation_classes"": []}",,[],9606,
20s constitutive proteasome beta 5 subunit chymotrypsin - like,CHEMBL4662,P28074,20s constitutive proteasome beta 5 chymotrypsin|chymotrypsin-like|chymotrypsinlike|20s constitutive proteasome beta5 chymotrypsin|beta5|20s constitutive proteasome beta-5 chymotrypsin|beta-5,20s constitutive proteasome beta 5 subunit chymotrypsin like|20s constitutive proteasome beta 5 subunit chymotrypsin-like|chymotrypsin-like|20s constitutive proteasome beta 5 subunit chymotrypsinlike|chymotrypsinlike|20s constitutive proteasome beta5 subunit chymotrypsin like|beta5|20s constitutive proteasome beta-5 subunit chymotrypsin like|beta-5,20s|constitutive|proteasome|beta|5|chymotrypsin|chymotrypsin-like|chymotrypsinlike|beta5|beta-5,oxtr,"{""parenthetical"": [], ""dropped"": [""subunit"", ""like""], ""mutations"": [], ""mutation_classes"": []}",,[],9606,
20s constitutive proteasome beta1 caspase - like activity,CHEMBL4208,P20618,20s constitutive proteasome beta1 caspase activity|caspase-like|caspaselike,20s constitutive proteasome beta1 caspase like activity|20s constitutive proteasome beta1 caspase-like activity|caspase-like|20s constitutive proteasome beta1 caspaselike activity|caspaselike,20s|constitutive|proteasome|beta1|caspase|activity|caspase-like|caspaselike,,"{""parenthetical"": [], ""dropped"": [""like""], ""mutations"": [], ""mutation_classes"": []}",,[],9606,
20s constitutive proteasome beta2 trypsin - like activity,CHEMBL3492,P49721,20s constitutive proteasome beta2 trypsin activity|trypsin-like|trypsinlike,20s constitutive proteasome beta2 trypsin like activity|20s constitutive proteasome beta2 trypsin-like activity|trypsin-like|20s constitutive proteasome beta2 trypsinlike activity|trypsinlike,20s|constitutive|proteasome|beta2|trypsin|activity|trypsin-like|trypsinlike,,"{""parenthetical"": [], ""dropped"": [""like""], ""mutations"": [], ""mutation_classes"": []}",,[],9606,
20s constitutive proteasome beta5 chymotrypsin - like,CHEMBL4662,P28074,20s constitutive proteasome beta5 chymotrypsin|chymotrypsin-like|chymotrypsinlike,20s constitutive proteasome beta5 chymotrypsin like|20s constitutive proteasome beta5 chymotrypsin-like|chymotrypsin-like|20s constitutive proteasome beta5 chymotrypsinlike|chymotrypsinlike,20s|constitutive|proteasome|beta5|chymotrypsin|chymotrypsin-like|chymotrypsinlike,oxtr,"{""parenthetical"": [], ""dropped"": [""like""], ""mutations"": [], ""mutation_classes"": []}",,[],9606,
20s constitutive proteasome chymotrypsin - like activity,CHEMBL4662,P28074,20s constitutive proteasome chymotrypsin activity|chymotrypsin-like|chymotrypsinlike,20s constitutive proteasome chymotrypsin like activity|20s constitutive proteasome chymotrypsin-like activity|chymotrypsin-like|20s constitutive proteasome chymotrypsinlike activity|chymotrypsinlike,20s|constitutive|proteasome|chymotrypsin|activity|chymotrypsin-like|chymotrypsinlike,oxtr,"{""parenthetical"": [], ""dropped"": [""like""], ""mutations"": [], ""mutation_classes"": []}",,[],9606,
20s immunoproteasome beta 1 subunit caspase - like,CHEMBL1944495,P28065,20s immunoproteasome beta 1 caspase|caspase-like|caspaselike|20s immunoproteasome beta1 caspase|beta1|20s immunoproteasome beta-1 caspase|beta-1,20s immunoproteasome beta 1 subunit caspase like|20s immunoproteasome beta 1 subunit caspase-like|caspase-like|20s immunoproteasome beta 1 subunit caspaselike|caspaselike|20s immunoproteasome beta1 subunit caspase like|beta1|20s immunoproteasome beta-1 subunit caspase like|beta-1,20s|immunoproteasome|beta|1|caspase|caspase-like|caspaselike|beta1|beta-1,,"{""parenthetical"": [], ""dropped"": [""subunit"", ""like""], ""mutations"": [], ""mutation_classes"": []}",,[],9606,
20s immunoproteasome beta 2 subunit trypsin - like activity,CHEMBL3317334,P40306,20s immunoproteasome beta 2 trypsin activity|trypsin-like|trypsinlike|20s immunoproteasome beta2 trypsin activity|beta2|20s immunoproteasome beta-2 trypsin activity|beta-2,20s immunoproteasome beta 2 subunit trypsin like activity|20s immunoproteasome beta 2 subunit trypsin-like activity|trypsin-like|20s immunoproteasome beta 2 subunit trypsinlike activity|trypsinlike|20s immunoproteasome beta2 subunit trypsin like activity|beta2|20s immunoproteasome beta-2 subunit trypsin like activity|beta-2,20s|immunoproteasome|beta|2|trypsin|activity|trypsin-like|trypsinlike|beta2|beta-2,,"{""parenthetical"": [], ""dropped"": [""subunit"", ""like""], ""mutations"": [], ""mutation_classes"": []}",,[],9606,
20s immunoproteasome beta 5 subunit chymotrypsin - like,CHEMBL5620,P28062,20s immunoproteasome beta 5 chymotrypsin|chymotrypsin-like|chymotrypsinlike|20s immunoproteasome beta5 chymotrypsin|beta5|20s immunoproteasome beta-5 chymotrypsin|beta-5,20s immunoproteasome beta 5 subunit chymotrypsin like|20s immunoproteasome beta 5 subunit chymotrypsin-like|chymotrypsin-like|20s immunoproteasome beta 5 subunit chymotrypsinlike|chymotrypsinlike|20s immunoproteasome beta5 subunit chymotrypsin like|beta5|20s immunoproteasome beta-5 subunit chymotrypsin like|beta-5,20s|immunoproteasome|beta|5|chymotrypsin|chymotrypsin-like|chymotrypsinlike|beta5|beta-5,oxtr,"{""parenthetical"": [], ""dropped"": [""subunit"", ""like""], ""mutations"": [], ""mutation_classes"": []}",,[],9606,
20s immunoproteasome beta1 caspase - like,CHEMBL1944495,P28065,20s immunoproteasome beta1 caspase|caspase-like|caspaselike,20s immunoproteasome beta1 caspase like|20s immunoproteasome beta1 caspase-like|caspase-like|20s immunoproteasome beta1 caspaselike|caspaselike,20s|immunoproteasome|beta1|caspase|caspase-like|caspaselike,,"{""parenthetical"": [], ""dropped"": [""like""], ""mutations"": [], ""mutation_classes"": []}",,[],9606,
20s immunoproteasome beta5 chymotrypsin - like,CHEMBL5620,P28062,20s immunoproteasome beta5 chymotrypsin|chymotrypsin-like|chymotrypsinlike,20s immunoproteasome beta5 chymotrypsin like|20s immunoproteasome beta5 chymotrypsin-like|chymotrypsin-like|20s immunoproteasome beta5 chymotrypsinlike|chymotrypsinlike,20s|immunoproteasome|beta5|chymotrypsin|chymotrypsin-like|chymotrypsinlike,oxtr,"{""parenthetical"": [], ""dropped"": [""like""], ""mutations"": [], ""mutation_classes"": []}",,[],9606,
20s immunoproteasome chymotrypsin - like,CHEMBL4662,P28074,20s immunoproteasome chymotrypsin|chymotrypsin-like|chymotrypsinlike,20s immunoproteasome chymotrypsin like|20s immunoproteasome chymotrypsin-like|chymotrypsin-like|20s immunoproteasome chymotrypsinlike|chymotrypsinlike,20s|immunoproteasome|chymotrypsin|chymotrypsin-like|chymotrypsinlike,oxtr,"{""parenthetical"": [], ""dropped"": [""like""], ""mutations"": [], ""mutation_classes"": []}",,[],9606,
20s proteasome,CHEMBL4208,P20618,20s proteasome,20s proteasome,20s|proteasome,,"{""parenthetical"": [], ""dropped"": [], ""mutations"": [], ""mutation_classes"": []}",,[],9606,
20s proteasome,CHEMBL4662,P28074,20s proteasome,20s proteasome,20s|proteasome,,"{""parenthetical"": [], ""dropped"": [], ""mutations"": [], ""mutation_classes"": []}",,[],9606,
20s proteasome,CHEMBL3492,P49721,20s proteasome,20s proteasome,20s|proteasome,,"{""parenthetical"": [], ""dropped"": [], ""mutations"": [], ""mutation_classes"": []}",,[],9606,
20s proteasome - glutamyl,CHEMBL4208,P20618,20s proteasome glutamyl|20s proteasome-glutamyl|proteasome-glutamyl|20s proteasomeglutamyl|proteasomeglutamyl,20s proteasome glutamyl|20s proteasome-glutamyl|proteasome-glutamyl|20s proteasomeglutamyl|proteasomeglutamyl,20s|proteasome|glutamyl|proteasome-glutamyl|proteasomeglutamyl,,"{""parenthetical"": [], ""dropped"": [], ""mutations"": [], ""mutation_classes"": []}",,[],9606,
20s proteasome beta 1c,CHEMBL4208,P20618,20s proteasome beta 1c,20s proteasome beta 1c,20s|proteasome|beta|1c,,"{""parenthetical"": [], ""dropped"": [], ""mutations"": [], ""mutation_classes"": []}",,[],9606,
20s proteasome beta 1i,CHEMBL1944495,P28065,20s proteasome beta 1i,20s proteasome beta 1i,20s|proteasome|beta|1i,,"{""parenthetical"": [], ""dropped"": [], ""mutations"": [], ""mutation_classes"": []}",,[],9606,
20s proteasome beta 2c,CHEMBL3492,P49721,20s proteasome beta 2c,20s proteasome beta 2c,20s|proteasome|beta|2c,,"{""parenthetical"": [], ""dropped"": [], ""mutations"": [], ""mutation_classes"": []}",,[],9606,
20s proteasome beta 2i,CHEMBL3317334,P40306,20s proteasome beta 2i,20s proteasome beta 2i,20s|proteasome|beta|2i,,"{""parenthetical"": [], ""dropped"": [], ""mutations"": [], ""mutation_classes"": []}",,[],9606,
20s proteasome beta 5c,CHEMBL4662,P28074,20s proteasome beta 5c,20s proteasome beta 5c,20s|proteasome|beta|5c,,"{""parenthetical"": [], ""dropped"": [], ""mutations"": [], ""mutation_classes"": []}",,[],9606,
20s proteasome beta 5i,CHEMBL5620,P28062,20s proteasome beta 5i,20s proteasome beta 5i,20s|proteasome|beta|5i,,"{""parenthetical"": [], ""dropped"": [], ""mutations"": [], ""mutation_classes"": []}",,[],9606,
20s proteasome chymotrypsin - like activity,CHEMBL4662,P28074,20s proteasome chymotrypsin activity|chymotrypsin-like|chymotrypsinlike,20s proteasome chymotrypsin like activity|20s proteasome chymotrypsin-like activity|chymotrypsin-like|20s proteasome chymotrypsinlike activity|chymotrypsinlike,20s|proteasome|chymotrypsin|activity|chymotrypsin-like|chymotrypsinlike,oxtr,"{""parenthetical"": [], ""dropped"": [""like""], ""mutations"": [], ""mutation_classes"": []}",,[],9606,
20s proteasome chymotrypsin like,CHEMBL4662,P28074,20s proteasome chymotrypsin,20s proteasome chymotrypsin like,20s|proteasome|chymotrypsin,oxtr,"{""parenthetical"": [], ""dropped"": [""like""], ""mutations"": [], ""mutation_classes"": []}",,[],9606,
20s proteasome chymotryptic - like,CHEMBL4662,P28074,20s proteasome chymotryptic|chymotryptic-like|chymotrypticlike,20s proteasome chymotryptic like|20s proteasome chymotryptic-like|chymotryptic-like|20s proteasome chymotrypticlike|chymotrypticlike,20s|proteasome|chymotryptic|chymotryptic-like|chymotrypticlike,oxtr,"{""parenthetical"": [], ""dropped"": [""like""], ""mutations"": [], ""mutation_classes"": []}",,[],9606,
20s proteasome subunit beta1,CHEMBL4208,P20618,20s proteasome beta1,20s proteasome subunit beta1,20s|proteasome|beta1,,"{""parenthetical"": [], ""dropped"": [""subunit""], ""mutations"": [], ""mutation_classes"": []}",,[],9606,
20s proteasome subunit beta2,CHEMBL3492,P49721,20s proteasome beta2,20s proteasome subunit beta2,20s|proteasome|beta2,,"{""parenthetical"": [], ""dropped"": [""subunit""], ""mutations"": [], ""mutation_classes"": []}",,[],9606,
20s proteasome subunit beta2 caspase - like,CHEMBL3492,P49721,20s proteasome beta2 caspase|caspase-like|caspaselike,20s proteasome subunit beta2 caspase like|20s proteasome subunit beta2 caspase-like|caspase-like|20s proteasome subunit beta2 caspaselike|caspaselike,20s|proteasome|beta2|caspase|caspase-like|caspaselike,,"{""parenthetical"": [], ""dropped"": [""subunit"", ""like""], ""mutations"": [], ""mutation_classes"": []}",,[],9606,
20s proteasome subunit beta5,CHEMBL4662,P28074,20s proteasome beta5,20s proteasome subunit beta5,20s|proteasome|beta5,,"{""parenthetical"": [], ""dropped"": [""subunit""], ""mutations"": [], ""mutation_classes"": []}",,[],9606,
20s proteasome subunit beta5i -,CHEMBL5620,P28062,20s proteasome beta5i,20s proteasome subunit beta5i,20s|proteasome|beta5i,,"{""parenthetical"": [], ""dropped"": [""subunit""], ""mutations"": [], ""mutation_classes"": []}",,[],9606,
24 - hydroxylase,CHEMBL3748,Q09128,24 hydroxylase|24-hydroxylase|24hydroxylase,24 hydroxylase|24-hydroxylase|24hydroxylase,24|hydroxylase|24-hydroxylase|24hydroxylase,,"{""parenthetical"": [], ""dropped"": [], ""mutations"": [], ""mutation_classes"": []}",,[],9606,
25 degree c phosphatase,CHEMBL2378,P30307,25 degree c phosphatase,25 degree c phosphatase,25|degree|c|phosphatase,,"{""parenthetical"": [], ""dropped"": [], ""mutations"": [], ""mutation_classes"": []}",,[],9606,
2py1 c ( plc ),CHEMBL5720,P49652,2py1 c plc|plc,2py1 c plc|plc,2py1|c|plc,,"{""parenthetical"": [""plc""], ""dropped"": [], ""mutations"": [], ""mutation_classes"": []}",,[],9606,
3 - hydroxy - 3 - methylglutaryl - coa reductase,CHEMBL402,P04035,3 hydroxy 3 methylglutaryl coa reductase|3-hydroxy-3-methylglutaryl-coa reductase|3-hydroxy-3-methylglutaryl-coa|3hydroxy3methylglutarylcoa reductase|3hydroxy3methylglutarylcoa|3 hydroxy3 methylglutaryl coa reductase|hydroxy3|3 hydroxy-3 methylglutaryl coa reductase|hydroxy-3,3 hydroxy methylglutaryl coa reductase|3-hydroxy-3-methylglutaryl-coa|3hydroxy3methylglutarylcoa|hydroxy3|hydroxy-3,3|hydroxy|methylglutaryl|coa|reductase|3-hydroxy-3-methylglutaryl-coa|3hydroxy3methylglutarylcoa|hydroxy3|hydroxy-3,,"{""parenthetical"": [], ""dropped"": [], ""mutations"": [], ""mutation_classes"": []}",,[],9606,
4 - hydroxyphenylpyruvate dioxygenase,CHEMBL2242740,P93836,4 hydroxyphenylpyruvate dioxygenase|4-hydroxyphenylpyruvate dioxygenase|4-hydroxyphenylpyruvate|4hydroxyphenylpyruvate dioxygenase|4hydroxyphenylpyruvate,4 hydroxyphenylpyruvate dioxygenase|4-hydroxyphenylpyruvate dioxygenase|4-hydroxyphenylpyruvate|4hydroxyphenylpyruvate dioxygenase|4hydroxyphenylpyruvate,4|hydroxyphenylpyruvate|dioxygenase|4-hydroxyphenylpyruvate|4hydroxyphenylpyruvate,,"{""parenthetical"": [], ""dropped"": [], ""mutations"": [], ""mutation_classes"": []}",,[],9606,
5 - alpha - reductase type 2,CHEMBL5099,P31214,5 alpha reductase type 2|5-alpha-reductase type 2|5-alpha-reductase|5alphareductase type 2|5alphareductase|5 alpha reductase type2|type2|5 alpha reductase type-2|type-2,5 alpha reductase type 2|5-alpha-reductase type 2|5-alpha-reductase|5alphareductase type 2|5alphareductase|5 alpha reductase type2|type2|5 alpha reductase type-2|type-2,5|alpha|reductase|type|2|5-alpha-reductase|5alphareductase|type2|type-2,,"{""parenthetical"": [], ""dropped"": [], ""mutations"": [], ""mutation_classes"": []}",,[],9606,
5 - alpha reductase - 2,CHEMBL1856,P31213,5 alpha reductase 2|5-alpha reductase 2|5-alpha|5alpha reductase 2|5alpha|5 alpha reductase-2|reductase-2|5 alpha reductase2|reductase2,5 alpha reductase 2|5-alpha reductase 2|5-alpha|5alpha reductase 2|5alpha|5 alpha reductase-2|reductase-2|5 alpha reductase2|reductase2,5|alpha|reductase|2|5-alpha|5alpha|reductase-2|reductase2,,"{""parenthetical"": [], ""dropped"": [], ""mutations"": [], ""mutation_classes"": []}",,[],9606,
5 - alpha reductase 2 isozyme,CHEMBL1856,P31213,5 alpha reductase 2 isozyme|5-alpha reductase 2 isozyme|5-alpha|5alpha reductase 2 isozyme|5alpha|5 alpha reductase2 isozyme|reductase2|5 alpha reductase-2 isozyme|reductase-2,5 alpha reductase 2 isozyme|5-alpha reductase 2 isozyme|5-alpha|5alpha reductase 2 isozyme|5alpha|5 alpha reductase2 isozyme|reductase2|5 alpha reductase-2 isozyme|reductase-2,5|alpha|reductase|2|isozyme|5-alpha|5alpha|reductase2|reductase-2,,"{""parenthetical"": [], ""dropped"": [], ""mutations"": [], ""mutation_classes"": []}",,[],9606,
5 - ht,CHEMBL313,P31652,5 ht|5-ht|5ht,5 ht|5-ht|5ht,5|ht|5-ht|5ht,,"{""parenthetical"": [], ""dropped"": [], ""mutations"": [], ""mutation_classes"": []}",,[],9606,
5 - ht 1a,CHEMBL214,P08908,5 ht 1a|5-ht 1a|5-ht|5ht 1a|5ht,5 ht 1a|5-ht 1a|5-ht|5ht 1a|5ht,5|ht|1a|5-ht|5ht,,"{""parenthetical"": [], ""dropped"": [], ""mutations"": [], ""mutation_classes"": []}",,[],9606,
5 - ht 1b,CHEMBL1898,P28222,5 ht 1b|5-ht 1b|5-ht|5ht 1b|5ht,5 ht 1b|5-ht 1b|5-ht|5ht 1b|5ht,5|ht|1b|5-ht|5ht,,"{""parenthetical"": [], ""dropped"": [], ""mutations"": [], ""mutation_classes"": []}",,[],9606,
5 - ht 1b receptor,CHEMBL1898,P28222,5 ht 1b|5-ht 1b|5-ht|5ht 1b|5ht,5 ht 1b receptor|5-ht 1b receptor|5-ht|5ht 1b receptor|5ht,5|ht|1b|5-ht|5ht,htr1b,"{""parenthetical"": [], ""dropped"": [""receptor""], ""mutations"": [], ""mutation_classes"": []}",,[],9606,
5 - ht 1d,CHEMBL1983,P28221,5 ht 1d|5-ht 1d|5-ht|5ht 1d|5ht,5 ht 1d|5-ht 1d|5-ht|5ht 1d|5ht,5|ht|1d|5-ht|5ht,,"{""parenthetical"": [], ""dropped"": [], ""mutations"": [], ""mutation_classes"": []}",,[],9606,
5 - ht 1d receptor,CHEMBL1983,P28221,5 ht 1d|5-ht 1d|5-ht|5ht 1d|5ht,5 ht 1d receptor|5-ht 1d receptor|5-ht|5ht 1d receptor|5ht,5|ht|1d|5-ht|5ht,htr1d,"{""parenthetical"": [], ""dropped"": [""receptor""], ""mutations"": [], ""mutation_classes"": []}",,[],9606,
5 - ht 1e,CHEMBL2182,P28566,5 ht 1e|5-ht 1e|5-ht|5ht 1e|5ht,5 ht 1e|5-ht 1e|5-ht|5ht 1e|5ht,5|ht|1e|5-ht|5ht,,"{""parenthetical"": [], ""dropped"": [], ""mutations"": [], ""mutation_classes"": []}",,[],9606,
5 - ht 2a,CHEMBL224,P28223,5 ht 2a|5-ht 2a|5-ht|5ht 2a|5ht,5 ht 2a|5-ht 2a|5-ht|5ht 2a|5ht,5|ht|2a|5-ht|5ht,,"{""parenthetical"": [], ""dropped"": [], ""mutations"": [], ""mutation_classes"": []}",,[],9606,
5 - ht 2b,CHEMBL1833,P41595,5 ht 2b|5-ht 2b|5-ht|5ht 2b|5ht,5 ht 2b|5-ht 2b|5-ht|5ht 2b|5ht,5|ht|2b|5-ht|5ht,,"{""parenthetical"": [], ""dropped"": [], ""mutations"": [], ""mutation_classes"": []}",,[],9606,
5 - ht 2c,CHEMBL225,P28335,5 ht 2c|5-ht 2c|5-ht|5ht 2c|5ht,5 ht 2c|5-ht 2c|5-ht|5ht 2c|5ht,5|ht|2c|5-ht|5ht,,"{""parenthetical"": [], ""dropped"": [], ""mutations"": [], ""mutation_classes"": []}",,[],9606,
5 - ht 6,CHEMBL3371,P50406,5 ht 6|5-ht 6|5-ht|5ht 6|5ht|5 ht6|ht6|5 ht-6|ht-6,5 ht 6|5-ht 6|5-ht|5ht 6|5ht|5 ht6|ht6|5 ht-6|ht-6,5|ht|6|5-ht|5ht|ht6|ht-6,,"{""parenthetical"": [], ""dropped"": [], ""mutations"": [], ""mutation_classes"": []}",,[],9606,
5 - ht 7,CHEMBL3155,P34969,5 ht 7|5-ht 7|5-ht|5ht 7|5ht|5 ht7|ht7|5 ht-7|ht-7,5 ht 7|5-ht 7|5-ht|5ht 7|5ht|5 ht7|ht7|5 ht-7|ht-7,5|ht|7|5-ht|5ht|ht7|ht-7,,"{""parenthetical"": [], ""dropped"": [], ""mutations"": [], ""mutation_classes"": []}",,[],9606,
5 - ht transporter,CHEMBL228,P31645,5 ht transporter|5-ht transporter|5-ht|5ht transporter|5ht,5 ht transporter|5-ht transporter|5-ht|5ht transporter|5ht,5|ht|transporter|5-ht|5ht,,"{""parenthetical"": [], ""dropped"": [], ""mutations"": [], ""mutation_classes"": []}",,[],9606,
5 - ht1,CHEMBL214,P08908,5 ht1|5-ht1|5ht1,5 ht1|5-ht1|5ht1,5|ht1|5-ht1|5ht1,htr1,"{""parenthetical"": [], ""dropped"": [], ""mutations"": [], ""mutation_classes"": []}",,[],9606,
5 - ht1a,CHEMBL214,P08908,5 ht1a|5-ht1a|5ht1a,5 ht1a|5-ht1a|5ht1a,5|ht1a|5-ht1a|5ht1a,htr1a,"{""parenthetical"": [], ""dropped"": [], ""mutations"": [], ""mutation_classes"": []}",,[],9606,
5 - ht1a receptor,CHEMBL214,P08908,5 ht1a|5-ht1a|5ht1a,5 ht1a receptor|5-ht1a receptor|5-ht1a|5ht1a receptor|5ht1a,5|ht1a|5-ht1a|5ht1a,htr1a,"{""parenthetical"": [], ""dropped"": [""receptor""], ""mutations"": [], ""mutation_classes"": []}",,[],9606,
5 - ht1a receptor,CHEMBL273,P19327,5 ht1a|5-ht1a|5ht1a,5 ht1a receptor|5-ht1a receptor|5-ht1a|5ht1a receptor|5ht1a,5|ht1a|5-ht1a|5ht1a,htr1a,"{""parenthetical"": [], ""dropped"": [""receptor""], ""mutations"": [], ""mutation_classes"": []}",,[],9606,
5 - ht1a receptor / g protein complex,CHEMBL214,P08908,5 ht1a g complex|5-ht1a g complex|5-ht1a|5ht1a g complex|5ht1a,5 ht1a receptor g protein complex|5-ht1a receptor g protein complex|5-ht1a|5ht1a receptor g protein complex|5ht1a,5|ht1a|g|complex|5-ht1a|5ht1a,htr1a,"{""parenthetical"": [], ""dropped"": [""receptor"", ""protein""], ""mutations"": [], ""mutation_classes"": []}",,[],9606,
5 - ht1b receptor,CHEMBL1898,P28222,5 ht1b|5-ht1b|5ht1b,5 ht1b receptor|5-ht1b receptor|5-ht1b|5ht1b receptor|5ht1b,5|ht1b|5-ht1b|5ht1b,htr1b,"{""parenthetical"": [], ""dropped"": [""receptor""], ""mutations"": [], ""mutation_classes"": []}",,[],9606,
5 - ht2a receptor,CHEMBL224,P28223,5 ht2a|5-ht2a|5ht2a,5 ht2a receptor|5-ht2a receptor|5-ht2a|5ht2a receptor|5ht2a,5|ht2a|5-ht2a|5ht2a,htr2a,"{""parenthetical"": [], ""dropped"": [""receptor""], ""mutations"": [], ""mutation_classes"": []}",,[],9606,
5 - ht2a serotonin receptor,CHEMBL322,P14842,5 ht2a serotonin|5-ht2a serotonin|5-ht2a|5ht2a serotonin|5ht2a,5 ht2a serotonin receptor|5-ht2a serotonin receptor|5-ht2a|5ht2a serotonin receptor|5ht2a,5|ht2a|serotonin|5-ht2a|5ht2a,htr2a,"{""parenthetical"": [], ""dropped"": [""receptor""], ""mutations"": [], ""mutation_classes"": []}",,[],9606,
5 - ht2ar,CHEMBL224,P28223,5 ht2ar|5-ht2ar|5ht2ar,5 ht2ar|5-ht2ar|5ht2ar,5|ht2ar|5-ht2ar|5ht2ar,htr2a,"{""parenthetical"": [], ""dropped"": [], ""mutations"": [], ""mutation_classes"": []}",,[],9606,
5 - ht2b receptor,CHEMBL1833,P41595,5 ht2b|5-ht2b|5ht2b,5 ht2b receptor|5-ht2b receptor|5-ht2b|5ht2b receptor|5ht2b,5|ht2b|5-ht2b|5ht2b,htr2b,"{""parenthetical"": [], ""dropped"": [""receptor""], ""mutations"": [], ""mutation_classes"": []}",,[],9606,
5 - ht2br,CHEMBL1833,P41595,5 ht2br|5-ht2br|5ht2br,5 ht2br|5-ht2br|5ht2br,5|ht2br|5-ht2br|5ht2br,htr2b,"{""parenthetical"": [], ""dropped"": [], ""mutations"": [], ""mutation_classes"": []}",,[],9606,
5 - ht2c receptor,CHEMBL225,P28335,5 ht2c|5-ht2c|5ht2c,5 ht2c receptor|5-ht2c receptor|5-ht2c|5ht2c receptor|5ht2c,5|ht2c|5-ht2c|5ht2c,htr2c,"{""parenthetical"": [], ""dropped"": [""receptor""], ""mutations"": [], ""mutation_classes"": []}",,[],9606,
5 - ht2cr,CHEMBL225,P28335,5 ht2cr|5-ht2cr|5ht2cr,5 ht2cr|5-ht2cr|5ht2cr,5|ht2cr|5-ht2cr|5ht2cr,htr2c,"{""parenthetical"": [], ""dropped"": [], ""mutations"": [], ""mutation_classes"": []}",,[],9606,
5 - ht3 receptor,CHEMBL1899,P46098,5 ht3|5-ht3|5ht3,5 ht3 receptor|5-ht3 receptor|5-ht3|5ht3 receptor|5ht3,5|ht3|5-ht3|5ht3,htr3,"{""parenthetical"": [], ""dropped"": [""receptor""], ""mutations"": [], ""mutation_classes"": []}",,[],9606,
5 - ht3a receptor d165k mutant,CHEMBL1899,P46098,5 ht3a d165k|5-ht3a d165k|5-ht3a|5ht3a d165k|5ht3a,5 ht3a receptor d165k|5-ht3a receptor d165k|5-ht3a|5ht3a receptor d165k|5ht3a,5|ht3a|d165k|5-ht3a|5ht3a,htr3a,"{""parenthetical"": [], ""dropped"": [""receptor""], ""mutations"": [""mutant""], ""mutation_classes"": [""NONE""]}",NONE,[],9606,
5 - ht3a receptor f130a mutant,CHEMBL1899,P46098,5 ht3a f130a|5-ht3a f130a|5-ht3a|5ht3a f130a|5ht3a,5 ht3a receptor f130a|5-ht3a receptor f130a|5-ht3a|5ht3a receptor f130a|5ht3a,5|ht3a|f130a|5-ht3a|5ht3a,htr3a,"{""parenthetical"": [], ""dropped"": [""receptor""], ""mutations"": [""mutant""], ""mutation_classes"": [""NONE""]}",NONE,[],9606,
5 - ht3a receptor s163a mutant,CHEMBL1899,P46098,5 ht3a s163a|5-ht3a s163a|5-ht3a|5ht3a s163a|5ht3a,5 ht3a receptor s163a|5-ht3a receptor s163a|5-ht3a|5ht3a receptor s163a|5ht3a,5|ht3a|s163a|5-ht3a|5ht3a,htr3a,"{""parenthetical"": [], ""dropped"": [""receptor""], ""mutations"": [""mutant""], ""mutation_classes"": [""NONE""]}",NONE,[],9606,
5 - ht3a receptor s163t mutant,CHEMBL1899,P46098,5 ht3a s163t|5-ht3a s163t|5-ht3a|5ht3a s163t|5ht3a,5 ht3a receptor s163t|5-ht3a receptor s163t|5-ht3a|5ht3a receptor s163t|5ht3a,5|ht3a|s163t|5-ht3a|5ht3a,htr3a,"{""parenthetical"": [], ""dropped"": [""receptor""], ""mutations"": [""mutant""], ""mutation_classes"": [""NONE""]}",NONE,[],9606,
5 - ht3a receptor y73a mutant,CHEMBL1899,P46098,5 ht3a y73a|5-ht3a y73a|5-ht3a|5ht3a y73a|5ht3a,5 ht3a receptor y73a|5-ht3a receptor y73a|5-ht3a|5ht3a receptor y73a|5ht3a,5|ht3a|y73a|5-ht3a|5ht3a,htr3a,"{""parenthetical"": [], ""dropped"": [""receptor""], ""mutations"": [""mutant""], ""mutation_classes"": [""NONE""]}",NONE,[],9606,
5 - ht3a receptor y73f mutant,CHEMBL1899,P46098,5 ht3a y73f|5-ht3a y73f|5-ht3a|5ht3a y73f|5ht3a,5 ht3a receptor y73f|5-ht3a receptor y73f|5-ht3a|5ht3a receptor y73f|5ht3a,5|ht3a|y73f|5-ht3a|5ht3a,htr3a,"{""parenthetical"": [], ""dropped"": [""receptor""], ""mutations"": [""mutant""], ""mutation_classes"": [""NONE""]}",NONE,[],9606,
5 - ht3a receptor y73s mutant,CHEMBL1899,P46098,5 ht3a y73s|5-ht3a y73s|5-ht3a|5ht3a y73s|5ht3a,5 ht3a receptor y73s|5-ht3a receptor y73s|5-ht3a|5ht3a receptor y73s|5ht3a,5|ht3a|y73s|5-ht3a|5ht3a,htr3a,"{""parenthetical"": [], ""dropped"": [""receptor""], ""mutations"": [""mutant""], ""mutation_classes"": [""NONE""]}",NONE,[],9606,
5 - ht4 receptor,CHEMBL1875,Q13639,5 ht4|5-ht4|5ht4,5 ht4 receptor|5-ht4 receptor|5-ht4|5ht4 receptor|5ht4,5|ht4|5-ht4|5ht4,htr4,"{""parenthetical"": [], ""dropped"": [""receptor""], ""mutations"": [], ""mutation_classes"": []}",,[],9606,
5 - ht4r,CHEMBL1875,Q13639,5 ht4r|5-ht4r|5ht4r,5 ht4r|5-ht4r|5ht4r,5|ht4r|5-ht4r|5ht4r,htr4r,"{""parenthetical"": [], ""dropped"": [], ""mutations"": [], ""mutation_classes"": []}",,[],9606,
5 - ht5a,CHEMBL3426,P47898,5 ht5a|5-ht5a|5ht5a,5 ht5a|5-ht5a|5ht5a,5|ht5a|5-ht5a|5ht5a,htr5a,"{""parenthetical"": [], ""dropped"": [], ""mutations"": [], ""mutation_classes"": []}",,[],9606,
5 - ht5a receptor,CHEMBL3426,P47898,5 ht5a|5-ht5a|5ht5a,5 ht5a receptor|5-ht5a receptor|5-ht5a|5ht5a receptor|5ht5a,5|ht5a|5-ht5a|5ht5a,htr5a,"{""parenthetical"": [], ""dropped"": [""receptor""], ""mutations"": [], ""mutation_classes"": []}",,[],9606,
5 - ht6 receptor,CHEMBL3371,P50406,5 ht6|5-ht6|5ht6,5 ht6 receptor|5-ht6 receptor|5-ht6|5ht6 receptor|5ht6,5|ht6|5-ht6|5ht6,htr6,"{""parenthetical"": [], ""dropped"": [""receptor""], ""mutations"": [], ""mutation_classes"": []}",,[],9606,
5 - ht7,CHEMBL3155,P34969,5 ht7|5-ht7|5ht7,5 ht7|5-ht7|5ht7,5|ht7|5-ht7|5ht7,htr7,"{""parenthetical"": [], ""dropped"": [], ""mutations"": [], ""mutation_classes"": []}",,[],9606,
5 - ht7 receptor,CHEMBL3223,P32305,5 ht7|5-ht7|5ht7,5 ht7 receptor|5-ht7 receptor|5-ht7|5ht7 receptor|5ht7,5|ht7|5-ht7|5ht7,htr7,"{""parenthetical"": [], ""dropped"": [""receptor""], ""mutations"": [], ""mutation_classes"": []}",,[],9606,
5 - ht7 receptor,CHEMBL3155,P34969,5 ht7|5-ht7|5ht7,5 ht7 receptor|5-ht7 receptor|5-ht7|5ht7 receptor|5ht7,5|ht7|5-ht7|5ht7,htr7,"{""parenthetical"": [], ""dropped"": [""receptor""], ""mutations"": [], ""mutation_classes"": []}",,[],9606,
5 - ht7r,CHEMBL3155,P34969,5 ht7r|5-ht7r|5ht7r,5 ht7r|5-ht7r|5ht7r,5|ht7r|5-ht7r|5ht7r,htr7r,"{""parenthetical"": [], ""dropped"": [], ""mutations"": [], ""mutation_classes"": []}",,[],9606,
5 - hydroxy tryptamine 6 receptor,CHEMBL3371,P50406,5 hydroxy tryptamine 6|5-hydroxy tryptamine 6|5-hydroxy|5hydroxy tryptamine 6|5hydroxy|5 hydroxy tryptamine6|tryptamine6|5 hydroxy tryptamine-6|tryptamine-6,5 hydroxy tryptamine 6 receptor|5-hydroxy tryptamine 6 receptor|5-hydroxy|5hydroxy tryptamine 6 receptor|5hydroxy|5 hydroxy tryptamine6 receptor|tryptamine6|5 hydroxy tryptamine-6 receptor|tryptamine-6,5|hydroxy|tryptamine|6|5-hydroxy|5hydroxy|tryptamine6|tryptamine-6,htr6,"{""parenthetical"": [], ""dropped"": [""receptor""], ""mutations"": [], ""mutation_classes"": []}",,[],9606,
5 - hydroxy tryptamine 7 receptor,CHEMBL3155,P34969,5 hydroxy tryptamine 7|5-hydroxy tryptamine 7|5-hydroxy|5hydroxy tryptamine 7|5hydroxy|5 hydroxy tryptamine7|tryptamine7|5 hydroxy tryptamine-7|tryptamine-7,5 hydroxy tryptamine 7 receptor|5-hydroxy tryptamine 7 receptor|5-hydroxy|5hydroxy tryptamine 7 receptor|5hydroxy|5 hydroxy tryptamine7 receptor|tryptamine7|5 hydroxy tryptamine-7 receptor|tryptamine-7,5|hydroxy|tryptamine|7|5-hydroxy|5hydroxy|tryptamine7|tryptamine-7,htr7,"{""parenthetical"": [], ""dropped"": [""receptor""], ""mutations"": [], ""mutation_classes"": []}",,[],9606,
5 - hydroxytryptamine 1a receptor,CHEMBL214,P08908,5 hydroxytryptamine 1a|5-hydroxytryptamine 1a|5-hydroxytryptamine|5hydroxytryptamine 1a|5hydroxytryptamine,5 hydroxytryptamine 1a receptor|5-hydroxytryptamine 1a receptor|5-hydroxytryptamine|5hydroxytryptamine 1a receptor|5hydroxytryptamine,5|hydroxytryptamine|1a|5-hydroxytryptamine|5hydroxytryptamine,htr1a,"{""parenthetical"": [], ""dropped"": [""receptor""], ""mutations"": [], ""mutation_classes"": []}",,[],9606,
5 - hydroxytryptamine 1a receptor,CHEMBL273,P19327,5 hydroxytryptamine 1a|5-hydroxytryptamine 1a|5-hydroxytryptamine|5hydroxytryptamine 1a|5hydroxytryptamine,5 hydroxytryptamine 1a receptor|5-hydroxytryptamine 1a receptor|5-hydroxytryptamine|5hydroxytryptamine 1a receptor|5hydroxytryptamine,5|hydroxytryptamine|1a|5-hydroxytryptamine|5hydroxytryptamine,htr1a,"{""parenthetical"": [], ""dropped"": [""receptor""], ""mutations"": [], ""mutation_classes"": []}",,[],9606,
5 - hydroxytryptamine 1b receptor,CHEMBL1898,P28222,5 hydroxytryptamine 1b|5-hydroxytryptamine 1b|5-hydroxytryptamine|5hydroxytryptamine 1b|5hydroxytryptamine,5 hydroxytryptamine 1b receptor|5-hydroxytryptamine 1b receptor|5-hydroxytryptamine|5hydroxytryptamine 1b receptor|5hydroxytryptamine,5|hydroxytryptamine|1b|5-hydroxytryptamine|5hydroxytryptamine,,"{""parenthetical"": [], ""dropped"": [""receptor""], ""mutations"": [], ""mutation_classes"": []}",,[],9606,
5 - hydroxytryptamine 1d receptor,CHEMBL1983,P28221,5 hydroxytryptamine 1d|5-hydroxytryptamine 1d|5-hydroxytryptamine|5hydroxytryptamine 1d|5hydroxytryptamine,5 hydroxytryptamine 1d receptor|5-hydroxytryptamine 1d receptor|5-hydroxytryptamine|5hydroxytryptamine 1d receptor|5hydroxytryptamine,5|hydroxytryptamine|1d|5-hydroxytryptamine|5hydroxytryptamine,,"{""parenthetical"": [], ""dropped"": [""receptor""], ""mutations"": [], ""mutation_classes"": []}",,[],9606,
5 - hydroxytryptamine 1d receptor alpha,CHEMBL1983,P28221,5 hydroxytryptamine 1d alpha|5-hydroxytryptamine 1d alpha|5-hydroxytryptamine|5hydroxytryptamine 1d alpha|5hydroxytryptamine,5 hydroxytryptamine 1d receptor alpha|5-hydroxytryptamine 1d receptor alpha|5-hydroxytryptamine|5hydroxytryptamine 1d receptor alpha|5hydroxytryptamine,5|hydroxytryptamine|1d|alpha|5-hydroxytryptamine|5hydroxytryptamine,,"{""parenthetical"": [], ""dropped"": [""receptor""], ""mutations"": [], ""mutation_classes"": []}",,[],9606,
5 - hydroxytryptamine 1f receptor,CHEMBL1805,P30939,5 hydroxytryptamine 1f|5-hydroxytryptamine 1f|5-hydroxytryptamine|5hydroxytryptamine 1f|5hydroxytryptamine,5 hydroxytryptamine 1f receptor|5-hydroxytryptamine 1f receptor|5-hydroxytryptamine|5hydroxytryptamine 1f receptor|5hydroxytryptamine,5|hydroxytryptamine|1f|5-hydroxytryptamine|5hydroxytryptamine,,"{""parenthetical"": [], ""dropped"": [""receptor""], ""mutations"": [], ""mutation_classes"": []}",,[],9606,
5 - hydroxytryptamine 2a receptor,CHEMBL322,P14842,5 hydroxytryptamine 2a|5-hydroxytryptamine 2a|5-hydroxytryptamine|5hydroxytryptamine 2a|5hydroxytryptamine,5 hydroxytryptamine 2a receptor|5-hydroxytryptamine 2a receptor|5-hydroxytryptamine|5hydroxytryptamine 2a receptor|5hydroxytryptamine,5|hydroxytryptamine|2a|5-hydroxytryptamine|5hydroxytryptamine,,"{""parenthetical"": [], ""dropped"": [""receptor""], ""mutations"": [], ""mutation_classes"": []}",,[],9606,
5 - hydroxytryptamine 2a receptor,CHEMBL224,P28223,5 hydroxytryptamine 2a|5-hydroxytryptamine 2a|5-hydroxytryptamine|5hydroxytryptamine 2a|5hydroxytryptamine,5 hydroxytryptamine 2a receptor|5-hydroxytryptamine 2a receptor|5-hydroxytryptamine|5hydroxytryptamine 2a receptor|5hydroxytryptamine,5|hydroxytryptamine|2a|5-hydroxytryptamine|5hydroxytryptamine,,"{""parenthetical"": [], ""dropped"": [""receptor""], ""mutations"": [], ""mutation_classes"": []}",,[],9606,
5 - hydroxytryptamine 2b receptor,CHEMBL1833,P41595,5 hydroxytryptamine 2b|5-hydroxytryptamine 2b|5-hydroxytryptamine|5hydroxytryptamine 2b|5hydroxytryptamine,5 hydroxytryptamine 2b receptor|5-hydroxytryptamine 2b receptor|5-hydroxytryptamine|5hydroxytryptamine 2b receptor|5hydroxytryptamine,5|hydroxytryptamine|2b|5-hydroxytryptamine|5hydroxytryptamine,,"{""parenthetical"": [], ""dropped"": [""receptor""], ""mutations"": [], ""mutation_classes"": []}",,[],9606,
5 - hydroxytryptamine 2c receptor,CHEMBL225,P28335,5 hydroxytryptamine 2c|5-hydroxytryptamine 2c|5-hydroxytryptamine|5hydroxytryptamine 2c|5hydroxytryptamine,5 hydroxytryptamine 2c receptor|5-hydroxytryptamine 2c receptor|5-hydroxytryptamine|5hydroxytryptamine 2c receptor|5hydroxytryptamine,5|hydroxytryptamine|2c|5-hydroxytryptamine|5hydroxytryptamine,,"{""parenthetical"": [], ""dropped"": [""receptor""], ""mutations"": [], ""mutation_classes"": []}",,[],9606,
5 - hydroxytryptamine 4 receptor,CHEMBL5017,O70528,5 hydroxytryptamine 4|5-hydroxytryptamine 4|5-hydroxytryptamine|5hydroxytryptamine 4|5hydroxytryptamine|5 hydroxytryptamine4|hydroxytryptamine4|5 hydroxytryptamine-4|hydroxytryptamine-4,5 hydroxytryptamine 4 receptor|5-hydroxytryptamine 4 receptor|5-hydroxytryptamine|5hydroxytryptamine 4 receptor|5hydroxytryptamine|5 hydroxytryptamine4 receptor|hydroxytryptamine4|5 hydroxytryptamine-4 receptor|hydroxytryptamine-4,5|hydroxytryptamine|4|5-hydroxytryptamine|5hydroxytryptamine|hydroxytryptamine4|hydroxytryptamine-4,,"{""parenthetical"": [], ""dropped"": [""receptor""], ""mutations"": [], ""mutation_classes"": []}",,[],9606,
5 - hydroxytryptamine 5a receptor,CHEMBL3426,P47898,5 hydroxytryptamine 5a|5-hydroxytryptamine 5a|5-hydroxytryptamine|5hydroxytryptamine 5a|5hydroxytryptamine,5 hydroxytryptamine 5a receptor|5-hydroxytryptamine 5a receptor|5-hydroxytryptamine|5hydroxytryptamine 5a receptor|5hydroxytryptamine,5|hydroxytryptamine|5a|5-hydroxytryptamine|5hydroxytryptamine,,"{""parenthetical"": [], ""dropped"": [""receptor""], ""mutations"": [], ""mutation_classes"": []}",,[],9606,
5 - hydroxytryptamine 6 receptor,CHEMBL3371,P50406,5 hydroxytryptamine 6|5-hydroxytryptamine 6|5-hydroxytryptamine|5hydroxytryptamine 6|5hydroxytryptamine|5 hydroxytryptamine6|hydroxytryptamine6|5 hydroxytryptamine-6|hydroxytryptamine-6,5 hydroxytryptamine 6 receptor|5-hydroxytryptamine 6 receptor|5-hydroxytryptamine|5hydroxytryptamine 6 receptor|5hydroxytryptamine|5 hydroxytryptamine6 receptor|hydroxytryptamine6|5 hydroxytryptamine-6 receptor|hydroxytryptamine-6,5|hydroxytryptamine|6|5-hydroxytryptamine|5hydroxytryptamine|hydroxytryptamine6|hydroxytryptamine-6,,"{""parenthetical"": [], ""dropped"": [""receptor""], ""mutations"": [], ""mutation_classes"": []}",,[],9606,
5 - hydroxytryptamine 7 receptor,CHEMBL3155,P34969,5 hydroxytryptamine 7|5-hydroxytryptamine 7|5-hydroxytryptamine|5hydroxytryptamine 7|5hydroxytryptamine|5 hydroxytryptamine7|hydroxytryptamine7|5 hydroxytryptamine-7|hydroxytryptamine-7,5 hydroxytryptamine 7 receptor|5-hydroxytryptamine 7 receptor|5-hydroxytryptamine|5hydroxytryptamine 7 receptor|5hydroxytryptamine|5 hydroxytryptamine7 receptor|hydroxytryptamine7|5 hydroxytryptamine-7 receptor|hydroxytryptamine-7,5|hydroxytryptamine|7|5-hydroxytryptamine|5hydroxytryptamine|hydroxytryptamine7|hydroxytryptamine-7,,"{""parenthetical"": [], ""dropped"": [""receptor""], ""mutations"": [], ""mutation_classes"": []}",,[],9606,
5 - hydroxytryptamine receptor 1a,CHEMBL214,P08908,5 hydroxytryptamine 1a|5-hydroxytryptamine 1a|5-hydroxytryptamine|5hydroxytryptamine 1a|5hydroxytryptamine,5 hydroxytryptamine receptor 1a|5-hydroxytryptamine receptor 1a|5-hydroxytryptamine|5hydroxytryptamine receptor 1a|5hydroxytryptamine,5|hydroxytryptamine|1a|5-hydroxytryptamine|5hydroxytryptamine,,"{""parenthetical"": [], ""dropped"": [""receptor""], ""mutations"": [], ""mutation_classes"": []}",,[],9606,
5 - hydroxytryptamine transporter,CHEMBL228,P31645,5 hydroxytryptamine transporter|5-hydroxytryptamine transporter|5-hydroxytryptamine|5hydroxytryptamine transporter|5hydroxytryptamine,5 hydroxytryptamine transporter|5-hydroxytryptamine transporter|5-hydroxytryptamine|5hydroxytryptamine transporter|5hydroxytryptamine,5|hydroxytryptamine|transporter|5-hydroxytryptamine|5hydroxytryptamine,,"{""parenthetical"": [], ""dropped"": [], ""mutations"": [], ""mutation_classes"": []}",,[],9606,
5 - lipoxygenase,CHEMBL215,P09917,5 lipoxygenase|5-lipoxygenase|5lipoxygenase,5 lipoxygenase|5-lipoxygenase|5lipoxygenase,5|lipoxygenase|5-lipoxygenase|5lipoxygenase,,"{""parenthetical"": [], ""dropped"": [], ""mutations"": [], ""mutation_classes"": []}",,[],9606,
5 - lipoxygenase,CHEMBL312,P12527,5 lipoxygenase|5-lipoxygenase|5lipoxygenase,5 lipoxygenase|5-lipoxygenase|5lipoxygenase,5|lipoxygenase|5-lipoxygenase|5lipoxygenase,,"{""parenthetical"": [], ""dropped"": [], ""mutations"": [], ""mutation_classes"": []}",,[],9606,
5 - lo,CHEMBL215,P09917,5 lo|5-lo|5lo,5 lo|5-lo|5lo,5|lo|5-lo|5lo,,"{""parenthetical"": [], ""dropped"": [], ""mutations"": [], ""mutation_classes"": []}",,[],9606,
5 - lo,CHEMBL312,P12527,5 lo|5-lo|5lo,5 lo|5-lo|5lo,5|lo|5-lo|5lo,,"{""parenthetical"": [], ""dropped"": [], ""mutations"": [], ""mutation_classes"": []}",,[],9606,
5 - lox,CHEMBL3317,O49150,5 lox|5-lox|5lox,5 lox|5-lox|5lox,5|lox|5-lox|5lox,,"{""parenthetical"": [], ""dropped"": [], ""mutations"": [], ""mutation_classes"": []}",,[],9606,
5 - lox,CHEMBL215,P09917,5 lox|5-lox|5lox,5 lox|5-lox|5lox,5|lox|5-lox|5lox,,"{""parenthetical"": [], ""dropped"": [], ""mutations"": [], ""mutation_classes"": []}",,[],9606,
5 - lox,CHEMBL312,P12527,5 lox|5-lox|5lox,5 lox|5-lox|5lox,5|lox|5-lox|5lox,,"{""parenthetical"": [], ""dropped"": [], ""mutations"": [], ""mutation_classes"": []}",,[],9606,
5 hydroxy tryptamine 6 receptor,CHEMBL3371,P50406,5 hydroxy tryptamine 6|5 hydroxy tryptamine6|tryptamine6|5 hydroxy tryptamine-6|tryptamine-6,5 hydroxy tryptamine 6 receptor|5 hydroxy tryptamine6 receptor|tryptamine6|5 hydroxy tryptamine-6 receptor|tryptamine-6,5|hydroxy|tryptamine|6|tryptamine6|tryptamine-6,htr6,"{""parenthetical"": [], ""dropped"": [""receptor""], ""mutations"": [], ""mutation_classes"": []}",,[],9606,
5alpha reductase,CHEMBL1787,P18405,5alpha reductase,5alpha reductase,5alpha|reductase,,"{""parenthetical"": [], ""dropped"": [], ""mutations"": [], ""mutation_classes"": []}",,[],9606,
5alpha reductase,CHEMBL3422,P24008,5alpha reductase,5alpha reductase,5alpha|reductase,,"{""parenthetical"": [], ""dropped"": [], ""mutations"": [], ""mutation_classes"": []}",,[],9606,
5alpha reductase,CHEMBL1856,P31213,5alpha reductase,5alpha reductase,5alpha|reductase,,"{""parenthetical"": [], ""dropped"": [], ""mutations"": [], ""mutation_classes"": []}",,[],9606,
5alpha reductase,CHEMBL5099,P31214,5alpha reductase,5alpha reductase,5alpha|reductase,,"{""parenthetical"": [], ""dropped"": [], ""mutations"": [], ""mutation_classes"": []}",,[],9606,
5ht transporter,CHEMBL228,P31645,5ht transporter,5ht transporter,5ht|transporter,,"{""parenthetical"": [], ""dropped"": [], ""mutations"": [], ""mutation_classes"": []}",,[],9606,
5ht1a,CHEMBL273,P19327,5ht1a,5ht1a,5ht1a,htr1a,"{""parenthetical"": [], ""dropped"": [], ""mutations"": [], ""mutation_classes"": []}",,[],9606,
5ht1a receptor,CHEMBL214,P08908,5ht1a,5ht1a receptor,5ht1a,htr1a,"{""parenthetical"": [], ""dropped"": [""receptor""], ""mutations"": [], ""mutation_classes"": []}",,[],9606,
5ht1a receptor,CHEMBL273,P19327,5ht1a,5ht1a receptor,5ht1a,htr1a,"{""parenthetical"": [], ""dropped"": [""receptor""], ""mutations"": [], ""mutation_classes"": []}",,[],9606,
5ht1f receptor,CHEMBL1805,P30939,5ht1f,5ht1f receptor,5ht1f,htr1f,"{""parenthetical"": [], ""dropped"": [""receptor""], ""mutations"": [], ""mutation_classes"": []}",,[],9606,
5ht2a,CHEMBL224,P28223,5ht2a,5ht2a,5ht2a,htr2a,"{""parenthetical"": [], ""dropped"": [], ""mutations"": [], ""mutation_classes"": []}",,[],9606,
5ht2a receptor,CHEMBL322,P14842,5ht2a,5ht2a receptor,5ht2a,htr2a,"{""parenthetical"": [], ""dropped"": [""receptor""], ""mutations"": [], ""mutation_classes"": []}",,[],9606,
5ht2a receptor,CHEMBL224,P28223,5ht2a,5ht2a receptor,5ht2a,htr2a,"{""parenthetical"": [], ""dropped"": [""receptor""], ""mutations"": [], ""mutation_classes"": []}",,[],9606,
5ht2b,CHEMBL1833,P41595,5ht2b,5ht2b,5ht2b,htr2b,"{""parenthetical"": [], ""dropped"": [], ""mutations"": [], ""mutation_classes"": []}",,[],9606,
5ht2b receptor,CHEMBL1833,P41595,5ht2b,5ht2b receptor,5ht2b,htr2b,"{""parenthetical"": [], ""dropped"": [""receptor""], ""mutations"": [], ""mutation_classes"": []}",,[],9606,
5ht2c,CHEMBL225,P28335,5ht2c,5ht2c,5ht2c,htr2c,"{""parenthetical"": [], ""dropped"": [], ""mutations"": [], ""mutation_classes"": []}",,[],9606,
5ht2c receptor,CHEMBL225,P28335,5ht2c,5ht2c receptor,5ht2c,htr2c,"{""parenthetical"": [], ""dropped"": [""receptor""], ""mutations"": [], ""mutation_classes"": []}",,[],9606,
5ht3 receptor,CHEMBL3666,O70212,5ht3,5ht3 receptor,5ht3,htr3,"{""parenthetical"": [], ""dropped"": [""receptor""], ""mutations"": [], ""mutation_classes"": []}",,[],9606,
5ht3 receptor,CHEMBL1899,P46098,5ht3,5ht3 receptor,5ht3,htr3,"{""parenthetical"": [], ""dropped"": [""receptor""], ""mutations"": [], ""mutation_classes"": []}",,[],9606,
5ht3a receptor,CHEMBL1899,P46098,5ht3a,5ht3a receptor,5ht3a,htr3a,"{""parenthetical"": [], ""dropped"": [""receptor""], ""mutations"": [], ""mutation_classes"": []}",,[],9606,
5ht4 receptor,CHEMBL1875,Q13639,5ht4,5ht4 receptor,5ht4,htr4,"{""parenthetical"": [], ""dropped"": [""receptor""], ""mutations"": [], ""mutation_classes"": []}",,[],9606,
5ht4r,CHEMBL1875,Q13639,5ht4r,5ht4r,5ht4r,htr4r,"{""parenthetical"": [], ""dropped"": [], ""mutations"": [], ""mutation_classes"": []}",,[],9606,
5ht5a receptor,CHEMBL3426,P47898,5ht5a,5ht5a receptor,5ht5a,htr5a,"{""parenthetical"": [], ""dropped"": [""receptor""], ""mutations"": [], ""mutation_classes"": []}",,[],9606,
5ht6 receptor,CHEMBL3371,P50406,5ht6,5ht6 receptor,5ht6,htr6,"{""parenthetical"": [], ""dropped"": [""receptor""], ""mutations"": [], ""mutation_classes"": []}",,[],9606,
5ht6r,CHEMBL3371,P50406,5ht6r,5ht6r,5ht6r,htr6r,"{""parenthetical"": [], ""dropped"": [], ""mutations"": [], ""mutation_classes"": []}",,[],9606,
5ht7 receptor,CHEMBL3223,P32305,5ht7,5ht7 receptor,5ht7,htr7,"{""parenthetical"": [], ""dropped"": [""receptor""], ""mutations"": [], ""mutation_classes"": []}",,[],9606,
5ht7 receptor,CHEMBL3155,P34969,5ht7,5ht7 receptor,5ht7,htr7,"{""parenthetical"": [], ""dropped"": [""receptor""], ""mutations"": [], ""mutation_classes"": []}",,[],9606,
5ht7r receptor,CHEMBL3155,P34969,5ht7r,5ht7r receptor,5ht7r,htr7r,"{""parenthetical"": [], ""dropped"": [""receptor""], ""mutations"": [], ""mutation_classes"": []}",,[],9606,
5lox,CHEMBL3317,O49150,5lox,5lox,5lox,,"{""parenthetical"": [], ""dropped"": [], ""mutations"": [], ""mutation_classes"": []}",,[],9606,
5lox,CHEMBL215,P09917,5lox,5lox,5lox,,"{""parenthetical"": [], ""dropped"": [], ""mutations"": [], ""mutation_classes"": []}",,[],9606,
6 - phosphogluconate dehydrogenase,CHEMBL1169597,P00349,6 phosphogluconate dehydrogenase|6-phosphogluconate dehydrogenase|6-phosphogluconate|6phosphogluconate dehydrogenase|6phosphogluconate,6 phosphogluconate dehydrogenase|6-phosphogluconate dehydrogenase|6-phosphogluconate|6phosphogluconate dehydrogenase|6phosphogluconate,6|phosphogluconate|dehydrogenase|6-phosphogluconate|6phosphogluconate,,"{""parenthetical"": [], ""dropped"": [], ""mutations"": [], ""mutation_classes"": []}",,[],9606,
6his - tev - shm - map4k4,CHEMBL6166,O95819,6his tev shm map4k4|6his-tev-shm-map4k4|6histevshmmap4k4,6his tev shm map4k4|6his-tev-shm-map4k4|6histevshmmap4k4,6his|tev|shm|map4k4|6his-tev-shm-map4k4|6histevshmmap4k4,,"{""parenthetical"": [], ""dropped"": [], ""mutations"": [], ""mutation_classes"": []}",,[],9606,
6his - thr - brd4,CHEMBL1163125,O60885,6his thr brd4|6his-thr-brd4|6histhrbrd4,6his thr brd4|6his-thr-brd4|6histhrbrd4,6his|thr|brd4|6his-thr-brd4|6histhrbrd4,,"{""parenthetical"": [], ""dropped"": [], ""mutations"": [], ""mutation_classes"": []}",,[],9606,
6pgdh,CHEMBL1169597,P00349,6pgdh,6pgdh,6pgdh,,"{""parenthetical"": [], ""dropped"": [], ""mutations"": [], ""mutation_classes"": []}",,[],9606,
72 kda gelatinase a,CHEMBL333,P08253,72 kda gelatinase a,72 kda gelatinase a,72|kda|gelatinase|a,,"{""parenthetical"": [], ""dropped"": [], ""mutations"": [], ""mutation_classes"": []}",,[],9606,
92 kda gelatinase b,CHEMBL321,P14780,92 kda gelatinase b,92 kda gelatinase b,92|kda|gelatinase|b,,"{""parenthetical"": [], ""dropped"": [], ""mutations"": [], ""mutation_classes"": []}",,[],9606,
a1 adenosine receptor,CHEMBL226,P30542,a1 adenosine,a1 adenosine receptor,a1|adenosine,adora1 adora2a adora2b adora3 a1,"{""parenthetical"": [], ""dropped"": [""receptor""], ""mutations"": [], ""mutation_classes"": []}",,[],9606,
a1 receptor,CHEMBL226,P30542,a1,a1 receptor,a1,,"{""parenthetical"": [], ""dropped"": [""receptor""], ""mutations"": [], ""mutation_classes"": []}",,[],9606,
a1a adenosine receptor,CHEMBL226,P30542,a1a adenosine,a1a adenosine receptor,a1a|adenosine,adora1 adora2a adora2b adora3,"{""parenthetical"": [], ""dropped"": [""receptor""], ""mutations"": [], ""mutation_classes"": []}",,[],9606,
a1ar,CHEMBL226,P30542,a1ar,a1ar,a1ar,,"{""parenthetical"": [], ""dropped"": [], ""mutations"": [], ""mutation_classes"": []}",,[],9606,
a2a adenosine receptor,CHEMBL251,P29274,a2a adenosine,a2a adenosine receptor,a2a|adenosine,adora1 adora2a adora2b adora3 a2a,"{""parenthetical"": [], ""dropped"": [""receptor""], ""mutations"": [], ""mutation_classes"": []}",,[],9606,
a2a adenosine receptor,CHEMBL302,P30543,a2a adenosine,a2a adenosine receptor,a2a|adenosine,adora1 adora2a adora2b adora3 a2a,"{""parenthetical"": [], ""dropped"": [""receptor""], ""mutations"": [], ""mutation_classes"": []}",,[],9606,
a2a receptor,CHEMBL251,P29274,a2a,a2a receptor,a2a,a2a adora2a,"{""parenthetical"": [], ""dropped"": [""receptor""], ""mutations"": [], ""mutation_classes"": []}",,[],9606,
a2a receptor,CHEMBL302,P30543,a2a,a2a receptor,a2a,a2a adora2a,"{""parenthetical"": [], ""dropped"": [""receptor""], ""mutations"": [], ""mutation_classes"": []}",,[],9606,
a2a receptor ( ),CHEMBL251,P29274,a2a,a2a receptor,a2a,a2a adora2a,"{""parenthetical"": [""""], ""dropped"": [""receptor""], ""mutations"": [], ""mutation_classes"": []}",,[],9606,
a2ar,CHEMBL251,P29274,a2ar,a2ar,a2ar,,"{""parenthetical"": [], ""dropped"": [], ""mutations"": [], ""mutation_classes"": []}",,[],9606,
a2b adenosine receptor,CHEMBL255,P29275,a2b adenosine,a2b adenosine receptor,a2b|adenosine,adora1 adora2a adora2b adora3 a2b,"{""parenthetical"": [], ""dropped"": [""receptor""], ""mutations"": [], ""mutation_classes"": []}",,[],9606,
a2b adenosine receptor,CHEMBL2592,P29276,a2b adenosine,a2b adenosine receptor,a2b|adenosine,adora1 adora2a adora2b adora3 a2b,"{""parenthetical"": [], ""dropped"": [""receptor""], ""mutations"": [], ""mutation_classes"": []}",,[],9606,
a2b receptor,CHEMBL255,P29275,a2b,a2b receptor,a2b,a2b adora2b,"{""parenthetical"": [], ""dropped"": [""receptor""], ""mutations"": [], ""mutation_classes"": []}",,[],9606,
a2br,CHEMBL255,P29275,a2br,a2br,a2br,,"{""parenthetical"": [], ""dropped"": [], ""mutations"": [], ""mutation_classes"": []}",,[],9606,
a3 adenosine receptor,CHEMBL256,P0DMS8,a3 adenosine,a3 adenosine receptor,a3|adenosine,adora1 adora2a adora2b adora3 a3,"{""parenthetical"": [], ""dropped"": [""receptor""], ""mutations"": [], ""mutation_classes"": []}",,[],9606,
a3 adenosine receptor,CHEMBL3360,P28647,a3 adenosine,a3 adenosine receptor,a3|adenosine,adora1 adora2a adora2b adora3 a3,"{""parenthetical"": [], ""dropped"": [""receptor""], ""mutations"": [], ""mutation_classes"": []}",,[],9606,
a3 receptor,CHEMBL256,P0DMS8,a3,a3 receptor,a3,a3 adora3,"{""parenthetical"": [], ""dropped"": [""receptor""], ""mutations"": [], ""mutation_classes"": []}",,[],9606,
a3ar,CHEMBL256,P0DMS8,a3ar,a3ar,a3ar,,"{""parenthetical"": [], ""dropped"": [], ""mutations"": [], ""mutation_classes"": []}",,[],9606,
aag,CHEMBL3396943,P29372,aag,aag,aag,,"{""parenthetical"": [], ""dropped"": [], ""mutations"": [], ""mutation_classes"": []}",,[],9606,
abcb1,CHEMBL4302,P08183,abcb1,abcb1,abcb1,,"{""parenthetical"": [], ""dropped"": [], ""mutations"": [], ""mutation_classes"": []}",,[],9606,
abcc1,CHEMBL3004,P33527,abcc1,abcc1,abcc1,,"{""parenthetical"": [], ""dropped"": [], ""mutations"": [], ""mutation_classes"": []}",,[],9606,
abcg2,CHEMBL5393,Q9UNQ0,abcg2,abcg2,abcg2,,"{""parenthetical"": [], ""dropped"": [], ""mutations"": [], ""mutation_classes"": []}",,[],9606,
abhd12,CHEMBL5516,Q8N2K0,abhd12,abhd12,abhd12,,"{""parenthetical"": [], ""dropped"": [], ""mutations"": [], ""mutation_classes"": []}",,[],9606,
abhd6,CHEMBL2189127,Q9BV23,abhd6,abhd6,abhd6,,"{""parenthetical"": [], ""dropped"": [], ""mutations"": [], ""mutation_classes"": []}",,[],9606,
abl,CHEMBL1862,P00519,abl,abl,abl,,"{""parenthetical"": [], ""dropped"": [], ""mutations"": [], ""mutation_classes"": []}",,[],9606,
abl,CHEMBL3099,P00520,abl,abl,abl,,"{""parenthetical"": [], ""dropped"": [], ""mutations"": [], ""mutation_classes"": []}",,[],9606,
abl -,CHEMBL1862,P00519,abl,abl,abl,,"{""parenthetical"": [], ""dropped"": [], ""mutations"": [], ""mutation_classes"": []}",,[],9606,
abl - t315i mutant,CHEMBL1862,P00519,abl t315i|abl-t315i|ablt315i,abl t315i|abl-t315i|ablt315i,abl|t315i|abl-t315i|ablt315i,,"{""parenthetical"": [], ""dropped"": [], ""mutations"": [""mutant""], ""mutation_classes"": [""NONE""]}",NONE,[],9606,
abl h396p mutant,CHEMBL1862,P00519,abl h396p,abl h396p,abl|h396p,,"{""parenthetical"": [], ""dropped"": [], ""mutations"": [""mutant""], ""mutation_classes"": [""NONE""]}",NONE,[],9606,
abl kinase,CHEMBL1862,P00519,abl kinase,abl kinase,abl|kinase,,"{""parenthetical"": [], ""dropped"": [], ""mutations"": [], ""mutation_classes"": []}",,[],9606,
abl m351t mutant,CHEMBL1862,P00519,abl m351t,abl m351t,abl|m351t,,"{""parenthetical"": [], ""dropped"": [], ""mutations"": [""mutant""], ""mutation_classes"": [""NONE""]}",NONE,[],9606,
abl q252h mutant,CHEMBL1862,P00519,abl q252h,abl q252h,abl|q252h,,"{""parenthetical"": [], ""dropped"": [], ""mutations"": [""mutant""], ""mutation_classes"": [""NONE""]}",NONE,[],9606,
abl t315i mutant,CHEMBL1862,P00519,abl t315i,abl t315i,abl|t315i,,"{""parenthetical"": [], ""dropped"": [], ""mutations"": [""mutant""], ""mutation_classes"": [""NONE""]}",NONE,[],9606,
abl t315i mutant,CHEMBL3099,P00520,abl t315i,abl t315i,abl|t315i,,"{""parenthetical"": [], ""dropped"": [], ""mutations"": [""mutant""], ""mutation_classes"": [""NONE""]}",NONE,[],9606,
abl y253f mutant,CHEMBL1862,P00519,abl y253f,abl y253f,abl|y253f,,"{""parenthetical"": [], ""dropped"": [], ""mutations"": [""mutant""], ""mutation_classes"": [""NONE""]}",NONE,[],9606,
abl1,CHEMBL1862,P00519,abl1,abl1,abl1,,"{""parenthetical"": [], ""dropped"": [], ""mutations"": [], ""mutation_classes"": []}",,[],9606,
abl1 kinase,CHEMBL1862,P00519,abl1 kinase,abl1 kinase,abl1|kinase,,"{""parenthetical"": [], ""dropped"": [], ""mutations"": [], ""mutation_classes"": []}",,[],9606,
abl2,CHEMBL4014,P42684,abl2,abl2,abl2,,"{""parenthetical"": [], ""dropped"": [], ""mutations"": [], ""mutation_classes"": []}",,[],9606,
acat,CHEMBL2782,P35610,acat,acat,acat,,"{""parenthetical"": [], ""dropped"": [], ""mutations"": [], ""mutation_classes"": []}",,[],9606,
acat,CHEMBL6141,Q95214,acat,acat,acat,,"{""parenthetical"": [], ""dropped"": [], ""mutations"": [], ""mutation_classes"": []}",,[],9606,
acat ),CHEMBL6141,Q95214,acat ),acat ),acat|),,"{""parenthetical"": [], ""dropped"": [], ""mutations"": [], ""mutation_classes"": []}",,[],9606,
acat1,CHEMBL6009,O75907,acat1,acat1,acat1,,"{""parenthetical"": [], ""dropped"": [], ""mutations"": [], ""mutation_classes"": []}",,[],9606,
acat1,CHEMBL2782,P35610,acat1,acat1,acat1,,"{""parenthetical"": [], ""dropped"": [], ""mutations"": [], ""mutation_classes"": []}",,[],9606,
acc 1,CHEMBL3351,Q13085,acc 1|acc1|acc-1,acc 1|acc1|acc-1,acc|1|acc1|acc-1,,"{""parenthetical"": [], ""dropped"": [], ""mutations"": [], ""mutation_classes"": []}",,[],9606,
acc 2,CHEMBL4829,O00763,acc 2|acc2|acc-2,acc 2|acc2|acc-2,acc|2|acc2|acc-2,,"{""parenthetical"": [], ""dropped"": [], ""mutations"": [], ""mutation_classes"": []}",,[],9606,
acc1,CHEMBL2397,P11497,acc1,acc1,acc1,,"{""parenthetical"": [], ""dropped"": [], ""mutations"": [], ""mutation_classes"": []}",,[],9606,
acc1,CHEMBL3351,Q13085,acc1,acc1,acc1,,"{""parenthetical"": [], ""dropped"": [], ""mutations"": [], ""mutation_classes"": []}",,[],9606,
acc2,CHEMBL4829,O00763,acc2,acc2,acc2,,"{""parenthetical"": [], ""dropped"": [], ""mutations"": [], ""mutation_classes"": []}",,[],9606,
acc2,CHEMBL5125,Q1HEC0,acc2,acc2,acc2,,"{""parenthetical"": [], ""dropped"": [], ""mutations"": [], ""mutation_classes"": []}",,[],9606,
ace,CHEMBL1808,P12821,ace,ace,ace,,"{""parenthetical"": [], ""dropped"": [], ""mutations"": [], ""mutation_classes"": []}",,[],9606,
ace,CHEMBL4074,P12822,ace,ace,ace,,"{""parenthetical"": [], ""dropped"": [], ""mutations"": [], ""mutation_classes"": []}",,[],9606,
ace ( angiotensin i converting enzyme ),CHEMBL4074,P12822,ace,ace,ace,,"{""parenthetical"": [""angiotensin i converting enzyme""], ""dropped"": [], ""mutations"": [], ""mutation_classes"": []}",,[],9606,
ace c - domain,CHEMBL1808,P12821,ace c domain|ace c-domain|c-domain|ace cdomain|cdomain,ace c domain|ace c-domain|c-domain|ace cdomain|cdomain,ace|c|domain|c-domain|cdomain,,"{""parenthetical"": [], ""dropped"": [], ""mutations"": [], ""mutation_classes"": []}",,[],9606,
ace c - terminal domain,CHEMBL1808,P12821,ace c terminal domain|ace c-terminal domain|c-terminal|ace cterminal domain|cterminal,ace c terminal domain|ace c-terminal domain|c-terminal|ace cterminal domain|cterminal,ace|c|terminal|domain|c-terminal|cterminal,,"{""parenthetical"": [], ""dropped"": [], ""mutations"": [], ""mutation_classes"": []}",,[],9606,
ace c domain,CHEMBL1808,P12821,ace c domain,ace c domain,ace|c|domain,,"{""parenthetical"": [], ""dropped"": [], ""mutations"": [], ""mutation_classes"": []}",,[],9606,ace c domain
ace n - domain,CHEMBL1808,P12821,ace n domain|ace n-domain|n-domain|ace ndomain|ndomain,ace n domain|ace n-domain|n-domain|ace ndomain|ndomain,ace|n|domain|n-domain|ndomain,,"{""parenthetical"": [], ""dropped"": [], ""mutations"": [], ""mutation_classes"": []}",,[],9606,
ace n domain,CHEMBL1808,P12821,ace n domain,ace n domain,ace|n|domain,,"{""parenthetical"": [], ""dropped"": [], ""mutations"": [], ""mutation_classes"": []}",,[],9606,ace n domain
ace2,CHEMBL3736,Q9BYF1,ace2,ace2,ace2,,"{""parenthetical"": [], ""dropped"": [], ""mutations"": [], ""mutation_classes"": []}",,[],9606,
acetohydroxyacid synthase,CHEMBL4263,P17597,acetohydroxyacid synthase,acetohydroxyacid synthase,acetohydroxyacid|synthase,,"{""parenthetical"": [], ""dropped"": [], ""mutations"": [], ""mutation_classes"": []}",,[],9606,
acetyl - coa carboxylase 1,CHEMBL2397,P11497,acetyl coa carboxylase 1|acetyl-coa carboxylase 1|acetyl-coa|acetylcoa carboxylase 1|acetylcoa|acetyl coa carboxylase1|carboxylase1|acetyl coa carboxylase-1|carboxylase-1,acetyl coa carboxylase 1|acetyl-coa carboxylase 1|acetyl-coa|acetylcoa carboxylase 1|acetylcoa|acetyl coa carboxylase1|carboxylase1|acetyl coa carboxylase-1|carboxylase-1,acetyl|coa|carboxylase|1|acetyl-coa|acetylcoa|carboxylase1|carboxylase-1,,"{""parenthetical"": [], ""dropped"": [], ""mutations"": [], ""mutation_classes"": []}",,[],9606,
acetyl - coa carboxylase 2,CHEMBL4829,O00763,acetyl coa carboxylase 2|acetyl-coa carboxylase 2|acetyl-coa|acetylcoa carboxylase 2|acetylcoa|acetyl coa carboxylase2|carboxylase2|acetyl coa carboxylase-2|carboxylase-2,acetyl coa carboxylase 2|acetyl-coa carboxylase 2|acetyl-coa|acetylcoa carboxylase 2|acetylcoa|acetyl coa carboxylase2|carboxylase2|acetyl coa carboxylase-2|carboxylase-2,acetyl|coa|carboxylase|2|acetyl-coa|acetylcoa|carboxylase2|carboxylase-2,,"{""parenthetical"": [], ""dropped"": [], ""mutations"": [], ""mutation_classes"": []}",,[],9606,
acetyl - coa carboxylase 2,CHEMBL5125,Q1HEC0,acetyl coa carboxylase 2|acetyl-coa carboxylase 2|acetyl-coa|acetylcoa carboxylase 2|acetylcoa|acetyl coa carboxylase2|carboxylase2|acetyl coa carboxylase-2|carboxylase-2,acetyl coa carboxylase 2|acetyl-coa carboxylase 2|acetyl-coa|acetylcoa carboxylase 2|acetylcoa|acetyl coa carboxylase2|carboxylase2|acetyl coa carboxylase-2|carboxylase-2,acetyl|coa|carboxylase|2|acetyl-coa|acetylcoa|carboxylase2|carboxylase-2,,"{""parenthetical"": [], ""dropped"": [], ""mutations"": [], ""mutation_classes"": []}",,[],9606,
acetyl cholinesterase,CHEMBL220,P22303,acetyl cholinesterase,acetyl cholinesterase,acetyl|cholinesterase,,"{""parenthetical"": [], ""dropped"": [], ""mutations"": [], ""mutation_classes"": []}",,[],9606,
acetyl cholinesterase ( ache - i ),CHEMBL220,P22303,acetyl cholinesterase,acetyl cholinesterase,acetyl|cholinesterase,,"{""parenthetical"": [""ache - i""], ""dropped"": [], ""mutations"": [], ""mutation_classes"": []}",,[],9606,
acetylcholine esterase,CHEMBL4078,O42275,acetylcholine esterase,acetylcholine esterase,acetylcholine|esterase,,"{""parenthetical"": [], ""dropped"": [], ""mutations"": [], ""mutation_classes"": []}",,[],9606,
acetylcholine esterase,CHEMBL220,P22303,acetylcholine esterase,acetylcholine esterase,acetylcholine|esterase,,"{""parenthetical"": [], ""dropped"": [], ""mutations"": [], ""mutation_classes"": []}",,[],9606,
acetylcholine esterase,CHEMBL3199,P37136,acetylcholine esterase,acetylcholine esterase,acetylcholine|esterase,,"{""parenthetical"": [], ""dropped"": [], ""mutations"": [], ""mutation_classes"": []}",,[],9606,
acetylcholinesterase,CHEMBL4078,O42275,acetylcholinesterase,acetylcholinesterase,acetylcholinesterase,,"{""parenthetical"": [], ""dropped"": [], ""mutations"": [], ""mutation_classes"": []}",,[],9606,
acetylcholinesterase,CHEMBL4780,P04058,acetylcholinesterase,acetylcholinesterase,acetylcholinesterase,,"{""parenthetical"": [], ""dropped"": [], ""mutations"": [], ""mutation_classes"": []}",,[],9606,
acetylcholinesterase,CHEMBL220,P22303,acetylcholinesterase,acetylcholinesterase,acetylcholinesterase,,"{""parenthetical"": [], ""dropped"": [], ""mutations"": [], ""mutation_classes"": []}",,[],9606,
acetylcholinesterase,CHEMBL4768,P23795,acetylcholinesterase,acetylcholinesterase,acetylcholinesterase,,"{""parenthetical"": [], ""dropped"": [], ""mutations"": [], ""mutation_classes"": []}",,[],9606,
acetylcholinesterase,CHEMBL3199,P37136,acetylcholinesterase,acetylcholinesterase,acetylcholinesterase,,"{""parenthetical"": [], ""dropped"": [], ""mutations"": [], ""mutation_classes"": []}",,[],9606,
acetylcholinesterase ( ache ),CHEMBL220,P22303,acetylcholinesterase,acetylcholinesterase,acetylcholinesterase,,"{""parenthetical"": [""ache""], ""dropped"": [], ""mutations"": [], ""mutation_classes"": []}",,[],9606,
acetylcholinesterase ( ache ),CHEMBL4768,P23795,acetylcholinesterase,acetylcholinesterase,acetylcholinesterase,,"{""parenthetical"": [""ache""], ""dropped"": [], ""mutations"": [], ""mutation_classes"": []}",,[],9606,
acetylcholinesterase enzyme,CHEMBL220,P22303,acetylcholinesterase enzyme,acetylcholinesterase enzyme,acetylcholinesterase|enzyme,,"{""parenthetical"": [], ""dropped"": [], ""mutations"": [], ""mutation_classes"": []}",,[],9606,
achbp y55w mutant,CHEMBL1944497,Q8WSF8,achbp y55w,achbp y55w,achbp|y55w,,"{""parenthetical"": [], ""dropped"": [], ""mutations"": [""mutant""], ""mutation_classes"": [""NONE""]}",NONE,[],9606,
ache,CHEMBL4078,O42275,ache,ache,ache,,"{""parenthetical"": [], ""dropped"": [], ""mutations"": [], ""mutation_classes"": []}",,[],9606,
ache,CHEMBL4780,P04058,ache,ache,ache,,"{""parenthetical"": [], ""dropped"": [], ""mutations"": [], ""mutation_classes"": []}",,[],9606,
ache,CHEMBL3198,P21836,ache,ache,ache,,"{""parenthetical"": [], ""dropped"": [], ""mutations"": [], ""mutation_classes"": []}",,[],9606,
ache,CHEMBL220,P22303,ache,ache,ache,,"{""parenthetical"": [], ""dropped"": [], ""mutations"": [], ""mutation_classes"": []}",,[],9606,
ache,CHEMBL4768,P23795,ache,ache,ache,,"{""parenthetical"": [], ""dropped"": [], ""mutations"": [], ""mutation_classes"": []}",,[],9606,
ache,CHEMBL3199,P37136,ache,ache,ache,,"{""parenthetical"": [], ""dropped"": [], ""mutations"": [], ""mutation_classes"": []}",,[],9606,
ache,CHEMBL5763,P81908,ache,ache,ache,,"{""parenthetical"": [], ""dropped"": [], ""mutations"": [], ""mutation_classes"": []}",,[],9606,
ache peripheral anionic,CHEMBL4078,O42275,ache peripheral anionic,ache peripheral anionic,ache|peripheral|anionic,,"{""parenthetical"": [], ""dropped"": [], ""mutations"": [], ""mutation_classes"": []}",,[],9606,
ache type 6s,CHEMBL4078,O42275,ache type 6s,ache type 6s,ache|type|6s,,"{""parenthetical"": [], ""dropped"": [], ""mutations"": [], ""mutation_classes"": []}",,[],9606,
acid ceramidase,CHEMBL2331070,Q6P7S1,acid ceramidase,acid ceramidase,acid|ceramidase,,"{""parenthetical"": [], ""dropped"": [], ""mutations"": [], ""mutation_classes"": []}",,[],9606,
ack1,CHEMBL4599,Q07912,ack1,ack1,ack1,,"{""parenthetical"": [], ""dropped"": [], ""mutations"": [], ""mutation_classes"": []}",,[],9606,
ack1 kinase,CHEMBL4599,Q07912,ack1 kinase,ack1 kinase,ack1|kinase,,"{""parenthetical"": [], ""dropped"": [], ""mutations"": [], ""mutation_classes"": []}",,[],9606,
acly,CHEMBL2745,P16638,acly,acly,acly,,"{""parenthetical"": [], ""dropped"": [], ""mutations"": [], ""mutation_classes"": []}",,[],9606,
acly,CHEMBL3720,P53396,acly,acly,acly,,"{""parenthetical"": [], ""dropped"": [], ""mutations"": [], ""mutation_classes"": []}",,[],9606,
activated protein c,CHEMBL4444,P04070,activated c,activated protein c,activated|c,,"{""parenthetical"": [], ""dropped"": [""protein""], ""mutations"": [], ""mutation_classes"": []}",,[],9606,
acyl - coenzyme a : cholesterol acyltransferase 1,CHEMBL285,O70536,acyl coenzyme a cholesterol acyltransferase 1|acyl-coenzyme a cholesterol acyltransferase 1|acyl-coenzyme|acylcoenzyme a cholesterol acyltransferase 1|acylcoenzyme|acyl coenzyme a cholesterol acyltransferase1|acyltransferase1|acyl coenzyme a cholesterol acyltransferase-1|acyltransferase-1,acyl coenzyme a cholesterol acyltransferase 1|acyl-coenzyme a cholesterol acyltransferase 1|acyl-coenzyme|acylcoenzyme a cholesterol acyltransferase 1|acylcoenzyme|acyl coenzyme a cholesterol acyltransferase1|acyltransferase1|acyl coenzyme a cholesterol acyltransferase-1|acyltransferase-1,acyl|coenzyme|a|cholesterol|acyltransferase|1|acyl-coenzyme|acylcoenzyme|acyltransferase1|acyltransferase-1,,"{""parenthetical"": [], ""dropped"": [], ""mutations"": [], ""mutation_classes"": []}",,[],9606,
acyl coenzyme a : cholesterol acyltransferase,CHEMBL285,O70536,acyl coenzyme a cholesterol acyltransferase,acyl coenzyme a cholesterol acyltransferase,acyl|coenzyme|a|cholesterol|acyltransferase,,"{""parenthetical"": [], ""dropped"": [], ""mutations"": [], ""mutation_classes"": []}",,[],9606,
acyl coenzyme a : cholesterol acyltransferase,CHEMBL6141,Q95214,acyl coenzyme a cholesterol acyltransferase,acyl coenzyme a cholesterol acyltransferase,acyl|coenzyme|a|cholesterol|acyltransferase,,"{""parenthetical"": [], ""dropped"": [], ""mutations"": [], ""mutation_classes"": []}",,[],9606,
acyl coenzyme a : cholesterol acyltransferase 1,CHEMBL285,O70536,acyl coenzyme a cholesterol acyltransferase 1|acyl coenzyme a cholesterol acyltransferase1|acyltransferase1|acyl coenzyme a cholesterol acyltransferase-1|acyltransferase-1,acyl coenzyme a cholesterol acyltransferase 1|acyl coenzyme a cholesterol acyltransferase1|acyltransferase1|acyl coenzyme a cholesterol acyltransferase-1|acyltransferase-1,acyl|coenzyme|a|cholesterol|acyltransferase|1|acyltransferase1|acyltransferase-1,,"{""parenthetical"": [], ""dropped"": [], ""mutations"": [], ""mutation_classes"": []}",,[],9606,
acyl coenzyme a : cholesterol acyltransferase 1,CHEMBL6141,Q95214,acyl coenzyme a cholesterol acyltransferase 1|acyl coenzyme a cholesterol acyltransferase1|acyltransferase1|acyl coenzyme a cholesterol acyltransferase-1|acyltransferase-1,acyl coenzyme a cholesterol acyltransferase 1|acyl coenzyme a cholesterol acyltransferase1|acyltransferase1|acyl coenzyme a cholesterol acyltransferase-1|acyltransferase-1,acyl|coenzyme|a|cholesterol|acyltransferase|1|acyltransferase1|acyltransferase-1,,"{""parenthetical"": [], ""dropped"": [], ""mutations"": [], ""mutation_classes"": []}",,[],9606,
ada,CHEMBL2966,P56658,ada,ada,ada,,"{""parenthetical"": [], ""dropped"": [], ""mutations"": [], ""mutation_classes"": []}",,[],9606,
adam10,CHEMBL5028,O14672,adam10,adam10,adam10,,"{""parenthetical"": [], ""dropped"": [], ""mutations"": [], ""mutation_classes"": []}",,[],9606,
adam17,CHEMBL3706,P78536,adam17,adam17,adam17,,"{""parenthetical"": [], ""dropped"": [], ""mutations"": [], ""mutation_classes"": []}",,[],9606,
adamts - 4,CHEMBL2318,O75173,adamts 4|adamts-4|adamts4,adamts 4|adamts-4|adamts4,adamts|4|adamts-4|adamts4,,"{""parenthetical"": [], ""dropped"": [], ""mutations"": [], ""mutation_classes"": []}",,[],9606,
adamts4,CHEMBL2318,O75173,adamts4,adamts4,adamts4,,"{""parenthetical"": [], ""dropped"": [], ""mutations"": [], ""mutation_classes"": []}",,[],9606,
adamts5,CHEMBL2285,Q9UNA0,adamts5,adamts5,adamts5,,"{""parenthetical"": [], ""dropped"": [], ""mutations"": [], ""mutation_classes"": []}",,[],9606,
adenosine 2a receptor,CHEMBL251,P29274,adenosine 2a,adenosine 2a receptor,adenosine|2a,a2a adora2a,"{""parenthetical"": [], ""dropped"": [""receptor""], ""mutations"": [], ""mutation_classes"": []}",,[],9606,
adenosine 2b receptor,CHEMBL255,P29275,adenosine 2b,adenosine 2b receptor,adenosine|2b,a2b adora2b,"{""parenthetical"": [], ""dropped"": [""receptor""], ""mutations"": [], ""mutation_classes"": []}",,[],9606,
adenosine a1 receptor,CHEMBL318,P25099,adenosine a1,adenosine a1 receptor,adenosine|a1,a1 adora1,"{""parenthetical"": [], ""dropped"": [""receptor""], ""mutations"": [], ""mutation_classes"": []}",,[],9606,
adenosine a1 receptor,CHEMBL4975,P28190,adenosine a1,adenosine a1 receptor,adenosine|a1,a1 adora1,"{""parenthetical"": [], ""dropped"": [""receptor""], ""mutations"": [], ""mutation_classes"": []}",,[],9606,
adenosine a1 receptor,CHEMBL226,P30542,adenosine a1,adenosine a1 receptor,adenosine|a1,a1 adora1,"{""parenthetical"": [], ""dropped"": [""receptor""], ""mutations"": [], ""mutation_classes"": []}",,[],9606,
adenosine a1 receptor,CHEMBL2304404,P47745,adenosine a1,adenosine a1 receptor,adenosine|a1,a1 adora1,"{""parenthetical"": [], ""dropped"": [""receptor""], ""mutations"": [], ""mutation_classes"": []}",,[],9606,
adenosine a1 receptor ( a1ar ),CHEMBL318,P25099,adenosine a1,adenosine a1 receptor,adenosine|a1,a1 adora1,"{""parenthetical"": [""a1ar""], ""dropped"": [""receptor""], ""mutations"": [], ""mutation_classes"": []}",,[],9606,
adenosine a1 receptor subtype,CHEMBL226,P30542,adenosine a1 subtype,adenosine a1 receptor subtype,adenosine|a1|subtype,a1 adora1,"{""parenthetical"": [], ""dropped"": [""receptor""], ""mutations"": [], ""mutation_classes"": []}",,[],9606,
adenosine a2a receptor,CHEMBL251,P29274,adenosine a2a,adenosine a2a receptor,adenosine|a2a,a2a adora2a,"{""parenthetical"": [], ""dropped"": [""receptor""], ""mutations"": [], ""mutation_classes"": []}",,[],9606,
adenosine a2a receptor,CHEMBL302,P30543,adenosine a2a,adenosine a2a receptor,adenosine|a2a,a2a adora2a,"{""parenthetical"": [], ""dropped"": [""receptor""], ""mutations"": [], ""mutation_classes"": []}",,[],9606,
adenosine a2a receptor h250n,CHEMBL251,P29274,adenosine a2a h250n,adenosine a2a receptor h250n,adenosine|a2a|h250n,a2a adora2a,"{""parenthetical"": [], ""dropped"": [""receptor""], ""mutations"": [], ""mutation_classes"": []}",,[],9606,
adenosine a2a receptor subtype,CHEMBL251,P29274,adenosine a2a subtype,adenosine a2a receptor subtype,adenosine|a2a|subtype,a2a adora2a,"{""parenthetical"": [], ""dropped"": [""receptor""], ""mutations"": [], ""mutation_classes"": []}",,[],9606,
adenosine a2b,CHEMBL255,P29275,adenosine a2b,adenosine a2b,adenosine|a2b,a2b adora2b,"{""parenthetical"": [], ""dropped"": [], ""mutations"": [], ""mutation_classes"": []}",,[],9606,
adenosine a2b receptor,CHEMBL255,P29275,adenosine a2b,adenosine a2b receptor,adenosine|a2b,a2b adora2b,"{""parenthetical"": [], ""dropped"": [""receptor""], ""mutations"": [], ""mutation_classes"": []}",,[],9606,
adenosine a2b receptor,CHEMBL2592,P29276,adenosine a2b,adenosine a2b receptor,adenosine|a2b,a2b adora2b,"{""parenthetical"": [], ""dropped"": [""receptor""], ""mutations"": [], ""mutation_classes"": []}",,[],9606,
adenosine a2b receptor,CHEMBL2237,Q60614,adenosine a2b,adenosine a2b receptor,adenosine|a2b,a2b adora2b,"{""parenthetical"": [], ""dropped"": [""receptor""], ""mutations"": [], ""mutation_classes"": []}",,[],9606,
adenosine a2b receptor subtype,CHEMBL255,P29275,adenosine a2b subtype,adenosine a2b receptor subtype,adenosine|a2b|subtype,a2b adora2b,"{""parenthetical"": [], ""dropped"": [""receptor""], ""mutations"": [], ""mutation_classes"": []}",,[],9606,
adenosine a3 receptor,CHEMBL256,P0DMS8,adenosine a3,adenosine a3 receptor,adenosine|a3,a3 adora3,"{""parenthetical"": [], ""dropped"": [""receptor""], ""mutations"": [], ""mutation_classes"": []}",,[],9606,
adenosine a3 receptor,CHEMBL3360,P28647,adenosine a3,adenosine a3 receptor,adenosine|a3,a3 adora3,"{""parenthetical"": [], ""dropped"": [""receptor""], ""mutations"": [], ""mutation_classes"": []}",,[],9606,
adenosine a3 receptor,CHEMBL1075269,Q61618,adenosine a3,adenosine a3 receptor,adenosine|a3,a3 adora3,"{""parenthetical"": [], ""dropped"": [""receptor""], ""mutations"": [], ""mutation_classes"": []}",,[],9606,
adenosine a3 receptor ( w243,CHEMBL256,P0DMS8,adenosine a3 ( w243,adenosine a3 receptor ( w243,adenosine|a3|(|w243,a3 adora3,"{""parenthetical"": [], ""dropped"": [""receptor""], ""mutations"": [], ""mutation_classes"": []}",,[],9606,
adenosine a3 receptor ( w243a ),CHEMBL256,P0DMS8,adenosine a3,adenosine a3 receptor,adenosine|a3,a3 adora3,"{""parenthetical"": [""w243a""], ""dropped"": [""receptor""], ""mutations"": [], ""mutation_classes"": []}",,[],9606,
adenosine a3 receptor subtype,CHEMBL256,P0DMS8,adenosine a3 subtype,adenosine a3 receptor subtype,adenosine|a3|subtype,a3 adora3,"{""parenthetical"": [], ""dropped"": [""receptor""], ""mutations"": [], ""mutation_classes"": []}",,[],9606,
adenosine deaminase,CHEMBL2966,P56658,adenosine deaminase,adenosine deaminase,adenosine|deaminase,,"{""parenthetical"": [], ""dropped"": [], ""mutations"": [], ""mutation_classes"": []}",,[],9606,
adenosine kinase,CHEMBL3589,P55263,adenosine kinase,adenosine kinase,adenosine|kinase,,"{""parenthetical"": [], ""dropped"": [], ""mutations"": [], ""mutation_classes"": []}",,[],9606,
adenosine receptor a1,CHEMBL226,P30542,adenosine a1,adenosine receptor a1,adenosine|a1,adora1 adora2a adora2b adora3,"{""parenthetical"": [], ""dropped"": [""receptor""], ""mutations"": [], ""mutation_classes"": []}",,[],9606,
adenosine receptor a2a,CHEMBL251,P29274,adenosine a2a,adenosine receptor a2a,adenosine|a2a,adora1 adora2a adora2b adora3,"{""parenthetical"": [], ""dropped"": [""receptor""], ""mutations"": [], ""mutation_classes"": []}",,[],9606,
adenosine receptor a2a,CHEMBL302,P30543,adenosine a2a,adenosine receptor a2a,adenosine|a2a,adora1 adora2a adora2b adora3,"{""parenthetical"": [], ""dropped"": [""receptor""], ""mutations"": [], ""mutation_classes"": []}",,[],9606,
adenosine receptor a2b,CHEMBL255,P29275,adenosine a2b,adenosine receptor a2b,adenosine|a2b,adora1 adora2a adora2b adora3,"{""parenthetical"": [], ""dropped"": [""receptor""], ""mutations"": [], ""mutation_classes"": []}",,[],9606,
adenosine receptor subtype 2b,CHEMBL255,P29275,adenosine subtype 2b,adenosine receptor subtype 2b,adenosine|subtype|2b,adora1 adora2a adora2b adora3,"{""parenthetical"": [], ""dropped"": [""receptor""], ""mutations"": [], ""mutation_classes"": []}",,[],9606,
adohcy hydrolase,CHEMBL2664,P23526,adohcy hydrolase,adohcy hydrolase,adohcy|hydrolase,,"{""parenthetical"": [], ""dropped"": [], ""mutations"": [], ""mutation_classes"": []}",,[],9606,
adrb2,CHEMBL210,P07550,adrb2,adrb2,adrb2,,"{""parenthetical"": [], ""dropped"": [], ""mutations"": [], ""mutation_classes"": []}",,[],9606,
adrenal,CHEMBL1671613,Q9WV26,adrenal,adrenal,adrenal,,"{""parenthetical"": [], ""dropped"": [], ""mutations"": [], ""mutation_classes"": []}",,[],9606,
adrenergic alpha - 1a receptor,CHEMBL229,P35348,adrenergic alpha 1a|adrenergic alpha-1a|alpha-1a|adrenergic alpha1a|alpha1a,adrenergic alpha 1a receptor|adrenergic alpha-1a receptor|alpha-1a|adrenergic alpha1a receptor|alpha1a,adrenergic|alpha|1a|alpha-1a|alpha1a,adra1a,"{""parenthetical"": [], ""dropped"": [""receptor""], ""mutations"": [], ""mutation_classes"": []}",,[],9606,
adrenergic alpha - 1b receptor,CHEMBL232,P35368,adrenergic alpha 1b|adrenergic alpha-1b|alpha-1b|adrenergic alpha1b|alpha1b,adrenergic alpha 1b receptor|adrenergic alpha-1b receptor|alpha-1b|adrenergic alpha1b receptor|alpha1b,adrenergic|alpha|1b|alpha-1b|alpha1b,adra1b,"{""parenthetical"": [], ""dropped"": [""receptor""], ""mutations"": [], ""mutation_classes"": []}",,[],9606,
adrenergic alpha - 1d receptor,CHEMBL223,P25100,adrenergic alpha 1d|adrenergic alpha-1d|alpha-1d|adrenergic alpha1d|alpha1d,adrenergic alpha 1d receptor|adrenergic alpha-1d receptor|alpha-1d|adrenergic alpha1d receptor|alpha1d,adrenergic|alpha|1d|alpha-1d|alpha1d,adra1d adra1a,"{""parenthetical"": [], ""dropped"": [""receptor""], ""mutations"": [], ""mutation_classes"": []}",,[],9606,
adrenergic alpha 1a receptor,CHEMBL229,P35348,adrenergic alpha 1a,adrenergic alpha 1a receptor,adrenergic|alpha|1a,,"{""parenthetical"": [], ""dropped"": [""receptor""], ""mutations"": [], ""mutation_classes"": []}",,[],9606,
adrenergic alpha 1d receptor,CHEMBL223,P25100,adrenergic alpha 1d,adrenergic alpha 1d receptor,adrenergic|alpha|1d,,"{""parenthetical"": [], ""dropped"": [""receptor""], ""mutations"": [], ""mutation_classes"": []}",,[],9606,
adrenergic alpha 2a receptor,CHEMBL1867,P08913,adrenergic alpha 2a,adrenergic alpha 2a receptor,adrenergic|alpha|2a,,"{""parenthetical"": [], ""dropped"": [""receptor""], ""mutations"": [], ""mutation_classes"": []}",,[],9606,
adrenergic alpha 2c receptor,CHEMBL1916,P18825,adrenergic alpha 2c,adrenergic alpha 2c receptor,adrenergic|alpha|2c,,"{""parenthetical"": [], ""dropped"": [""receptor""], ""mutations"": [], ""mutation_classes"": []}",,[],9606,
adrenergic alpha1a receptor,CHEMBL229,P35348,adrenergic alpha1a,adrenergic alpha1a receptor,adrenergic|alpha1a,adra1a,"{""parenthetical"": [], ""dropped"": [""receptor""], ""mutations"": [], ""mutation_classes"": []}",,[],9606,
adrenergic alpha1b receptor,CHEMBL315,P15823,adrenergic alpha1b,adrenergic alpha1b receptor,adrenergic|alpha1b,adra1b,"{""parenthetical"": [], ""dropped"": [""receptor""], ""mutations"": [], ""mutation_classes"": []}",,[],9606,
adrenergic alpha1b receptor,CHEMBL232,P35368,adrenergic alpha1b,adrenergic alpha1b receptor,adrenergic|alpha1b,adra1b,"{""parenthetical"": [], ""dropped"": [""receptor""], ""mutations"": [], ""mutation_classes"": []}",,[],9606,
adrenergic alpha1d receptor,CHEMBL223,P25100,adrenergic alpha1d,adrenergic alpha1d receptor,adrenergic|alpha1d,adra1d adra1a,"{""parenthetical"": [], ""dropped"": [""receptor""], ""mutations"": [], ""mutation_classes"": []}",,[],9606,
adrenergic alpha2a receptor,CHEMBL1867,P08913,adrenergic alpha2a,adrenergic alpha2a receptor,adrenergic|alpha2a,adra2a,"{""parenthetical"": [], ""dropped"": [""receptor""], ""mutations"": [], ""mutation_classes"": []}",,[],9606,
adrenergic beta1 receptor,CHEMBL213,P08588,adrenergic beta1,adrenergic beta1 receptor,adrenergic|beta1,adrb1,"{""parenthetical"": [], ""dropped"": [""receptor""], ""mutations"": [], ""mutation_classes"": []}",,[],9606,
adrenergic beta2 receptor,CHEMBL210,P07550,adrenergic beta2,adrenergic beta2 receptor,adrenergic|beta2,adrb2,"{""parenthetical"": [], ""dropped"": [""receptor""], ""mutations"": [], ""mutation_classes"": []}",,[],9606,
aggrecanase 1,CHEMBL2318,O75173,aggrecanase 1|aggrecanase1|aggrecanase-1,aggrecanase 1|aggrecanase1|aggrecanase-1,aggrecanase|1|aggrecanase1|aggrecanase-1,,"{""parenthetical"": [], ""dropped"": [], ""mutations"": [], ""mutation_classes"": []}",,[],9606,
aggrecanase 2,CHEMBL2285,Q9UNA0,aggrecanase 2|aggrecanase2|aggrecanase-2,aggrecanase 2|aggrecanase2|aggrecanase-2,aggrecanase|2|aggrecanase2|aggrecanase-2,,"{""parenthetical"": [], ""dropped"": [], ""mutations"": [], ""mutation_classes"": []}",,[],9606,
ahas,CHEMBL4263,P17597,ahas,ahas,ahas,,"{""parenthetical"": [], ""dropped"": [], ""mutations"": [], ""mutation_classes"": []}",,[],9606,
ahcy,CHEMBL2664,P23526,ahcy,ahcy,ahcy,,"{""parenthetical"": [], ""dropped"": [], ""mutations"": [], ""mutation_classes"": []}",,[],9606,
ak,CHEMBL3589,P55263,ak,ak,ak,,"{""parenthetical"": [], ""dropped"": [], ""mutations"": [], ""mutation_classes"": []}",,[],9606,
akr1b1,CHEMBL2622,P07943,akr1b1,akr1b1,akr1b1,,"{""parenthetical"": [], ""dropped"": [], ""mutations"": [], ""mutation_classes"": []}",,[],9606,
akr1b1,CHEMBL1900,P15121,akr1b1,akr1b1,akr1b1,,"{""parenthetical"": [], ""dropped"": [], ""mutations"": [], ""mutation_classes"": []}",,[],9606,
akr1b10,CHEMBL5983,O60218,akr1b10,akr1b10,akr1b10,,"{""parenthetical"": [], ""dropped"": [], ""mutations"": [], ""mutation_classes"": []}",,[],9606,
akr1b4,CHEMBL2622,P07943,akr1b4,akr1b4,akr1b4,,"{""parenthetical"": [], ""dropped"": [], ""mutations"": [], ""mutation_classes"": []}",,[],9606,
akr1c1,CHEMBL5905,Q04828,akr1c1,akr1c1,akr1c1,,"{""parenthetical"": [], ""dropped"": [], ""mutations"": [], ""mutation_classes"": []}",,[],9606,
akr1c2,CHEMBL5847,P52895,akr1c2,akr1c2,akr1c2,,"{""parenthetical"": [], ""dropped"": [], ""mutations"": [], ""mutation_classes"": []}",,[],9606,
akr1c3,CHEMBL4681,P42330,akr1c3,akr1c3,akr1c3,,"{""parenthetical"": [], ""dropped"": [], ""mutations"": [], ""mutation_classes"": []}",,[],9606,
akt,CHEMBL2534,O15530,akt,akt,akt,,"{""parenthetical"": [], ""dropped"": [], ""mutations"": [], ""mutation_classes"": []}",,[],9606,
akt,CHEMBL4282,P31749,akt,akt,akt,,"{""parenthetical"": [], ""dropped"": [], ""mutations"": [], ""mutation_classes"": []}",,[],9606,
akt - 1,CHEMBL4282,P31749,akt 1|akt-1|akt1,akt 1|akt-1|akt1,akt|1|akt-1|akt1,,"{""parenthetical"": [], ""dropped"": [], ""mutations"": [], ""mutation_classes"": []}",,[],9606,
akt - 2,CHEMBL2431,P31751,akt 2|akt-2|akt2,akt 2|akt-2|akt2,akt|2|akt-2|akt2,,"{""parenthetical"": [], ""dropped"": [], ""mutations"": [], ""mutation_classes"": []}",,[],9606,
akt - 3,CHEMBL4816,Q9Y243,akt 3|akt-3|akt3,akt 3|akt-3|akt3,akt|3|akt-3|akt3,,"{""parenthetical"": [], ""dropped"": [], ""mutations"": [], ""mutation_classes"": []}",,[],9606,
akt1,CHEMBL4282,P31749,akt1,akt1,akt1,,"{""parenthetical"": [], ""dropped"": [], ""mutations"": [], ""mutation_classes"": []}",,[],9606,
akt1 kinase,CHEMBL4282,P31749,akt1 kinase,akt1 kinase,akt1|kinase,,"{""parenthetical"": [], ""dropped"": [], ""mutations"": [], ""mutation_classes"": []}",,[],9606,
akt1 ph,CHEMBL4282,P31749,akt1 ph,akt1 ph,akt1|ph,,"{""parenthetical"": [], ""dropped"": [], ""mutations"": [], ""mutation_classes"": []}",,[],9606,
akt2,CHEMBL2431,P31751,akt2,akt2,akt2,,"{""parenthetical"": [], ""dropped"": [], ""mutations"": [], ""mutation_classes"": []}",,[],9606,
akt3,CHEMBL4816,Q9Y243,akt3,akt3,akt3,,"{""parenthetical"": [], ""dropped"": [], ""mutations"": [], ""mutation_classes"": []}",,[],9606,
akt3 s472d mutant,CHEMBL4816,Q9Y243,akt3 s472d,akt3 s472d,akt3|s472d,,"{""parenthetical"": [], ""dropped"": [], ""mutations"": [""mutant""], ""mutation_classes"": [""NONE""]}",NONE,[],9606,
alanyl aminopeptidase,CHEMBL2590,P15145,alanyl aminopeptidase,alanyl aminopeptidase,alanyl|aminopeptidase,,"{""parenthetical"": [], ""dropped"": [], ""mutations"": [], ""mutation_classes"": []}",,[],9606,
aldehyde reductase,CHEMBL2246,P14550,aldehyde reductase,aldehyde reductase,aldehyde|reductase,,"{""parenthetical"": [], ""dropped"": [], ""mutations"": [], ""mutation_classes"": []}",,[],9606,
aldehyde reductase 2,CHEMBL3081,P16116,aldehyde reductase 2|aldehyde reductase2|reductase2|aldehyde reductase-2|reductase-2,aldehyde reductase 2|aldehyde reductase2|reductase2|aldehyde reductase-2|reductase-2,aldehyde|reductase|2|reductase2|reductase-2,,"{""parenthetical"": [], ""dropped"": [], ""mutations"": [], ""mutation_classes"": []}",,[],9606,
aldh1a,CHEMBL3577,P00352,aldh1a,aldh1a,aldh1a,,"{""parenthetical"": [], ""dropped"": [], ""mutations"": [], ""mutation_classes"": []}",,[],9606,
aldh1a1,CHEMBL3577,P00352,aldh1a1,aldh1a1,aldh1a1,,"{""parenthetical"": [], ""dropped"": [], ""mutations"": [], ""mutation_classes"": []}",,[],9606,
aldh1a2,CHEMBL3112384,O94788,aldh1a2,aldh1a2,aldh1a2,,"{""parenthetical"": [], ""dropped"": [], ""mutations"": [], ""mutation_classes"": []}",,[],9606,
aldh1a3,CHEMBL3579,P47895,aldh1a3,aldh1a3,aldh1a3,,"{""parenthetical"": [], ""dropped"": [], ""mutations"": [], ""mutation_classes"": []}",,[],9606,
aldose reductase,CHEMBL2622,P07943,aldose reductase,aldose reductase,aldose|reductase,,"{""parenthetical"": [], ""dropped"": [], ""mutations"": [], ""mutation_classes"": []}",,[],9606,
aldose reductase,CHEMBL1900,P15121,aldose reductase,aldose reductase,aldose|reductase,,"{""parenthetical"": [], ""dropped"": [], ""mutations"": [], ""mutation_classes"": []}",,[],9606,
aldose reductase,CHEMBL3081,P16116,aldose reductase,aldose reductase,aldose|reductase,,"{""parenthetical"": [], ""dropped"": [], ""mutations"": [], ""mutation_classes"": []}",,[],9606,
aldose reductase ( ar ),CHEMBL2622,P07943,aldose reductase ar|ar,aldose reductase ar|ar,aldose|reductase|ar,,"{""parenthetical"": [""ar""], ""dropped"": [], ""mutations"": [], ""mutation_classes"": []}",,[],9606,
aldose reductase 1,CHEMBL1900,P15121,aldose reductase 1|aldose reductase1|reductase1|aldose reductase-1|reductase-1,aldose reductase 1|aldose reductase1|reductase1|aldose reductase-1|reductase-1,aldose|reductase|1|reductase1|reductase-1,,"{""parenthetical"": [], ""dropped"": [], ""mutations"": [], ""mutation_classes"": []}",,[],9606,
aldose reductase 2,CHEMBL1900,P15121,aldose reductase 2|aldose reductase2|reductase2|aldose reductase-2|reductase-2,aldose reductase 2|aldose reductase2|reductase2|aldose reductase-2|reductase-2,aldose|reductase|2|reductase2|reductase-2,,"{""parenthetical"": [], ""dropped"": [], ""mutations"": [], ""mutation_classes"": []}",,[],9606,
aldosterone synthase,CHEMBL2722,P19099,aldosterone synthase,aldosterone synthase,aldosterone|synthase,,"{""parenthetical"": [], ""dropped"": [], ""mutations"": [], ""mutation_classes"": []}",,[],9606,
alk,CHEMBL4247,Q9UM73,alk,alk,alk,,"{""parenthetical"": [], ""dropped"": [], ""mutations"": [], ""mutation_classes"": []}",,[],9606,
alk -,CHEMBL4247,Q9UM73,alk,alk,alk,,"{""parenthetical"": [], ""dropped"": [], ""mutations"": [], ""mutation_classes"": []}",,[],9606,
alk c1156,CHEMBL4247,Q9UM73,alk c1156,alk c1156,alk|c1156,,"{""parenthetical"": [], ""dropped"": [], ""mutations"": [], ""mutation_classes"": []}",,[],9606,
alk c1156y mutant,CHEMBL4247,Q9UM73,alk c1156y,alk c1156y,alk|c1156y,,"{""parenthetical"": [], ""dropped"": [], ""mutations"": [""mutant""], ""mutation_classes"": [""NONE""]}",NONE,[],9606,
alk cytoplasmic domain,CHEMBL4247,Q9UM73,alk cytoplasmic domain,alk cytoplasmic domain,alk|cytoplasmic|domain,,"{""parenthetical"": [], ""dropped"": [], ""mutations"": [], ""mutation_classes"": []}",,[],9606,
alk f1174l,CHEMBL4247,Q9UM73,alk f1174l,alk f1174l,alk|f1174l,,"{""parenthetical"": [], ""dropped"": [], ""mutations"": [], ""mutation_classes"": []}",,[],9606,
alk f1174l mutant,CHEMBL4247,Q9UM73,alk f1174l,alk f1174l,alk|f1174l,,"{""parenthetical"": [], ""dropped"": [], ""mutations"": [""mutant""], ""mutation_classes"": [""NONE""]}",NONE,[],9606,
alk fusion,CHEMBL4247,Q9UM73,alk fusion,alk fusion,alk|fusion,,"{""parenthetical"": [], ""dropped"": [], ""mutations"": [], ""mutation_classes"": []}",,[],9606,
alk g1202r,CHEMBL4247,Q9UM73,alk g1202r,alk g1202r,alk|g1202r,,"{""parenthetical"": [], ""dropped"": [], ""mutations"": [], ""mutation_classes"": []}",,[],9606,
alk g1202r mutant,CHEMBL4247,Q9UM73,alk g1202r,alk g1202r,alk|g1202r,,"{""parenthetical"": [], ""dropped"": [], ""mutations"": [""mutant""], ""mutation_classes"": [""NONE""]}",NONE,[],9606,
alk g1202r mutant cytoplasmic domain,CHEMBL4247,Q9UM73,alk g1202r cytoplasmic domain,alk g1202r cytoplasmic domain,alk|g1202r|cytoplasmic|domain,,"{""parenthetical"": [], ""dropped"": [], ""mutations"": [""mutant""], ""mutation_classes"": [""NONE""]}",NONE,[],9606,
alk g1269a mutant,CHEMBL4247,Q9UM73,alk g1269a,alk g1269a,alk|g1269a,,"{""parenthetical"": [], ""dropped"": [], ""mutations"": [""mutant""], ""mutation_classes"": [""NONE""]}",NONE,[],9606,
alk kinase domain,CHEMBL4247,Q9UM73,alk kinase domain,alk kinase domain,alk|kinase|domain,,"{""parenthetical"": [], ""dropped"": [], ""mutations"": [], ""mutation_classes"": []}",,[],9606,
alk l1152r mutant,CHEMBL4247,Q9UM73,alk l1152r,alk l1152r,alk|l1152r,,"{""parenthetical"": [], ""dropped"": [], ""mutations"": [""mutant""], ""mutation_classes"": [""NONE""]}",NONE,[],9606,
alk l1196m,CHEMBL4247,Q9UM73,alk l1196m,alk l1196m,alk|l1196m,,"{""parenthetical"": [], ""dropped"": [], ""mutations"": [], ""mutation_classes"": []}",,[],9606,
alk l1196m mutant,CHEMBL4247,Q9UM73,alk l1196m,alk l1196m,alk|l1196m,,"{""parenthetical"": [], ""dropped"": [], ""mutations"": [""mutant""], ""mutation_classes"": [""NONE""]}",NONE,[],9606,
alk l1196m mutant cytoplasmic domain,CHEMBL4247,Q9UM73,alk l1196m cytoplasmic domain,alk l1196m cytoplasmic domain,alk|l1196m|cytoplasmic|domain,,"{""parenthetical"": [], ""dropped"": [], ""mutations"": [""mutant""], ""mutation_classes"": [""NONE""]}",NONE,[],9606,
alk l1196m mutant kinase domain,CHEMBL4247,Q9UM73,alk l1196m kinase domain,alk l1196m kinase domain,alk|l1196m|kinase|domain,,"{""parenthetical"": [], ""dropped"": [], ""mutations"": [""mutant""], ""mutation_classes"": [""NONE""]}",NONE,[],9606,
alk r1275q mutant,CHEMBL4247,Q9UM73,alk r1275q,alk r1275q,alk|r1275q,,"{""parenthetical"": [], ""dropped"": [], ""mutations"": [""mutant""], ""mutation_classes"": [""NONE""]}",NONE,[],9606,
alk s1206y mutant,CHEMBL4247,Q9UM73,alk s1206y,alk s1206y,alk|s1206y,,"{""parenthetical"": [], ""dropped"": [], ""mutations"": [""mutant""], ""mutation_classes"": [""NONE""]}",NONE,[],9606,
alk secondary l1196m mutant,CHEMBL4247,Q9UM73,alk secondary l1196m,alk secondary l1196m,alk|secondary|l1196m,,"{""parenthetical"": [], ""dropped"": [], ""mutations"": [""mutant""], ""mutation_classes"": [""NONE""]}",NONE,[],9606,
alk t1151ins mutant,CHEMBL4247,Q9UM73,alk,alk,alk,,"{""parenthetical"": [], ""dropped"": [], ""mutations"": [""t1151ins"", ""mutant""], ""mutation_classes"": [""INDEL_LIKE"", ""NONE""]}",INDEL_LIKE|NONE,[],9606,
alk t1151m mutant,CHEMBL4247,Q9UM73,alk t1151m,alk t1151m,alk|t1151m,,"{""parenthetical"": [], ""dropped"": [], ""mutations"": [""mutant""], ""mutation_classes"": [""NONE""]}",NONE,[],9606,
alk1,CHEMBL5311,P37023,alk1,alk1,alk1,,"{""parenthetical"": [], ""dropped"": [], ""mutations"": [], ""mutation_classes"": []}",,[],9606,
alk2,CHEMBL5903,Q04771,alk2,alk2,alk2,,"{""parenthetical"": [], ""dropped"": [], ""mutations"": [], ""mutation_classes"": []}",,[],9606,
alk3,CHEMBL5275,P36894,alk3,alk3,alk3,,"{""parenthetical"": [], ""dropped"": [], ""mutations"": [], ""mutation_classes"": []}",,[],9606,
alk4,CHEMBL5310,P36896,alk4,alk4,alk4,,"{""parenthetical"": [], ""dropped"": [], ""mutations"": [], ""mutation_classes"": []}",,[],9606,
alk5,CHEMBL4439,P36897,alk5,alk5,alk5,,"{""parenthetical"": [], ""dropped"": [], ""mutations"": [], ""mutation_classes"": []}",,[],9606,
alk5 kinase,CHEMBL4439,P36897,alk5 kinase,alk5 kinase,alk5|kinase,,"{""parenthetical"": [], ""dropped"": [], ""mutations"": [], ""mutation_classes"": []}",,[],9606,
alk6,CHEMBL5476,O00238,alk6,alk6,alk6,,"{""parenthetical"": [], ""dropped"": [], ""mutations"": [], ""mutation_classes"": []}",,[],9606,
alkaline phosphatase,CHEMBL5695,P19111,alkaline phosphatase,alkaline phosphatase,alkaline|phosphatase,,"{""parenthetical"": [], ""dropped"": [], ""mutations"": [], ""mutation_classes"": []}",,[],9606,
alpha - 1a adrenergic receptor,CHEMBL229,P35348,alpha 1a adrenergic|alpha-1a adrenergic|alpha-1a|alpha1a adrenergic|alpha1a,alpha 1a adrenergic receptor|alpha-1a adrenergic receptor|alpha-1a|alpha1a adrenergic receptor|alpha1a,alpha|1a|adrenergic|alpha-1a|alpha1a,adra1a,"{""parenthetical"": [], ""dropped"": [""receptor""], ""mutations"": [], ""mutation_classes"": []}",,[],9606,
alpha - 1b adrenergic receptor,CHEMBL232,P35368,alpha 1b adrenergic|alpha-1b adrenergic|alpha-1b|alpha1b adrenergic|alpha1b,alpha 1b adrenergic receptor|alpha-1b adrenergic receptor|alpha-1b|alpha1b adrenergic receptor|alpha1b,alpha|1b|adrenergic|alpha-1b|alpha1b,adra1b,"{""parenthetical"": [], ""dropped"": [""receptor""], ""mutations"": [], ""mutation_classes"": []}",,[],9606,
alpha - 1d adrenergic receptor,CHEMBL223,P25100,alpha 1d adrenergic|alpha-1d adrenergic|alpha-1d|alpha1d adrenergic|alpha1d,alpha 1d adrenergic receptor|alpha-1d adrenergic receptor|alpha-1d|alpha1d adrenergic receptor|alpha1d,alpha|1d|adrenergic|alpha-1d|alpha1d,adra1d adra1a,"{""parenthetical"": [], ""dropped"": [""receptor""], ""mutations"": [], ""mutation_classes"": []}",,[],9606,
alpha - 1g,CHEMBL4641,O43497,alpha 1g|alpha-1g|alpha1g,alpha 1g|alpha-1g|alpha1g,alpha|1g|alpha-1g|alpha1g,,"{""parenthetical"": [], ""dropped"": [], ""mutations"": [], ""mutation_classes"": []}",,[],9606,
alpha - 1g calcium channel,CHEMBL4641,O43497,alpha 1g calcium|alpha-1g calcium|alpha-1g|alpha1g calcium|alpha1g,alpha 1g calcium channel|alpha-1g calcium channel|alpha-1g|alpha1g calcium channel|alpha1g,alpha|1g|calcium|alpha-1g|alpha1g,cacna1g,"{""parenthetical"": [], ""dropped"": [""channel""], ""mutations"": [], ""mutation_classes"": []}",,[],9606,
alpha - 1g t - type calcium channel,CHEMBL4641,O43497,alpha 1g t type calcium|alpha-1g t type calcium|alpha-1g|alpha1g t type calcium|alpha1g|alpha 1g t-type calcium|t-type|alpha 1g ttype calcium|ttype,alpha 1g t type calcium channel|alpha-1g t type calcium channel|alpha-1g|alpha1g t type calcium channel|alpha1g|alpha 1g t-type calcium channel|t-type|alpha 1g ttype calcium channel|ttype,alpha|1g|t|type|calcium|alpha-1g|alpha1g|t-type|ttype,cacna1g cav3.1,"{""parenthetical"": [], ""dropped"": [""channel""], ""mutations"": [], ""mutation_classes"": []}",,[],9606,
alpha - 2 adrenergic receptor,CHEMBL1867,P08913,alpha 2 adrenergic|alpha-2 adrenergic|alpha-2|alpha2 adrenergic|alpha2,alpha 2 adrenergic receptor|alpha-2 adrenergic receptor|alpha-2|alpha2 adrenergic receptor|alpha2,alpha|2|adrenergic|alpha-2|alpha2,,"{""parenthetical"": [], ""dropped"": [""receptor""], ""mutations"": [], ""mutation_classes"": []}",,[],9606,
alpha - 2a adrenergic receptor,CHEMBL1867,P08913,alpha 2a adrenergic|alpha-2a adrenergic|alpha-2a|alpha2a adrenergic|alpha2a,alpha 2a adrenergic receptor|alpha-2a adrenergic receptor|alpha-2a|alpha2a adrenergic receptor|alpha2a,alpha|2a|adrenergic|alpha-2a|alpha2a,adra2a,"{""parenthetical"": [], ""dropped"": [""receptor""], ""mutations"": [], ""mutation_classes"": []}",,[],9606,
alpha - 2b adrenergic receptor,CHEMBL1942,P18089,alpha 2b adrenergic|alpha-2b adrenergic|alpha-2b|alpha2b adrenergic|alpha2b,alpha 2b adrenergic receptor|alpha-2b adrenergic receptor|alpha-2b|alpha2b adrenergic receptor|alpha2b,alpha|2b|adrenergic|alpha-2b|alpha2b,adra2b,"{""parenthetical"": [], ""dropped"": [""receptor""], ""mutations"": [], ""mutation_classes"": []}",,[],9606,
alpha - 2c adrenergic receptor,CHEMBL1916,P18825,alpha 2c adrenergic|alpha-2c adrenergic|alpha-2c|alpha2c adrenergic|alpha2c,alpha 2c adrenergic receptor|alpha-2c adrenergic receptor|alpha-2c|alpha2c adrenergic receptor|alpha2c,alpha|2c|adrenergic|alpha-2c|alpha2c,adra2c,"{""parenthetical"": [], ""dropped"": [""receptor""], ""mutations"": [], ""mutation_classes"": []}",,[],9606,
alpha - 7,CHEMBL2492,P36544,alpha 7|alpha-7|alpha7,alpha 7|alpha-7|alpha7,alpha|7|alpha-7|alpha7,,"{""parenthetical"": [], ""dropped"": [], ""mutations"": [], ""mutation_classes"": []}",,[],9606,
alpha - 7 homomers,CHEMBL2492,P36544,alpha 7 homomers|alpha-7 homomers|alpha-7|alpha7 homomers|alpha7,alpha 7 homomers|alpha-7 homomers|alpha-7|alpha7 homomers|alpha7,alpha|7|homomers|alpha-7|alpha7,,"{""parenthetical"": [], ""dropped"": [], ""mutations"": [], ""mutation_classes"": []}",,[],9606,
alpha - amylase,CHEMBL5730,P00690,alpha amylase|alpha-amylase|alphaamylase,alpha amylase|alpha-amylase|alphaamylase,alpha|amylase|alpha-amylase|alphaamylase,,"{""parenthetical"": [], ""dropped"": [], ""mutations"": [], ""mutation_classes"": []}",,[],9606,
alpha - glucosidase,CHEMBL2074,O43451,alpha glucosidase|alpha-glucosidase|alphaglucosidase,alpha glucosidase|alpha-glucosidase|alphaglucosidase,alpha|glucosidase|alpha-glucosidase|alphaglucosidase,,"{""parenthetical"": [], ""dropped"": [], ""mutations"": [], ""mutation_classes"": []}",,[],9606,
alpha - l - fucosidase,CHEMBL4176,P04066,alpha l fucosidase|alpha-l-fucosidase|alphalfucosidase,alpha l fucosidase|alpha-l-fucosidase|alphalfucosidase,alpha|l|fucosidase|alpha-l-fucosidase|alphalfucosidase,,"{""parenthetical"": [], ""dropped"": [], ""mutations"": [], ""mutation_classes"": []}",,[],9606,
alpha - l - fucosidase,CHEMBL3545,Q2KIM0,alpha l fucosidase|alpha-l-fucosidase|alphalfucosidase,alpha l fucosidase|alpha-l-fucosidase|alphalfucosidase,alpha|l|fucosidase|alpha-l-fucosidase|alphalfucosidase,,"{""parenthetical"": [], ""dropped"": [], ""mutations"": [], ""mutation_classes"": []}",,[],9606,
alpha - thrombin .,CHEMBL204,P00734,alpha thrombin|alpha-thrombin|alphathrombin,alpha thrombin|alpha-thrombin|alphathrombin,alpha|thrombin|alpha-thrombin|alphathrombin,,"{""parenthetical"": [], ""dropped"": [], ""mutations"": [], ""mutation_classes"": []}",,[],9606,
alpha 1a adrenergic receptor,CHEMBL229,P35348,alpha 1a adrenergic,alpha 1a adrenergic receptor,alpha|1a|adrenergic,,"{""parenthetical"": [], ""dropped"": [""receptor""], ""mutations"": [], ""mutation_classes"": []}",,[],9606,
alpha 1b adrenergic receptor,CHEMBL232,P35368,alpha 1b adrenergic,alpha 1b adrenergic receptor,alpha|1b|adrenergic,,"{""parenthetical"": [], ""dropped"": [""receptor""], ""mutations"": [], ""mutation_classes"": []}",,[],9606,
alpha 1d adrenergic receptor,CHEMBL223,P25100,alpha 1d adrenergic,alpha 1d adrenergic receptor,alpha|1d|adrenergic,,"{""parenthetical"": [], ""dropped"": [""receptor""], ""mutations"": [], ""mutation_classes"": []}",,[],9606,
alpha 2a adrenergic receptor,CHEMBL1867,P08913,alpha 2a adrenergic,alpha 2a adrenergic receptor,alpha|2a|adrenergic,,"{""parenthetical"": [], ""dropped"": [""receptor""], ""mutations"": [], ""mutation_classes"": []}",,[],9606,
alpha carbonic anhydrase,CHEMBL3932,P40881,alpha carbonic anhydrase,alpha carbonic anhydrase,alpha|carbonic|anhydrase,,"{""parenthetical"": [], ""dropped"": [], ""mutations"": [], ""mutation_classes"": []}",,[],9606,
alpha carbonic anhydrase ( co - cam ),CHEMBL3932,P40881,alpha carbonic anhydrase,alpha carbonic anhydrase,alpha|carbonic|anhydrase,,"{""parenthetical"": [""co - cam""], ""dropped"": [], ""mutations"": [], ""mutation_classes"": []}",,[],9606,
alpha carbonic anhydrase ( zn - cam ),CHEMBL3932,P40881,alpha carbonic anhydrase,alpha carbonic anhydrase,alpha|carbonic|anhydrase,,"{""parenthetical"": [""zn - cam""], ""dropped"": [], ""mutations"": [], ""mutation_classes"": []}",,[],9606,
alpha dna polymerase,CHEMBL1828,P09884,alpha dna polymerase,alpha dna polymerase,alpha|dna|polymerase,,"{""parenthetical"": [], ""dropped"": [], ""mutations"": [], ""mutation_classes"": []}",,[],9606,
alpha mitogen activated protein kinase p38,CHEMBL260,Q16539,alpha mitogen activated kinase p38,alpha mitogen activated protein kinase p38,alpha|mitogen|activated|kinase|p38,,"{""parenthetical"": [], ""dropped"": [""protein""], ""mutations"": [], ""mutation_classes"": []}",,[],9606,
alpha1 adrenoceptor,CHEMBL213,P08588,alpha1 adrenoceptor,alpha1 adrenoceptor,alpha1|adrenoceptor,,"{""parenthetical"": [], ""dropped"": [], ""mutations"": [], ""mutation_classes"": []}",,[],9606,
alpha1a adrenoceptor,CHEMBL229,P35348,alpha1a adrenoceptor,alpha1a adrenoceptor,alpha1a|adrenoceptor,,"{""parenthetical"": [], ""dropped"": [], ""mutations"": [], ""mutation_classes"": []}",,[],9606,
alpha1d adrenoceptor,CHEMBL223,P25100,alpha1d adrenoceptor,alpha1d adrenoceptor,alpha1d|adrenoceptor,,"{""parenthetical"": [], ""dropped"": [], ""mutations"": [], ""mutation_classes"": []}",,[],9606,
alpha1g,CHEMBL4641,O43497,alpha1g,alpha1g,alpha1g,,"{""parenthetical"": [], ""dropped"": [], ""mutations"": [], ""mutation_classes"": []}",,[],9606,
alpha1g t,CHEMBL4641,O43497,alpha1g t,alpha1g t,alpha1g|t,,"{""parenthetical"": [], ""dropped"": [], ""mutations"": [], ""mutation_classes"": []}",,[],9606,
alpha1h t - type calcium channel,CHEMBL1859,O95180,alpha1h t type calcium|alpha1h t-type calcium|t-type|alpha1h ttype calcium|ttype,alpha1h t type calcium channel|alpha1h t-type calcium channel|t-type|alpha1h ttype calcium channel|ttype,alpha1h|t|type|calcium|t-type|ttype,,"{""parenthetical"": [], ""dropped"": [""channel""], ""mutations"": [], ""mutation_classes"": []}",,[],9606,
alpha2 adrenergic receptor,CHEMBL1867,P08913,alpha2 adrenergic,alpha2 adrenergic receptor,alpha2|adrenergic,,"{""parenthetical"": [], ""dropped"": [""receptor""], ""mutations"": [], ""mutation_classes"": []}",,[],9606,
alpha2 adrenoceptor,CHEMBL210,P07550,alpha2 adrenoceptor,alpha2 adrenoceptor,alpha2|adrenoceptor,,"{""parenthetical"": [], ""dropped"": [], ""mutations"": [], ""mutation_classes"": []}",,[],9606,
alpha2a ar,CHEMBL1867,P08913,alpha2a ar,alpha2a ar,alpha2a|ar,,"{""parenthetical"": [], ""dropped"": [], ""mutations"": [], ""mutation_classes"": []}",,[],9606,
alpha2b ar,CHEMBL1942,P18089,alpha2b ar,alpha2b ar,alpha2b|ar,,"{""parenthetical"": [], ""dropped"": [], ""mutations"": [], ""mutation_classes"": []}",,[],9606,
alpha2c ar,CHEMBL1916,P18825,alpha2c ar,alpha2c ar,alpha2c|ar,,"{""parenthetical"": [], ""dropped"": [], ""mutations"": [], ""mutation_classes"": []}",,[],9606,
alpha7 nachr,CHEMBL2492,P36544,alpha7 nachr,alpha7 nachr,alpha7|nachr,,"{""parenthetical"": [], ""dropped"": [], ""mutations"": [], ""mutation_classes"": []}",,[],9606,
alpha7 nachr,CHEMBL4980,Q05941,alpha7 nachr,alpha7 nachr,alpha7|nachr,,"{""parenthetical"": [], ""dropped"": [], ""mutations"": [], ""mutation_classes"": []}",,[],9606,
alr2,CHEMBL1900,P15121,alr2,alr2,alr2,,"{""parenthetical"": [], ""dropped"": [], ""mutations"": [], ""mutation_classes"": []}",,[],9606,
alr2,CHEMBL3081,P16116,alr2,alr2,alr2,,"{""parenthetical"": [], ""dropped"": [], ""mutations"": [], ""mutation_classes"": []}",,[],9606,
alr2 ( aldose reductase ),CHEMBL3081,P16116,alr2,alr2,alr2,,"{""parenthetical"": [""aldose reductase""], ""dropped"": [], ""mutations"": [], ""mutation_classes"": []}",,[],9606,
alr2 aldose reductase,CHEMBL2622,P07943,alr2 aldose reductase,alr2 aldose reductase,alr2|aldose|reductase,,"{""parenthetical"": [], ""dropped"": [], ""mutations"": [], ""mutation_classes"": []}",,[],9606,
aminopeptidase - m,CHEMBL1907,P15144,aminopeptidase m|aminopeptidase-m|aminopeptidasem,aminopeptidase m|aminopeptidase-m|aminopeptidasem,aminopeptidase|m|aminopeptidase-m|aminopeptidasem,,"{""parenthetical"": [], ""dropped"": [], ""mutations"": [], ""mutation_classes"": []}",,[],9606,
aminopeptidase m,CHEMBL2590,P15145,aminopeptidase m,aminopeptidase m,aminopeptidase|m,,"{""parenthetical"": [], ""dropped"": [], ""mutations"": [], ""mutation_classes"": []}",,[],9606,
aminopeptidase n,CHEMBL1907,P15144,aminopeptidase n,aminopeptidase n,aminopeptidase|n,,"{""parenthetical"": [], ""dropped"": [], ""mutations"": [], ""mutation_classes"": []}",,[],9606,
aminopeptidase n,CHEMBL2590,P15145,aminopeptidase n,aminopeptidase n,aminopeptidase|n,,"{""parenthetical"": [], ""dropped"": [], ""mutations"": [], ""mutation_classes"": []}",,[],9606,
aminopeptidase n ( apn ),CHEMBL2590,P15145,aminopeptidase n apn|apn,aminopeptidase n apn|apn,aminopeptidase|n|apn,,"{""parenthetical"": [""apn""], ""dropped"": [], ""mutations"": [], ""mutation_classes"": []}",,[],9606,
ampa receptor ionotropic glutamate receptor ionotropic kainate 2,CHEMBL3683,Q13002,ampa ionotropic glutamate ionotropic kainate 2|ampa ionotropic glutamate ionotropic kainate2|kainate2|ampa ionotropic glutamate ionotropic kainate-2|kainate-2,ampa receptor ionotropic glutamate kainate 2|ampa receptor ionotropic glutamate kainate2|kainate2|ampa receptor ionotropic glutamate kainate-2|kainate-2,ampa|ionotropic|glutamate|kainate|2|kainate2|kainate-2,oxtr gria1 gria2 gria3 gria4 grik1 grik2 grik3 grik4 grik5,"{""parenthetical"": [], ""dropped"": [""receptor"", ""receptor""], ""mutations"": [], ""mutation_classes"": []}",,[],9606,
ampc,CHEMBL2725,P05364,ampc,ampc,ampc,,"{""parenthetical"": [], ""dropped"": [], ""mutations"": [], ""mutation_classes"": []}",,[],9606,
amyloid,CHEMBL2487,P05067,amyloid,amyloid,amyloid,,"{""parenthetical"": [], ""dropped"": [], ""mutations"": [], ""mutation_classes"": []}",,[],9606,
amyloid - beta aggregates,CHEMBL2487,P05067,amyloid beta aggregates|amyloid-beta aggregates|amyloid-beta|amyloidbeta aggregates|amyloidbeta,amyloid beta aggregates|amyloid-beta aggregates|amyloid-beta|amyloidbeta aggregates|amyloidbeta,amyloid|beta|aggregates|amyloid-beta|amyloidbeta,,"{""parenthetical"": [], ""dropped"": [], ""mutations"": [], ""mutation_classes"": []}",,[],9606,
amyloid beta,CHEMBL2487,P05067,amyloid beta,amyloid beta,amyloid|beta,,"{""parenthetical"": [], ""dropped"": [], ""mutations"": [], ""mutation_classes"": []}",,[],9606,
amyloid beta ( 1 - 40 ),CHEMBL2487,P05067,amyloid beta 1 40|amyloid beta 1-40|1-40|amyloid beta 140|140|amyloid beta1 40|beta1|amyloid beta-1 40|beta-1|1 - 40,amyloid beta 1 40|amyloid beta 1-40|1-40|amyloid beta 140|140|amyloid beta1 40|beta1|amyloid beta-1 40|beta-1|1 - 40,amyloid|beta|1|40|1-40|140|beta1|beta-1,,"{""parenthetical"": [""1 - 40""], ""dropped"": [], ""mutations"": [], ""mutation_classes"": []}",,[],9606,
amyloid beta ( 1 - 42 ),CHEMBL2487,P05067,amyloid beta 1 42|amyloid beta 1-42|1-42|amyloid beta 142|142|amyloid beta1 42|beta1|amyloid beta-1 42|beta-1|1 - 42,amyloid beta 1 42|amyloid beta 1-42|1-42|amyloid beta 142|142|amyloid beta1 42|beta1|amyloid beta-1 42|beta-1|1 - 42,amyloid|beta|1|42|1-42|142|beta1|beta-1,,"{""parenthetical"": [""1 - 42""], ""dropped"": [], ""mutations"": [], ""mutation_classes"": []}",,[],9606,
amyloid beta ( 1 to 40 ),CHEMBL2487,P05067,amyloid beta,amyloid beta,amyloid|beta,,"{""parenthetical"": [""1 to 40""], ""dropped"": [], ""mutations"": [], ""mutation_classes"": []}",,[],9606,
amyloid beta ( 1 to 40 ) fibrils,CHEMBL2487,P05067,amyloid beta fibrils,amyloid beta fibrils,amyloid|beta|fibrils,,"{""parenthetical"": [""1 to 40""], ""dropped"": [], ""mutations"": [], ""mutation_classes"": []}",,[],9606,
amyloid beta ( 1 to 42 ),CHEMBL2487,P05067,amyloid beta,amyloid beta,amyloid|beta,,"{""parenthetical"": [""1 to 42""], ""dropped"": [], ""mutations"": [], ""mutation_classes"": []}",,[],9606,
amyloid beta ( 1 to 42 ) aggregates,CHEMBL2487,P05067,amyloid beta aggregates,amyloid beta aggregates,amyloid|beta|aggregates,,"{""parenthetical"": [""1 to 42""], ""dropped"": [], ""mutations"": [], ""mutation_classes"": []}",,[],9606,
amyloid beta aggregates,CHEMBL2487,P05067,amyloid beta aggregates,amyloid beta aggregates,amyloid|beta|aggregates,,"{""parenthetical"": [], ""dropped"": [], ""mutations"": [], ""mutation_classes"": []}",,[],9606,
amyloid beta plaque,CHEMBL2487,P05067,amyloid beta plaque,amyloid beta plaque,amyloid|beta|plaque,,"{""parenthetical"": [], ""dropped"": [], ""mutations"": [], ""mutation_classes"": []}",,[],9606,
androgen receptor,CHEMBL1871,P10275,androgen,androgen receptor,androgen,,"{""parenthetical"": [], ""dropped"": [""receptor""], ""mutations"": [], ""mutation_classes"": []}",,[],9606,
androgen receptor,CHEMBL3072,P15207,androgen,androgen receptor,androgen,,"{""parenthetical"": [], ""dropped"": [""receptor""], ""mutations"": [], ""mutation_classes"": []}",,[],9606,
androgen receptor,CHEMBL3056,P19091,androgen,androgen receptor,androgen,,"{""parenthetical"": [], ""dropped"": [""receptor""], ""mutations"": [], ""mutation_classes"": []}",,[],9606,
androgen receptor ( har ),CHEMBL1871,P10275,androgen har|har,androgen receptor har|har,androgen|har,,"{""parenthetical"": [""har""], ""dropped"": [""receptor""], ""mutations"": [], ""mutation_classes"": []}",,[],9606,
androgen receptor h874y mutant,CHEMBL1871,P10275,androgen h874y,androgen receptor h874y,androgen|h874y,,"{""parenthetical"": [], ""dropped"": [""receptor""], ""mutations"": [""mutant""], ""mutation_classes"": [""NONE""]}",NONE,[],9606,
androgen receptor lbd,CHEMBL1871,P10275,androgen lbd,androgen receptor lbd,androgen|lbd,,"{""parenthetical"": [], ""dropped"": [""receptor""], ""mutations"": [], ""mutation_classes"": []}",,[],9606,
androgen receptor lbd,CHEMBL3072,P15207,androgen lbd,androgen receptor lbd,androgen|lbd,,"{""parenthetical"": [], ""dropped"": [""receptor""], ""mutations"": [], ""mutation_classes"": []}",,[],9606,
androgen receptor lbd domain,CHEMBL1871,P10275,androgen lbd domain,androgen receptor lbd domain,androgen|lbd|domain,,"{""parenthetical"": [], ""dropped"": [""receptor""], ""mutations"": [], ""mutation_classes"": []}",,[],9606,
androgen receptor ligand binding domain,CHEMBL1871,P10275,androgen ligand binding domain,androgen receptor ligand binding domain,androgen|ligand|binding|domain,,"{""parenthetical"": [], ""dropped"": [""receptor""], ""mutations"": [], ""mutation_classes"": []}",,[],9606,
androgen receptor t877a mutant,CHEMBL1871,P10275,androgen t877a,androgen receptor t877a,androgen|t877a,,"{""parenthetical"": [], ""dropped"": [""receptor""], ""mutations"": [""mutant""], ""mutation_classes"": [""NONE""]}",NONE,[],9606,
angiotensin 2 receptor,CHEMBL227,P30556,angiotensin 2|angiotensin2|angiotensin-2,angiotensin 2 receptor|angiotensin2 receptor|angiotensin2|angiotensin-2 receptor|angiotensin-2,angiotensin|2|angiotensin2|angiotensin-2,,"{""parenthetical"": [], ""dropped"": [""receptor""], ""mutations"": [], ""mutation_classes"": []}",,[],9606,
angiotensin at1 receptor,CHEMBL227,P30556,angiotensin at1,angiotensin at1 receptor,angiotensin|at1,agtr1,"{""parenthetical"": [], ""dropped"": [""receptor""], ""mutations"": [], ""mutation_classes"": []}",,[],9606,
angiotensin at1 receptor,CHEMBL3948,P34976,angiotensin at1,angiotensin at1 receptor,angiotensin|at1,agtr1,"{""parenthetical"": [], ""dropped"": [""receptor""], ""mutations"": [], ""mutation_classes"": []}",,[],9606,
angiotensin at1 receptor,CHEMBL1671613,Q9WV26,angiotensin at1,angiotensin at1 receptor,angiotensin|at1,agtr1,"{""parenthetical"": [], ""dropped"": [""receptor""], ""mutations"": [], ""mutation_classes"": []}",,[],9606,
angiotensin i ( at1 ) receptor,CHEMBL3948,P34976,angiotensin i at1|at1,angiotensin i receptor at1|at1,angiotensin|i|at1,,"{""parenthetical"": [""at1""], ""dropped"": [""receptor""], ""mutations"": [], ""mutation_classes"": []}",,[],9606,
angiotensin i converting enzyme,CHEMBL1808,P12821,angiotensin i converting enzyme,angiotensin i converting enzyme,angiotensin|i|converting|enzyme,,"{""parenthetical"": [], ""dropped"": [], ""mutations"": [], ""mutation_classes"": []}",,[],9606,
angiotensin i converting enzyme,CHEMBL4074,P12822,angiotensin i converting enzyme,angiotensin i converting enzyme,angiotensin|i|converting|enzyme,,"{""parenthetical"": [], ""dropped"": [], ""mutations"": [], ""mutation_classes"": []}",,[],9606,
angiotensin ii at1 receptor,CHEMBL3948,P34976,angiotensin 2 at1|angiotensin2 at1|angiotensin2|angiotensin-2 at1|angiotensin-2,angiotensin 2 at1 receptor|angiotensin2 at1 receptor|angiotensin2|angiotensin-2 at1 receptor|angiotensin-2,angiotensin|2|at1|angiotensin2|angiotensin-2,agtr1,"{""parenthetical"": [], ""dropped"": [""receptor""], ""mutations"": [], ""mutation_classes"": []}",,[],9606,
angiotensin ii receptor,CHEMBL3948,P34976,angiotensin 2|angiotensin2|angiotensin-2,angiotensin 2 receptor|angiotensin2 receptor|angiotensin2|angiotensin-2 receptor|angiotensin-2,angiotensin|2|angiotensin2|angiotensin-2,,"{""parenthetical"": [], ""dropped"": [""receptor""], ""mutations"": [], ""mutation_classes"": []}",,[],9606,
angiotensin ii receptor,CHEMBL4607,P50052,angiotensin 2|angiotensin2|angiotensin-2,angiotensin 2 receptor|angiotensin2 receptor|angiotensin2|angiotensin-2 receptor|angiotensin-2,angiotensin|2|angiotensin2|angiotensin-2,,"{""parenthetical"": [], ""dropped"": [""receptor""], ""mutations"": [], ""mutation_classes"": []}",,[],9606,
"angiotensin ii receptor , type 1",CHEMBL227,P30556,angiotensin 2 type 1|angiotensin2 type 1|angiotensin2|angiotensin-2 type 1|angiotensin-2|angiotensin 2 type1|type1|angiotensin 2 type-1|type-1,angiotensin 2 receptor type 1|angiotensin2 receptor type 1|angiotensin2|angiotensin-2 receptor type 1|angiotensin-2|angiotensin 2 receptor type1|type1|angiotensin 2 receptor type-1|type-1,angiotensin|2|type|1|angiotensin2|angiotensin-2|type1|type-1,agtr1,"{""parenthetical"": [], ""dropped"": [""receptor""], ""mutations"": [], ""mutation_classes"": []}",,[],9606,
"angiotensin ii receptor , type 1",CHEMBL3948,P34976,angiotensin 2 type 1|angiotensin2 type 1|angiotensin2|angiotensin-2 type 1|angiotensin-2|angiotensin 2 type1|type1|angiotensin 2 type-1|type-1,angiotensin 2 receptor type 1|angiotensin2 receptor type 1|angiotensin2|angiotensin-2 receptor type 1|angiotensin-2|angiotensin 2 receptor type1|type1|angiotensin 2 receptor type-1|type-1,angiotensin|2|type|1|angiotensin2|angiotensin-2|type1|type-1,agtr1,"{""parenthetical"": [], ""dropped"": [""receptor""], ""mutations"": [], ""mutation_classes"": []}",,[],9606,
"angiotensin ii receptor , type 1",CHEMBL1671613,Q9WV26,angiotensin 2 type 1|angiotensin2 type 1|angiotensin2|angiotensin-2 type 1|angiotensin-2|angiotensin 2 type1|type1|angiotensin 2 type-1|type-1,angiotensin 2 receptor type 1|angiotensin2 receptor type 1|angiotensin2|angiotensin-2 receptor type 1|angiotensin-2|angiotensin 2 receptor type1|type1|angiotensin 2 receptor type-1|type-1,angiotensin|2|type|1|angiotensin2|angiotensin-2|type1|type-1,agtr1,"{""parenthetical"": [], ""dropped"": [""receptor""], ""mutations"": [], ""mutation_classes"": []}",,[],9606,
ano1,CHEMBL2046267,Q5XXA6,ano1,ano1,ano1,,"{""parenthetical"": [], ""dropped"": [], ""mutations"": [], ""mutation_classes"": []}",,[],9606,
ano1 channel,CHEMBL2046267,Q5XXA6,ano1,ano1 channel,ano1,tmem16a ano1,"{""parenthetical"": [], ""dropped"": [""channel""], ""mutations"": [], ""mutation_classes"": []}",,[],9606,
aorepinephrine transporter,CHEMBL222,P23975,aorepinephrine transporter,aorepinephrine transporter,aorepinephrine|transporter,,"{""parenthetical"": [], ""dropped"": [], ""mutations"": [], ""mutation_classes"": []}",,[],9606,
ap - m ),CHEMBL2590,P15145,ap m )|ap-m )|ap-m|apm )|apm,ap m )|ap-m )|ap-m|apm )|apm,ap|m|)|ap-m|apm,,"{""parenthetical"": [], ""dropped"": [], ""mutations"": [], ""mutation_classes"": []}",,[],9606,
apc,CHEMBL4444,P04070,apc,apc,apc,,"{""parenthetical"": [], ""dropped"": [], ""mutations"": [], ""mutation_classes"": []}",,[],9606,
ape1,CHEMBL5619,P27695,ape1,ape1,ape1,,"{""parenthetical"": [], ""dropped"": [], ""mutations"": [], ""mutation_classes"": []}",,[],9606,
apn,CHEMBL1907,P15144,apn,apn,apn,,"{""parenthetical"": [], ""dropped"": [], ""mutations"": [], ""mutation_classes"": []}",,[],9606,
apn,CHEMBL2590,P15145,apn,apn,apn,,"{""parenthetical"": [], ""dropped"": [], ""mutations"": [], ""mutation_classes"": []}",,[],9606,
apn ),CHEMBL2590,P15145,apn ),apn ),apn|),,"{""parenthetical"": [], ""dropped"": [], ""mutations"": [], ""mutation_classes"": []}",,[],9606,
app,CHEMBL2487,P05067,app,app,app,,"{""parenthetical"": [], ""dropped"": [], ""mutations"": [], ""mutation_classes"": []}",,[],9606,
app,CHEMBL4822,P56817,app,app,app,,"{""parenthetical"": [], ""dropped"": [], ""mutations"": [], ""mutation_classes"": []}",,[],9606,
app751,CHEMBL2487,P05067,app751,app751,app751,,"{""parenthetical"": [], ""dropped"": [], ""mutations"": [], ""mutation_classes"": []}",,[],9606,
app751,CHEMBL4822,P56817,app751,app751,app751,,"{""parenthetical"": [], ""dropped"": [], ""mutations"": [], ""mutation_classes"": []}",,[],9606,
ar,CHEMBL1871,P10275,ar,ar,ar,,"{""parenthetical"": [], ""dropped"": [], ""mutations"": [], ""mutation_classes"": []}",,[],9606,
ar,CHEMBL3072,P15207,ar,ar,ar,,"{""parenthetical"": [], ""dropped"": [], ""mutations"": [], ""mutation_classes"": []}",,[],9606,
ar,CHEMBL3056,P19091,ar,ar,ar,,"{""parenthetical"": [], ""dropped"": [], ""mutations"": [], ""mutation_classes"": []}",,[],9606,
ar ligand binding domain,CHEMBL1871,P10275,ar ligand binding domain,ar ligand binding domain,ar|ligand|binding|domain,,"{""parenthetical"": [], ""dropped"": [], ""mutations"": [], ""mutation_classes"": []}",,[],9606,
ar t877a mutant,CHEMBL1871,P10275,ar t877a,ar t877a,ar|t877a,,"{""parenthetical"": [], ""dropped"": [], ""mutations"": [""mutant""], ""mutation_classes"": [""NONE""]}",NONE,[],9606,
arachidonate 15 - lipoxygenase,CHEMBL4358,P12530,arachidonate 15 lipoxygenase|arachidonate 15-lipoxygenase|15-lipoxygenase|arachidonate 15lipoxygenase|15lipoxygenase|arachidonate15 lipoxygenase|arachidonate15|arachidonate-15 lipoxygenase|arachidonate-15,arachidonate 15 lipoxygenase|arachidonate 15-lipoxygenase|15-lipoxygenase|arachidonate 15lipoxygenase|15lipoxygenase|arachidonate15 lipoxygenase|arachidonate15|arachidonate-15 lipoxygenase|arachidonate-15,arachidonate|15|lipoxygenase|15-lipoxygenase|15lipoxygenase|arachidonate15|arachidonate-15,,"{""parenthetical"": [], ""dropped"": [], ""mutations"": [], ""mutation_classes"": []}",,[],9606,
arachidonate 5 - lipoxygenase,CHEMBL215,P09917,arachidonate 5 lipoxygenase|arachidonate 5-lipoxygenase|5-lipoxygenase|arachidonate 5lipoxygenase|5lipoxygenase|arachidonate5 lipoxygenase|arachidonate5|arachidonate-5 lipoxygenase|arachidonate-5,arachidonate 5 lipoxygenase|arachidonate 5-lipoxygenase|5-lipoxygenase|arachidonate 5lipoxygenase|5lipoxygenase|arachidonate5 lipoxygenase|arachidonate5|arachidonate-5 lipoxygenase|arachidonate-5,arachidonate|5|lipoxygenase|5-lipoxygenase|5lipoxygenase|arachidonate5|arachidonate-5,,"{""parenthetical"": [], ""dropped"": [], ""mutations"": [], ""mutation_classes"": []}",,[],9606,
araf,CHEMBL1169596,P10398,araf,araf,araf,,"{""parenthetical"": [], ""dropped"": [], ""mutations"": [], ""mutation_classes"": []}",,[],9606,
arg1,CHEMBL1075097,P05089,arg1,arg1,arg1,,"{""parenthetical"": [], ""dropped"": [], ""mutations"": [], ""mutation_classes"": []}",,[],9606,
arg1,CHEMBL3232699,P07824,arg1,arg1,arg1,,"{""parenthetical"": [], ""dropped"": [], ""mutations"": [], ""mutation_classes"": []}",,[],9606,
arg2,CHEMBL1795148,P78540,arg2,arg2,arg2,,"{""parenthetical"": [], ""dropped"": [], ""mutations"": [], ""mutation_classes"": []}",,[],9606,
arginase,CHEMBL3232699,P07824,arginase,arginase,arginase,,"{""parenthetical"": [], ""dropped"": [], ""mutations"": [], ""mutation_classes"": []}",,[],9606,
arginase 1,CHEMBL1075097,P05089,arginase 1|arginase1|arginase-1,arginase 1|arginase1|arginase-1,arginase|1|arginase1|arginase-1,,"{""parenthetical"": [], ""dropped"": [], ""mutations"": [], ""mutation_classes"": []}",,[],9606,
arginase 2,CHEMBL1795148,P78540,arginase 2|arginase2|arginase-2,arginase 2|arginase2|arginase-2,arginase|2|arginase2|arginase-2,,"{""parenthetical"": [], ""dropped"": [], ""mutations"": [], ""mutation_classes"": []}",,[],9606,
ark5,CHEMBL5784,O60285,ark5,ark5,ark5,,"{""parenthetical"": [], ""dropped"": [], ""mutations"": [], ""mutation_classes"": []}",,[],9606,
aromatase,CHEMBL2034,P04150,aromatase,aromatase,aromatase,,"{""parenthetical"": [], ""dropped"": [], ""mutations"": [], ""mutation_classes"": []}",,[],9606,
aromatase,CHEMBL1978,P11511,aromatase,aromatase,aromatase,,"{""parenthetical"": [], ""dropped"": [], ""mutations"": [], ""mutation_classes"": []}",,[],9606,
aromatase cytochrome p450 19a1,CHEMBL1978,P11511,aromatase cytochrome p450 19a1,aromatase cytochrome p450 19a1,aromatase|cytochrome|p450|19a1,,"{""parenthetical"": [], ""dropped"": [], ""mutations"": [], ""mutation_classes"": []}",,[],9606,
aromatase cytochrome p45019a1,CHEMBL1978,P11511,aromatase cytochrome p45019a1,aromatase cytochrome p45019a1,aromatase|cytochrome|p45019a1,,"{""parenthetical"": [], ""dropped"": [], ""mutations"": [], ""mutation_classes"": []}",,[],9606,
aromatase inhibitor,CHEMBL1978,P11511,aromatase inhibitor,aromatase inhibitor,aromatase|inhibitor,,"{""parenthetical"": [], ""dropped"": [], ""mutations"": [], ""mutation_classes"": []}",,[],9606,
aromatase protein,CHEMBL1978,P11511,aromatase,aromatase protein,aromatase,,"{""parenthetical"": [], ""dropped"": [""protein""], ""mutations"": [], ""mutation_classes"": []}",,[],9606,
artd1,CHEMBL3105,P09874,artd1,artd1,artd1,,"{""parenthetical"": [], ""dropped"": [], ""mutations"": [], ""mutation_classes"": []}",,[],9606,
artd10,CHEMBL2429708,Q53GL7,artd10,artd10,artd10,,"{""parenthetical"": [], ""dropped"": [], ""mutations"": [], ""mutation_classes"": []}",,[],9606,
artd5,CHEMBL6164,O95271,artd5,artd5,artd5,,"{""parenthetical"": [], ""dropped"": [], ""mutations"": [], ""mutation_classes"": []}",,[],9606,
artd6,CHEMBL6154,Q9H2K2,artd6,artd6,artd6,,"{""parenthetical"": [], ""dropped"": [], ""mutations"": [], ""mutation_classes"": []}",,[],9606,
artd8,CHEMBL2176777,Q460N5,artd8,artd8,artd8,,"{""parenthetical"": [], ""dropped"": [], ""mutations"": [], ""mutation_classes"": []}",,[],9606,
asbt,CHEMBL2778,Q12908,asbt,asbt,asbt,,"{""parenthetical"": [], ""dropped"": [], ""mutations"": [], ""mutation_classes"": []}",,[],9606,
ask1,CHEMBL5285,Q99683,ask1,ask1,ask1,,"{""parenthetical"": [], ""dropped"": [], ""mutations"": [], ""mutation_classes"": []}",,[],9606,
asns,CHEMBL3120,P08243,asns,asns,asns,,"{""parenthetical"": [], ""dropped"": [], ""mutations"": [], ""mutation_classes"": []}",,[],9606,
aspartic protease,CHEMBL243,Q72874,aspartic protease,aspartic protease,aspartic|protease,,"{""parenthetical"": [], ""dropped"": [], ""mutations"": [], ""mutation_classes"": []}",,[],9606,
at d1 receptor,CHEMBL2056,P21728,at d1,at d1 receptor,at|d1,drd1,"{""parenthetical"": [], ""dropped"": [""receptor""], ""mutations"": [], ""mutation_classes"": []}",,[],9606,
at d2s receptor,CHEMBL217,P14416,at d2s,at d2s receptor,at|d2s,drd2,"{""parenthetical"": [], ""dropped"": [""receptor""], ""mutations"": [], ""mutation_classes"": []}",,[],9606,
at d3 receptor,CHEMBL234,P35462,at d3,at d3 receptor,at|d3,drd3,"{""parenthetical"": [], ""dropped"": [""receptor""], ""mutations"": [], ""mutation_classes"": []}",,[],9606,
at d4 receptor,CHEMBL219,P21917,at d4,at d4 receptor,at|d4,drd4,"{""parenthetical"": [], ""dropped"": [""receptor""], ""mutations"": [], ""mutation_classes"": []}",,[],9606,
at1 receptor,CHEMBL227,P30556,at1,at1 receptor,at1,agtr1,"{""parenthetical"": [], ""dropped"": [""receptor""], ""mutations"": [], ""mutation_classes"": []}",,[],9606,
at1 receptor,CHEMBL3948,P34976,at1,at1 receptor,at1,agtr1,"{""parenthetical"": [], ""dropped"": [""receptor""], ""mutations"": [], ""mutation_classes"": []}",,[],9606,
at2 receptor,CHEMBL4607,P50052,at2,at2 receptor,at2,agtr2,"{""parenthetical"": [], ""dropped"": [""receptor""], ""mutations"": [], ""mutation_classes"": []}",,[],9606,
at2 receptor,CHEMBL1163122,Q2XUH7,at2,at2 receptor,at2,agtr2,"{""parenthetical"": [], ""dropped"": [""receptor""], ""mutations"": [], ""mutation_classes"": []}",,[],9606,
atad2,CHEMBL2150837,Q6PL18,atad2,atad2,atad2,,"{""parenthetical"": [], ""dropped"": [], ""mutations"": [], ""mutation_classes"": []}",,[],9606,
atg4b,CHEMBL1741221,Q9Y4P1,atg4b,atg4b,atg4b,,"{""parenthetical"": [], ""dropped"": [], ""mutations"": [], ""mutation_classes"": []}",,[],9606,
atm,CHEMBL3797,Q13315,atm,atm,atm,,"{""parenthetical"": [], ""dropped"": [], ""mutations"": [], ""mutation_classes"": []}",,[],9606,
atm kinase,CHEMBL3797,Q13315,atm kinase,atm kinase,atm|kinase,,"{""parenthetical"": [], ""dropped"": [], ""mutations"": [], ""mutation_classes"": []}",,[],9606,
atomatase,CHEMBL1978,P11511,atomatase,atomatase,atomatase,,"{""parenthetical"": [], ""dropped"": [], ""mutations"": [], ""mutation_classes"": []}",,[],9606,
atp - citrate lyase,CHEMBL3720,P53396,atp citrate lyase|atp-citrate lyase|atp-citrate|atpcitrate lyase|atpcitrate,atp citrate lyase|atp-citrate lyase|atp-citrate|atpcitrate lyase|atpcitrate,atp|citrate|lyase|atp-citrate|atpcitrate,,"{""parenthetical"": [], ""dropped"": [], ""mutations"": [], ""mutation_classes"": []}",,[],9606,
atp citrate lyase,CHEMBL3720,P53396,atp citrate lyase,atp citrate lyase,atp|citrate|lyase,,"{""parenthetical"": [], ""dropped"": [], ""mutations"": [], ""mutation_classes"": []}",,[],9606,
atr,CHEMBL5024,Q13535,atr,atr,atr,,"{""parenthetical"": [], ""dropped"": [], ""mutations"": [], ""mutation_classes"": []}",,[],9606,
atr1,CHEMBL227,P30556,atr1,atr1,atr1,,"{""parenthetical"": [], ""dropped"": [], ""mutations"": [], ""mutation_classes"": []}",,[],9606,
atrip,CHEMBL5024,Q13535,atrip,atrip,atrip,,"{""parenthetical"": [], ""dropped"": [], ""mutations"": [], ""mutation_classes"": []}",,[],9606,
atx,CHEMBL3691,Q13822,atx,atx,atx,,"{""parenthetical"": [], ""dropped"": [], ""mutations"": [], ""mutation_classes"": []}",,[],9606,
atx,CHEMBL3826870,Q64610,atx,atx,atx,,"{""parenthetical"": [], ""dropped"": [], ""mutations"": [], ""mutation_classes"": []}",,[],9606,
atx,CHEMBL3826871,Q9R1E6,atx,atx,atx,,"{""parenthetical"": [], ""dropped"": [], ""mutations"": [], ""mutation_classes"": []}",,[],9606,
atx beta,CHEMBL3691,Q13822,atx beta,atx beta,atx|beta,,"{""parenthetical"": [], ""dropped"": [], ""mutations"": [], ""mutation_classes"": []}",,[],9606,
aura kinase,CHEMBL4722,O14965,aura kinase,aura kinase,aura|kinase,,"{""parenthetical"": [], ""dropped"": [], ""mutations"": [], ""mutation_classes"": []}",,[],9606,
aurka,CHEMBL4722,O14965,aurka,aurka,aurka,,"{""parenthetical"": [], ""dropped"": [], ""mutations"": [], ""mutation_classes"": []}",,[],9606,
aurkb,CHEMBL2185,Q96GD4,aurkb,aurkb,aurkb,,"{""parenthetical"": [], ""dropped"": [], ""mutations"": [], ""mutation_classes"": []}",,[],9606,
aurora - a,CHEMBL4722,O14965,aurora a|aurora-a|auroraa,aurora a|aurora-a|auroraa,aurora|a|aurora-a|auroraa,,"{""parenthetical"": [], ""dropped"": [], ""mutations"": [], ""mutation_classes"": []}",,[],9606,
aurora - a kinase,CHEMBL4722,O14965,aurora a kinase|aurora-a kinase|aurora-a|auroraa kinase|auroraa,aurora a kinase|aurora-a kinase|aurora-a|auroraa kinase|auroraa,aurora|a|kinase|aurora-a|auroraa,,"{""parenthetical"": [], ""dropped"": [], ""mutations"": [], ""mutation_classes"": []}",,[],9606,
aurora - b,CHEMBL2185,Q96GD4,aurora b|aurora-b|aurorab,aurora b|aurora-b|aurorab,aurora|b|aurora-b|aurorab,,"{""parenthetical"": [], ""dropped"": [], ""mutations"": [], ""mutation_classes"": []}",,[],9606,
aurora - b kinase,CHEMBL2185,Q96GD4,aurora b kinase|aurora-b kinase|aurora-b|aurorab kinase|aurorab,aurora b kinase|aurora-b kinase|aurora-b|aurorab kinase|aurorab,aurora|b|kinase|aurora-b|aurorab,,"{""parenthetical"": [], ""dropped"": [], ""mutations"": [], ""mutation_classes"": []}",,[],9606,
aurora - c,CHEMBL3935,Q9UQB9,aurora c|aurora-c|aurorac,aurora c|aurora-c|aurorac,aurora|c|aurora-c|aurorac,,"{""parenthetical"": [], ""dropped"": [], ""mutations"": [], ""mutation_classes"": []}",,[],9606,
aurora 1,CHEMBL4722,O14965,aurora 1|aurora1|aurora-1,aurora 1|aurora1|aurora-1,aurora|1|aurora1|aurora-1,,"{""parenthetical"": [], ""dropped"": [], ""mutations"": [], ""mutation_classes"": []}",,[],9606,
aurora 2,CHEMBL2185,Q96GD4,aurora 2|aurora2|aurora-2,aurora 2|aurora2|aurora-2,aurora|2|aurora2|aurora-2,,"{""parenthetical"": [], ""dropped"": [], ""mutations"": [], ""mutation_classes"": []}",,[],9606,
aurora 3,CHEMBL3935,Q9UQB9,aurora 3|aurora3|aurora-3,aurora 3|aurora3|aurora-3,aurora|3|aurora3|aurora-3,,"{""parenthetical"": [], ""dropped"": [], ""mutations"": [], ""mutation_classes"": []}",,[],9606,
aurora a,CHEMBL4722,O14965,aurora a,aurora a,aurora|a,,"{""parenthetical"": [], ""dropped"": [], ""mutations"": [], ""mutation_classes"": []}",,[],9606,
aurora a kinase,CHEMBL4722,O14965,aurora a kinase,aurora a kinase,aurora|a|kinase,,"{""parenthetical"": [], ""dropped"": [], ""mutations"": [], ""mutation_classes"": []}",,[],9606,
aurora a kinase,CHEMBL2211,P97477,aurora a kinase,aurora a kinase,aurora|a|kinase,,"{""parenthetical"": [], ""dropped"": [], ""mutations"": [], ""mutation_classes"": []}",,[],9606,
aurora b,CHEMBL2185,Q96GD4,aurora b,aurora b,aurora|b,,"{""parenthetical"": [], ""dropped"": [], ""mutations"": [], ""mutation_classes"": []}",,[],9606,
aurora b kinase,CHEMBL1075275,O70126,aurora b kinase,aurora b kinase,aurora|b|kinase,,"{""parenthetical"": [], ""dropped"": [], ""mutations"": [], ""mutation_classes"": []}",,[],9606,
aurora b kinase,CHEMBL2185,Q96GD4,aurora b kinase,aurora b kinase,aurora|b|kinase,,"{""parenthetical"": [], ""dropped"": [], ""mutations"": [], ""mutation_classes"": []}",,[],9606,
aurora c,CHEMBL3935,Q9UQB9,aurora c,aurora c,aurora|c,,"{""parenthetical"": [], ""dropped"": [], ""mutations"": [], ""mutation_classes"": []}",,[],9606,
aurora c kinase,CHEMBL3935,Q9UQB9,aurora c kinase,aurora c kinase,aurora|c|kinase,,"{""parenthetical"": [], ""dropped"": [], ""mutations"": [], ""mutation_classes"": []}",,[],9606,
aurora kinase a,CHEMBL4722,O14965,aurora kinase a,aurora kinase a,aurora|kinase|a,,"{""parenthetical"": [], ""dropped"": [], ""mutations"": [], ""mutation_classes"": []}",,[],9606,
aurora kinase b,CHEMBL2185,Q96GD4,aurora kinase b,aurora kinase b,aurora|kinase|b,,"{""parenthetical"": [], ""dropped"": [], ""mutations"": [], ""mutation_classes"": []}",,[],9606,
aurora kinase c,CHEMBL3935,Q9UQB9,aurora kinase c,aurora kinase c,aurora|kinase|c,,"{""parenthetical"": [], ""dropped"": [], ""mutations"": [], ""mutation_classes"": []}",,[],9606,
aurorab,CHEMBL2185,Q96GD4,aurorab,aurorab,aurorab,,"{""parenthetical"": [], ""dropped"": [], ""mutations"": [], ""mutation_classes"": []}",,[],9606,
autotaxin,CHEMBL3691,Q13822,autotaxin,autotaxin,autotaxin,,"{""parenthetical"": [], ""dropped"": [], ""mutations"": [], ""mutation_classes"": []}",,[],9606,
axl,CHEMBL4895,P30530,axl,axl,axl,,"{""parenthetical"": [], ""dropped"": [], ""mutations"": [], ""mutation_classes"": []}",,[],9606,
axl cytoplasmic,CHEMBL4895,P30530,axl cytoplasmic,axl cytoplasmic,axl|cytoplasmic,,"{""parenthetical"": [], ""dropped"": [], ""mutations"": [], ""mutation_classes"": []}",,[],9606,
axl cytoplasmic domain,CHEMBL4895,P30530,axl cytoplasmic domain,axl cytoplasmic domain,axl|cytoplasmic|domain,,"{""parenthetical"": [], ""dropped"": [], ""mutations"": [], ""mutation_classes"": []}",,[],9606,
b - raf,CHEMBL5145,P15056,b raf|b-raf|braf,b raf|b-raf|braf,b|raf|b-raf|braf,,"{""parenthetical"": [], ""dropped"": [], ""mutations"": [], ""mutation_classes"": []}",,[],9606,
b - raf kinase,CHEMBL5145,P15056,b raf kinase|b-raf kinase|b-raf|braf kinase|braf,b raf kinase|b-raf kinase|b-raf|braf kinase|braf,b|raf|kinase|b-raf|braf,,"{""parenthetical"": [], ""dropped"": [], ""mutations"": [], ""mutation_classes"": []}",,[],9606,
b - raf v600e mutant,CHEMBL5145,P15056,b raf v600e|b-raf v600e|b-raf|braf v600e|braf,b raf v600e|b-raf v600e|b-raf|braf v600e|braf,b|raf|v600e|b-raf|braf,,"{""parenthetical"": [], ""dropped"": [], ""mutations"": [""mutant""], ""mutation_classes"": [""NONE""]}",NONE,[],9606,
b tryptase,CHEMBL2617,Q15661,b tryptase,b tryptase,b|tryptase,,"{""parenthetical"": [], ""dropped"": [], ""mutations"": [], ""mutation_classes"": []}",,[],9606,
b1 receptor,CHEMBL4308,P46663,b1,b1 receptor,b1,,"{""parenthetical"": [], ""dropped"": [""receptor""], ""mutations"": [], ""mutation_classes"": []}",,[],9606,
b1 receptor,CHEMBL4087,P48748,b1,b1 receptor,b1,,"{""parenthetical"": [], ""dropped"": [""receptor""], ""mutations"": [], ""mutation_classes"": []}",,[],9606,
bace,CHEMBL4822,P56817,bace,bace,bace,,"{""parenthetical"": [], ""dropped"": [], ""mutations"": [], ""mutation_classes"": []}",,[],9606,
bace - 1,CHEMBL4822,P56817,bace 1|bace-1|bace1,bace 1|bace-1|bace1,bace|1|bace-1|bace1,,"{""parenthetical"": [], ""dropped"": [], ""mutations"": [], ""mutation_classes"": []}",,[],9606,
bace1,CHEMBL4822,P56817,bace1,bace1,bace1,,"{""parenthetical"": [], ""dropped"": [], ""mutations"": [], ""mutation_classes"": []}",,[],9606,
bace1 ),CHEMBL4822,P56817,bace1 ),bace1 ),bace1|),,"{""parenthetical"": [], ""dropped"": [], ""mutations"": [], ""mutation_classes"": []}",,[],9606,
bace1 ectodomain,CHEMBL4822,P56817,bace1 ectodomain,bace1 ectodomain,bace1|ectodomain,,"{""parenthetical"": [], ""dropped"": [], ""mutations"": [], ""mutation_classes"": []}",,[],9606,
bace2,CHEMBL2331066,Q6IE75,bace2,bace2,bace2,,"{""parenthetical"": [], ""dropped"": [], ""mutations"": [], ""mutation_classes"": []}",,[],9606,
bace2,CHEMBL2525,Q9Y5Z0,bace2,bace2,bace2,,"{""parenthetical"": [], ""dropped"": [], ""mutations"": [], ""mutation_classes"": []}",,[],9606,
bacillus anthracis edema factor,CHEMBL5396,P40136,bacillus anthracis edema factor,bacillus anthracis edema factor,bacillus|anthracis|edema|factor,,"{""parenthetical"": [], ""dropped"": [], ""mutations"": [], ""mutation_classes"": []}",,[],9606,
bacillus anthracis edema toxin,CHEMBL5396,P40136,bacillus anthracis edema toxin,bacillus anthracis edema toxin,bacillus|anthracis|edema|toxin,,"{""parenthetical"": [], ""dropped"": [], ""mutations"": [], ""mutation_classes"": []}",,[],9606,
bak,CHEMBL4860,P10415,bak,bak,bak,,"{""parenthetical"": [], ""dropped"": [], ""mutations"": [], ""mutation_classes"": []}",,[],9606,
baz2a,CHEMBL3108642,Q9UIF9,baz2a,baz2a,baz2a,,"{""parenthetical"": [], ""dropped"": [], ""mutations"": [], ""mutation_classes"": []}",,[],9606,
baz2aa,CHEMBL3108642,Q9UIF9,baz2aa,baz2aa,baz2aa,,"{""parenthetical"": [], ""dropped"": [], ""mutations"": [], ""mutation_classes"": []}",,[],9606,
baz2b,CHEMBL1741220,Q9UIF8,baz2b,baz2b,baz2b,,"{""parenthetical"": [], ""dropped"": [], ""mutations"": [], ""mutation_classes"": []}",,[],9606,
baz2ba,CHEMBL1741220,Q9UIF8,baz2ba,baz2ba,baz2ba,,"{""parenthetical"": [], ""dropped"": [], ""mutations"": [], ""mutation_classes"": []}",,[],9606,
bc1 - xl,CHEMBL4625,Q07817,bc1 xl|bc1-xl|bc1xl,bc1 xl|bc1-xl|bc1xl,bc1|xl|bc1-xl|bc1xl,,"{""parenthetical"": [], ""dropped"": [], ""mutations"": [], ""mutation_classes"": []}",,[],9606,
bche,CHEMBL1914,P06276,bche,bche,bche,,"{""parenthetical"": [], ""dropped"": [], ""mutations"": [], ""mutation_classes"": []}",,[],9606,
bche,CHEMBL220,P22303,bche,bche,bche,,"{""parenthetical"": [], ""dropped"": [], ""mutations"": [], ""mutation_classes"": []}",,[],9606,
bche,CHEMBL5763,P81908,bche,bche,bche,,"{""parenthetical"": [], ""dropped"": [], ""mutations"": [], ""mutation_classes"": []}",,[],9606,
bche,CHEMBL2528,Q03311,bche,bche,bche,,"{""parenthetical"": [], ""dropped"": [], ""mutations"": [], ""mutation_classes"": []}",,[],9606,
bche,CHEMBL3403,Q9JKC1,bche,bche,bche,,"{""parenthetical"": [], ""dropped"": [], ""mutations"": [], ""mutation_classes"": []}",,[],9606,
bche,CHEMBL5077,Q9N1N9,bche,bche,bche,,"{""parenthetical"": [], ""dropped"": [], ""mutations"": [], ""mutation_classes"": []}",,[],9606,
bcl - 2,CHEMBL4860,P10415,bcl 2|bcl-2|bcl2,bcl 2|bcl-2|bcl2,bcl|2|bcl-2|bcl2,,"{""parenthetical"": [], ""dropped"": [], ""mutations"": [], ""mutation_classes"": []}",,[],9606,
bcl - 2 - like protein 1 a142g mutant,CHEMBL4625,Q07817,bcl 2 1 a142g|bcl-2-like|bcl2like|bcl2 1 a142g|bcl2|bcl-2 1 a142g|bcl-2|protein1|protein-1,bcl 2 like protein 1 a142g|bcl-2-like protein 1 a142g|bcl-2-like|bcl2like protein 1 a142g|bcl2like|bcl2 like protein 1 a142g|bcl2|bcl-2 like protein 1 a142g|bcl-2|bcl 2 like protein1 a142g|protein1|bcl 2 like protein-1 a142g|protein-1,bcl|2|1|a142g|bcl-2-like|bcl2like|bcl2|bcl-2|protein1|protein-1,,"{""parenthetical"": [], ""dropped"": [""like"", ""protein""], ""mutations"": [""mutant""], ""mutation_classes"": [""NONE""]}",NONE,[],9606,
bcl - 2 - like protein 1 a142t mutant,CHEMBL4625,Q07817,bcl 2 1 a142t|bcl-2-like|bcl2like|bcl2 1 a142t|bcl2|bcl-2 1 a142t|bcl-2|protein1|protein-1,bcl 2 like protein 1 a142t|bcl-2-like protein 1 a142t|bcl-2-like|bcl2like protein 1 a142t|bcl2like|bcl2 like protein 1 a142t|bcl2|bcl-2 like protein 1 a142t|bcl-2|bcl 2 like protein1 a142t|protein1|bcl 2 like protein-1 a142t|protein-1,bcl|2|1|a142t|bcl-2-like|bcl2like|bcl2|bcl-2|protein1|protein-1,,"{""parenthetical"": [], ""dropped"": [""like"", ""protein""], ""mutations"": [""mutant""], ""mutation_classes"": [""NONE""]}",NONE,[],9606,
bcl - 2 - like protein 1 a93v mutant,CHEMBL4625,Q07817,bcl 2 1 a93v|bcl-2-like|bcl2like|bcl2 1 a93v|bcl2|bcl-2 1 a93v|bcl-2|protein1|protein-1,bcl 2 like protein 1 a93v|bcl-2-like protein 1 a93v|bcl-2-like|bcl2like protein 1 a93v|bcl2like|bcl2 like protein 1 a93v|bcl2|bcl-2 like protein 1 a93v|bcl-2|bcl 2 like protein1 a93v|protein1|bcl 2 like protein-1 a93v|protein-1,bcl|2|1|a93v|bcl-2-like|bcl2like|bcl2|bcl-2|protein1|protein-1,,"{""parenthetical"": [], ""dropped"": [""like"", ""protein""], ""mutations"": [""mutant""], ""mutation_classes"": [""NONE""]}",NONE,[],9606,
bcl - 2 - like protein 1 e129h mutant,CHEMBL4625,Q07817,bcl 2 1 e129h|bcl-2-like|bcl2like|bcl2 1 e129h|bcl2|bcl-2 1 e129h|bcl-2|protein1|protein-1,bcl 2 like protein 1 e129h|bcl-2-like protein 1 e129h|bcl-2-like|bcl2like protein 1 e129h|bcl2like|bcl2 like protein 1 e129h|bcl2|bcl-2 like protein 1 e129h|bcl-2|bcl 2 like protein1 e129h|protein1|bcl 2 like protein-1 e129h|protein-1,bcl|2|1|e129h|bcl-2-like|bcl2like|bcl2|bcl-2|protein1|protein-1,,"{""parenthetical"": [], ""dropped"": [""like"", ""protein""], ""mutations"": [""mutant""], ""mutation_classes"": [""NONE""]}",NONE,[],9606,
bcl - 2 - like protein 1 f97v mutant,CHEMBL4625,Q07817,bcl 2 1 f97v|bcl-2-like|bcl2like|bcl2 1 f97v|bcl2|bcl-2 1 f97v|bcl-2|protein1|protein-1,bcl 2 like protein 1 f97v|bcl-2-like protein 1 f97v|bcl-2-like|bcl2like protein 1 f97v|bcl2like|bcl2 like protein 1 f97v|bcl2|bcl-2 like protein 1 f97v|bcl-2|bcl 2 like protein1 f97v|protein1|bcl 2 like protein-1 f97v|protein-1,bcl|2|1|f97v|bcl-2-like|bcl2like|bcl2|bcl-2|protein1|protein-1,,"{""parenthetical"": [], ""dropped"": [""like"", ""protein""], ""mutations"": [""mutant""], ""mutation_classes"": [""NONE""]}",NONE,[],9606,
bcl - 2 - like protein 1 g196a mutant,CHEMBL4625,Q07817,bcl 2 1 g196a|bcl-2-like|bcl2like|bcl2 1 g196a|bcl2|bcl-2 1 g196a|bcl-2|protein1|protein-1,bcl 2 like protein 1 g196a|bcl-2-like protein 1 g196a|bcl-2-like|bcl2like protein 1 g196a|bcl2like|bcl2 like protein 1 g196a|bcl2|bcl-2 like protein 1 g196a|bcl-2|bcl 2 like protein1 g196a|protein1|bcl 2 like protein-1 g196a|protein-1,bcl|2|1|g196a|bcl-2-like|bcl2like|bcl2|bcl-2|protein1|protein-1,,"{""parenthetical"": [], ""dropped"": [""like"", ""protein""], ""mutations"": [""mutant""], ""mutation_classes"": [""NONE""]}",NONE,[],9606,
bcl - 2 - like protein 1 l130a mutant,CHEMBL4625,Q07817,bcl 2 1 l130a|bcl-2-like|bcl2like|bcl2 1 l130a|bcl2|bcl-2 1 l130a|bcl-2|protein1|protein-1,bcl 2 like protein 1 l130a|bcl-2-like protein 1 l130a|bcl-2-like|bcl2like protein 1 l130a|bcl2like|bcl2 like protein 1 l130a|bcl2|bcl-2 like protein 1 l130a|bcl-2|bcl 2 like protein1 l130a|protein1|bcl 2 like protein-1 l130a|protein-1,bcl|2|1|l130a|bcl-2-like|bcl2like|bcl2|bcl-2|protein1|protein-1,,"{""parenthetical"": [], ""dropped"": [""like"", ""protein""], ""mutations"": [""mutant""], ""mutation_classes"": [""NONE""]}",NONE,[],9606,
bcl - 2 - like protein 1 l130g mutant,CHEMBL4625,Q07817,bcl 2 1 l130g|bcl-2-like|bcl2like|bcl2 1 l130g|bcl2|bcl-2 1 l130g|bcl-2|protein1|protein-1,bcl 2 like protein 1 l130g|bcl-2-like protein 1 l130g|bcl-2-like|bcl2like protein 1 l130g|bcl2like|bcl2 like protein 1 l130g|bcl2|bcl-2 like protein 1 l130g|bcl-2|bcl 2 like protein1 l130g|protein1|bcl 2 like protein-1 l130g|protein-1,bcl|2|1|l130g|bcl-2-like|bcl2like|bcl2|bcl-2|protein1|protein-1,,"{""parenthetical"": [], ""dropped"": [""like"", ""protein""], ""mutations"": [""mutant""], ""mutation_classes"": [""NONE""]}",NONE,[],9606,
bcl - 2 - like protein 1 l130v mutant,CHEMBL4625,Q07817,bcl 2 1 l130v|bcl-2-like|bcl2like|bcl2 1 l130v|bcl2|bcl-2 1 l130v|bcl-2|protein1|protein-1,bcl 2 like protein 1 l130v|bcl-2-like protein 1 l130v|bcl-2-like|bcl2like protein 1 l130v|bcl2like|bcl2 like protein 1 l130v|bcl2|bcl-2 like protein 1 l130v|bcl-2|bcl 2 like protein1 l130v|protein1|bcl 2 like protein-1 l130v|protein-1,bcl|2|1|l130v|bcl-2-like|bcl2like|bcl2|bcl-2|protein1|protein-1,,"{""parenthetical"": [], ""dropped"": [""like"", ""protein""], ""mutations"": [""mutant""], ""mutation_classes"": [""NONE""]}",NONE,[],9606,
bcl - 2 - like protein 1 mutant,CHEMBL4625,Q07817,bcl 2 1|bcl-2-like|bcl2like|bcl2 1|bcl2|bcl-2 1|bcl-2|protein1|protein-1,bcl 2 like protein 1|bcl-2-like protein 1|bcl-2-like|bcl2like protein 1|bcl2like|bcl2 like protein 1|bcl2|bcl-2 like protein 1|bcl-2|bcl 2 like protein1|protein1|bcl 2 like protein-1|protein-1,bcl|2|1|bcl-2-like|bcl2like|bcl2|bcl-2|protein1|protein-1,,"{""parenthetical"": [], ""dropped"": [""like"", ""protein""], ""mutations"": [""mutant""], ""mutation_classes"": [""NONE""]}",NONE,[],9606,
bcl - 2 - like protein 1 r100e mutant,CHEMBL4625,Q07817,bcl 2 1 r100e|bcl-2-like|bcl2like|bcl2 1 r100e|bcl2|bcl-2 1 r100e|bcl-2|protein1|protein-1,bcl 2 like protein 1 r100e|bcl-2-like protein 1 r100e|bcl-2-like|bcl2like protein 1 r100e|bcl2like|bcl2 like protein 1 r100e|bcl2|bcl-2 like protein 1 r100e|bcl-2|bcl 2 like protein1 r100e|protein1|bcl 2 like protein-1 r100e|protein-1,bcl|2|1|r100e|bcl-2-like|bcl2like|bcl2|bcl-2|protein1|protein-1,,"{""parenthetical"": [], ""dropped"": [""like"", ""protein""], ""mutations"": [""mutant""], ""mutation_classes"": [""NONE""]}",NONE,[],9606,
bcl - 2 - like protein 1 v141a mutant,CHEMBL4625,Q07817,bcl 2 1 v141a|bcl-2-like|bcl2like|bcl2 1 v141a|bcl2|bcl-2 1 v141a|bcl-2|protein1|protein-1,bcl 2 like protein 1 v141a|bcl-2-like protein 1 v141a|bcl-2-like|bcl2like protein 1 v141a|bcl2like|bcl2 like protein 1 v141a|bcl2|bcl-2 like protein 1 v141a|bcl-2|bcl 2 like protein1 v141a|protein1|bcl 2 like protein-1 v141a|protein-1,bcl|2|1|v141a|bcl-2-like|bcl2like|bcl2|bcl-2|protein1|protein-1,,"{""parenthetical"": [], ""dropped"": [""like"", ""protein""], ""mutations"": [""mutant""], ""mutation_classes"": [""NONE""]}",NONE,[],9606,
bcl - 2 - like protein 1 y195f mutant,CHEMBL4625,Q07817,bcl 2 1 y195f|bcl-2-like|bcl2like|bcl2 1 y195f|bcl2|bcl-2 1 y195f|bcl-2|protein1|protein-1,bcl 2 like protein 1 y195f|bcl-2-like protein 1 y195f|bcl-2-like|bcl2like protein 1 y195f|bcl2like|bcl2 like protein 1 y195f|bcl2|bcl-2 like protein 1 y195f|bcl-2|bcl 2 like protein1 y195f|protein1|bcl 2 like protein-1 y195f|protein-1,bcl|2|1|y195f|bcl-2-like|bcl2like|bcl2|bcl-2|protein1|protein-1,,"{""parenthetical"": [], ""dropped"": [""like"", ""protein""], ""mutations"": [""mutant""], ""mutation_classes"": [""NONE""]}",NONE,[],9606,
bcl - 2 protein,CHEMBL4860,P10415,bcl 2|bcl-2|bcl2,bcl 2 protein|bcl-2 protein|bcl-2|bcl2 protein|bcl2,bcl|2|bcl-2|bcl2,,"{""parenthetical"": [], ""dropped"": [""protein""], ""mutations"": [], ""mutation_classes"": []}",,[],9606,
bcl - w,CHEMBL4677,Q92843,bcl w|bcl-w|bclw,bcl w|bcl-w|bclw,bcl|w|bcl-w|bclw,,"{""parenthetical"": [], ""dropped"": [], ""mutations"": [], ""mutation_classes"": []}",,[],9606,
bcl - xl,CHEMBL4625,Q07817,bcl xl|bcl-xl|bclxl,bcl xl|bcl-xl|bclxl,bcl|xl|bcl-xl|bclxl,,"{""parenthetical"": [], ""dropped"": [], ""mutations"": [], ""mutation_classes"": []}",,[],9606,
bcl2,CHEMBL4860,P10415,bcl2,bcl2,bcl2,,"{""parenthetical"": [], ""dropped"": [], ""mutations"": [], ""mutation_classes"": []}",,[],9606,
bcl6,CHEMBL4105786,P41182,bcl6,bcl6,bcl6,,"{""parenthetical"": [], ""dropped"": [], ""mutations"": [], ""mutation_classes"": []}",,[],9606,
bcl6 bt,CHEMBL4105786,P41182,bcl6 bt,bcl6 bt,bcl6|bt,,"{""parenthetical"": [], ""dropped"": [], ""mutations"": [], ""mutation_classes"": []}",,[],9606,
bcl6 btb,CHEMBL4105786,P41182,bcl6 btb,bcl6 btb,bcl6|btb,,"{""parenthetical"": [], ""dropped"": [], ""mutations"": [], ""mutation_classes"": []}",,[],9606,btb
bcl6 btb domain,CHEMBL4105786,P41182,bcl6 btb domain,bcl6 btb domain,bcl6|btb|domain,,"{""parenthetical"": [], ""dropped"": [], ""mutations"": [], ""mutation_classes"": []}",,[],9606,btb
bcrp,CHEMBL5393,Q9UNQ0,bcrp,bcrp,bcrp,,"{""parenthetical"": [], ""dropped"": [], ""mutations"": [], ""mutation_classes"": []}",,[],9606,
bee venom secretory pla2,CHEMBL4807,P00630,bee venom secretory pla2,bee venom secretory pla2,bee|venom|secretory|pla2,,"{""parenthetical"": [], ""dropped"": [], ""mutations"": [], ""mutation_classes"": []}",,[],9606,
beta - 1 adrenergic receptor,CHEMBL213,P08588,beta 1 adrenergic|beta-1 adrenergic|beta-1|beta1 adrenergic|beta1,beta 1 adrenergic receptor|beta-1 adrenergic receptor|beta-1|beta1 adrenergic receptor|beta1,beta|1|adrenergic|beta-1|beta1,adrb1,"{""parenthetical"": [], ""dropped"": [""receptor""], ""mutations"": [], ""mutation_classes"": []}",,[],9606,
beta - 1 adrenergic receptor,CHEMBL3252,P18090,beta 1 adrenergic|beta-1 adrenergic|beta-1|beta1 adrenergic|beta1,beta 1 adrenergic receptor|beta-1 adrenergic receptor|beta-1|beta1 adrenergic receptor|beta1,beta|1|adrenergic|beta-1|beta1,adrb1,"{""parenthetical"": [], ""dropped"": [""receptor""], ""mutations"": [], ""mutation_classes"": []}",,[],9606,
beta - 1 adrenergic receptor s190a mutant,CHEMBL3252,P18090,beta 1 adrenergic s190a|beta-1 adrenergic s190a|beta-1|beta1 adrenergic s190a|beta1,beta 1 adrenergic receptor s190a|beta-1 adrenergic receptor s190a|beta-1|beta1 adrenergic receptor s190a|beta1,beta|1|adrenergic|s190a|beta-1|beta1,adrb1,"{""parenthetical"": [], ""dropped"": [""receptor""], ""mutations"": [""mutant""], ""mutation_classes"": [""NONE""]}",NONE,[],9606,
beta - 2 adrenergic receptor,CHEMBL210,P07550,beta 2 adrenergic|beta-2 adrenergic|beta-2|beta2 adrenergic|beta2,beta 2 adrenergic receptor|beta-2 adrenergic receptor|beta-2|beta2 adrenergic receptor|beta2,beta|2|adrenergic|beta-2|beta2,adrb2,"{""parenthetical"": [], ""dropped"": [""receptor""], ""mutations"": [], ""mutation_classes"": []}",,[],9606,
beta - 2 adrenergic receptor,CHEMBL2289,P54833,beta 2 adrenergic|beta-2 adrenergic|beta-2|beta2 adrenergic|beta2,beta 2 adrenergic receptor|beta-2 adrenergic receptor|beta-2|beta2 adrenergic receptor|beta2,beta|2|adrenergic|beta-2|beta2,adrb2,"{""parenthetical"": [], ""dropped"": [""receptor""], ""mutations"": [], ""mutation_classes"": []}",,[],9606,
beta - 2 adrenoceptor,CHEMBL3754,P10608,beta 2 adrenoceptor|beta-2 adrenoceptor|beta-2|beta2 adrenoceptor|beta2,beta 2 adrenoceptor|beta-2 adrenoceptor|beta-2|beta2 adrenoceptor|beta2,beta|2|adrenoceptor|beta-2|beta2,,"{""parenthetical"": [], ""dropped"": [], ""mutations"": [], ""mutation_classes"": []}",,[],9606,
beta - 3 tubulin,CHEMBL2597,Q13509,beta 3 tubulin|beta-3 tubulin|beta-3|beta3 tubulin|beta3,beta 3 tubulin|beta-3 tubulin|beta-3|beta3 tubulin|beta3,beta|3|tubulin|beta-3|beta3,,"{""parenthetical"": [], ""dropped"": [], ""mutations"": [], ""mutation_classes"": []}",,[],9606,
beta - amyloid plaques,CHEMBL2487,P05067,beta amyloid plaques|beta-amyloid plaques|beta-amyloid|betaamyloid plaques|betaamyloid,beta amyloid plaques|beta-amyloid plaques|beta-amyloid|betaamyloid plaques|betaamyloid,beta|amyloid|plaques|beta-amyloid|betaamyloid,,"{""parenthetical"": [], ""dropped"": [], ""mutations"": [], ""mutation_classes"": []}",,[],9606,
beta - galactosidase,CHEMBL3482,Q58D55,beta galactosidase|beta-galactosidase|betagalactosidase,beta galactosidase|beta-galactosidase|betagalactosidase,beta|galactosidase|beta-galactosidase|betagalactosidase,,"{""parenthetical"": [], ""dropped"": [], ""mutations"": [], ""mutation_classes"": []}",,[],9606,
beta - glucocerebrosidase,CHEMBL2179,P04062,beta glucocerebrosidase|beta-glucocerebrosidase|betaglucocerebrosidase,beta glucocerebrosidase|beta-glucocerebrosidase|betaglucocerebrosidase,beta|glucocerebrosidase|beta-glucocerebrosidase|betaglucocerebrosidase,,"{""parenthetical"": [], ""dropped"": [], ""mutations"": [], ""mutation_classes"": []}",,[],9606,
beta - glucuronidase,CHEMBL2728,P08236,beta glucuronidase|beta-glucuronidase|betaglucuronidase,beta glucuronidase|beta-glucuronidase|betaglucuronidase,beta|glucuronidase|beta-glucuronidase|betaglucuronidase,,"{""parenthetical"": [], ""dropped"": [], ""mutations"": [], ""mutation_classes"": []}",,[],9606,
beta - hematin,CHEMBL1923,P05227,beta hematin|beta-hematin|betahematin,beta hematin|beta-hematin|betahematin,beta|hematin|beta-hematin|betahematin,,"{""parenthetical"": [], ""dropped"": [], ""mutations"": [], ""mutation_classes"": []}",,[],9606,
beta - lactamase,CHEMBL2725,P05364,beta lactamase|beta-lactamase|betalactamase,beta lactamase|beta-lactamase|betalactamase,beta|lactamase|beta-lactamase|betalactamase,,"{""parenthetical"": [], ""dropped"": [], ""mutations"": [], ""mutation_classes"": []}",,[],9606,
beta - lactamase,CHEMBL2065,P62593,beta lactamase|beta-lactamase|betalactamase,beta lactamase|beta-lactamase|betalactamase,beta|lactamase|beta-lactamase|betalactamase,,"{""parenthetical"": [], ""dropped"": [], ""mutations"": [], ""mutation_classes"": []}",,[],9606,
beta - lactamase p99,CHEMBL2725,P05364,beta lactamase p99|beta-lactamase p99|beta-lactamase|betalactamase p99|betalactamase,beta lactamase p99|beta-lactamase p99|beta-lactamase|betalactamase p99|betalactamase,beta|lactamase|p99|beta-lactamase|betalactamase,,"{""parenthetical"": [], ""dropped"": [], ""mutations"": [], ""mutation_classes"": []}",,[],9606,
beta - secretase,CHEMBL4822,P56817,beta secretase|beta-secretase|betasecretase,beta secretase|beta-secretase|betasecretase,beta|secretase|beta-secretase|betasecretase,,"{""parenthetical"": [], ""dropped"": [], ""mutations"": [], ""mutation_classes"": []}",,[],9606,
beta - secretase 1,CHEMBL4822,P56817,beta secretase 1|beta-secretase 1|beta-secretase|betasecretase 1|betasecretase|beta secretase1|secretase1|beta secretase-1|secretase-1,beta secretase 1|beta-secretase 1|beta-secretase|betasecretase 1|betasecretase|beta secretase1|secretase1|beta secretase-1|secretase-1,beta|secretase|1|beta-secretase|betasecretase|secretase1|secretase-1,,"{""parenthetical"": [], ""dropped"": [], ""mutations"": [], ""mutation_classes"": []}",,[],9606,
beta 1 adrenergic receptor,CHEMBL213,P08588,beta 1 adrenergic|beta1 adrenergic|beta1|beta-1 adrenergic|beta-1,beta 1 adrenergic receptor|beta1 adrenergic receptor|beta1|beta-1 adrenergic receptor|beta-1,beta|1|adrenergic|beta1|beta-1,adrb1,"{""parenthetical"": [], ""dropped"": [""receptor""], ""mutations"": [], ""mutation_classes"": []}",,[],9606,
beta amyloid,CHEMBL2487,P05067,beta amyloid,beta amyloid,beta|amyloid,,"{""parenthetical"": [], ""dropped"": [], ""mutations"": [], ""mutation_classes"": []}",,[],9606,
beta amyloid aggregates,CHEMBL2487,P05067,beta amyloid aggregates,beta amyloid aggregates,beta|amyloid|aggregates,,"{""parenthetical"": [], ""dropped"": [], ""mutations"": [], ""mutation_classes"": []}",,[],9606,
beta amyloid plaque,CHEMBL2487,P05067,beta amyloid plaque,beta amyloid plaque,beta|amyloid|plaque,,"{""parenthetical"": [], ""dropped"": [], ""mutations"": [], ""mutation_classes"": []}",,[],9606,
beta galactosidase,CHEMBL2522,P16278,beta galactosidase,beta galactosidase,beta|galactosidase,,"{""parenthetical"": [], ""dropped"": [], ""mutations"": [], ""mutation_classes"": []}",,[],9606,
beta tryptase,CHEMBL2617,Q15661,beta tryptase,beta tryptase,beta|tryptase,,"{""parenthetical"": [], ""dropped"": [], ""mutations"": [], ""mutation_classes"": []}",,[],9606,
beta1 subunit 20s proteasome,CHEMBL4208,P20618,beta1 20s proteasome,beta1 subunit 20s proteasome,beta1|20s|proteasome,,"{""parenthetical"": [], ""dropped"": [""subunit""], ""mutations"": [], ""mutation_classes"": []}",,[],9606,
beta2 - adrenergic receptor y308a mutant,CHEMBL210,P07550,beta2 adrenergic y308a|beta2-adrenergic y308a|beta2-adrenergic|beta2adrenergic y308a|beta2adrenergic,beta2 adrenergic receptor y308a|beta2-adrenergic receptor y308a|beta2-adrenergic|beta2adrenergic receptor y308a|beta2adrenergic,beta2|adrenergic|y308a|beta2-adrenergic|beta2adrenergic,adrb2,"{""parenthetical"": [], ""dropped"": [""receptor""], ""mutations"": [""mutant""], ""mutation_classes"": [""NONE""]}",NONE,[],9606,
beta2 - adrenoceptor,CHEMBL210,P07550,beta2 adrenoceptor|beta2-adrenoceptor|beta2adrenoceptor,beta2 adrenoceptor|beta2-adrenoceptor|beta2adrenoceptor,beta2|adrenoceptor|beta2-adrenoceptor|beta2adrenoceptor,,"{""parenthetical"": [], ""dropped"": [], ""mutations"": [], ""mutation_classes"": []}",,[],9606,
beta2 - receptor,CHEMBL2289,P54833,beta2|beta2-receptor|beta2receptor,beta2 receptor|beta2-receptor|beta2receptor,beta2|beta2-receptor|beta2receptor,adrb2,"{""parenthetical"": [], ""dropped"": [""receptor""], ""mutations"": [], ""mutation_classes"": []}",,[],9606,
beta2 adrenergic receptor,CHEMBL210,P07550,beta2 adrenergic,beta2 adrenergic,beta2|adrenergic,adrb2,"{""parenthetical"": [], ""dropped"": [], ""mutations"": [], ""mutation_classes"": []}",,"[""beta2\\s+adrenergic\\s+receptor""]",9606,
beta3 tubulin,CHEMBL2597,Q13509,beta3 tubulin,beta3 tubulin,beta3|tubulin,,"{""parenthetical"": [], ""dropped"": [], ""mutations"": [], ""mutation_classes"": []}",,[],9606,
bgt1 a328g mutant,CHEMBL3715,P48065,bgt1 a328g,bgt1 a328g,bgt1|a328g,,"{""parenthetical"": [], ""dropped"": [], ""mutations"": [""mutant""], ""mutation_classes"": [""NONE""]}",NONE,[],9606,
bgt1 f295y mutant,CHEMBL3715,P48065,bgt1 f295y,bgt1 f295y,bgt1|f295y,,"{""parenthetical"": [], ""dropped"": [], ""mutations"": [""mutant""], ""mutation_classes"": [""NONE""]}",NONE,[],9606,
bgt1 f324c mutant,CHEMBL3715,P48065,bgt1 f324c,bgt1 f324c,bgt1|f324c,,"{""parenthetical"": [], ""dropped"": [], ""mutations"": [""mutant""], ""mutation_classes"": [""NONE""]}",NONE,[],9606,
bgt1 i340v mutant,CHEMBL3715,P48065,bgt1 i340v,bgt1 i340v,bgt1|i340v,,"{""parenthetical"": [], ""dropped"": [], ""mutations"": [""mutant""], ""mutation_classes"": [""NONE""]}",NONE,[],9606,
bgt1 i386f mutant,CHEMBL3715,P48065,bgt1 i386f,bgt1 i386f,bgt1|i386f,,"{""parenthetical"": [], ""dropped"": [], ""mutations"": [""mutant""], ""mutation_classes"": [""NONE""]}",NONE,[],9606,
bgt1 i386m mutant,CHEMBL3715,P48065,bgt1 i386m,bgt1 i386m,bgt1|i386m,,"{""parenthetical"": [], ""dropped"": [], ""mutations"": [""mutant""], ""mutation_classes"": [""NONE""]}",NONE,[],9606,
bgt1 k310n mutant,CHEMBL3715,P48065,bgt1 k310n,bgt1 k310n,bgt1|k310n,,"{""parenthetical"": [], ""dropped"": [], ""mutations"": [""mutant""], ""mutation_classes"": [""NONE""]}",NONE,[],9606,
bgt1 k317r mutant,CHEMBL3715,P48065,bgt1 k317r,bgt1 k317r,bgt1|k317r,,"{""parenthetical"": [], ""dropped"": [], ""mutations"": [""mutant""], ""mutation_classes"": [""NONE""]}",NONE,[],9606,
bgt1 mutant,CHEMBL3715,P48065,bgt1,bgt1,bgt1,,"{""parenthetical"": [], ""dropped"": [], ""mutations"": [""mutant""], ""mutation_classes"": [""NONE""]}",NONE,[],9606,
bgt1 q299l mutant,CHEMBL3715,P48065,bgt1 q299l,bgt1 q299l,bgt1|q299l,,"{""parenthetical"": [], ""dropped"": [], ""mutations"": [""mutant""], ""mutation_classes"": [""NONE""]}",NONE,[],9606,
bgt1 q378p mutant,CHEMBL3715,P48065,bgt1 q378p,bgt1 q378p,bgt1|q378p,,"{""parenthetical"": [], ""dropped"": [], ""mutations"": [""mutant""], ""mutation_classes"": [""NONE""]}",NONE,[],9606,
bgt1 s345a mutant,CHEMBL3715,P48065,bgt1 s345a,bgt1 s345a,bgt1|s345a,,"{""parenthetical"": [], ""dropped"": [], ""mutations"": [""mutant""], ""mutation_classes"": [""NONE""]}",NONE,[],9606,
bgt1 v336a mutant,CHEMBL3715,P48065,bgt1 v336a,bgt1 v336a,bgt1|v336a,,"{""parenthetical"": [], ""dropped"": [], ""mutations"": [""mutant""], ""mutation_classes"": [""NONE""]}",NONE,[],9606,
bgt1 v337i mutant,CHEMBL3715,P48065,bgt1 v337i,bgt1 v337i,bgt1|v337i,,"{""parenthetical"": [], ""dropped"": [], ""mutations"": [""mutant""], ""mutation_classes"": [""NONE""]}",NONE,[],9606,
bgt1 y453a mutant,CHEMBL3715,P48065,bgt1 y453a,bgt1 y453a,bgt1|y453a,,"{""parenthetical"": [], ""dropped"": [], ""mutations"": [""mutant""], ""mutation_classes"": [""NONE""]}",NONE,[],9606,
bgt1 y453s mutant,CHEMBL3715,P48065,bgt1 y453s,bgt1 y453s,bgt1|y453s,,"{""parenthetical"": [], ""dropped"": [], ""mutations"": [""mutant""], ""mutation_classes"": [""NONE""]}",NONE,[],9606,
bhmt,CHEMBL4328,Q93088,bhmt,bhmt,bhmt,,"{""parenthetical"": [], ""dropped"": [], ""mutations"": [], ""mutation_classes"": []}",,[],9606,
biotinylated receptor for advanced glycation end product,CHEMBL2176846,Q15109,biotinylated for advanced glycation end product,biotinylated receptor for advanced glycation end product,biotinylated|for|advanced|glycation|end|product,,"{""parenthetical"": [], ""dropped"": [""receptor""], ""mutations"": [], ""mutation_classes"": []}",,[],9606,
bk1 receptor,CHEMBL4308,P46663,bk1,bk1 receptor,bk1,,"{""parenthetical"": [], ""dropped"": [""receptor""], ""mutations"": [], ""mutation_classes"": []}",,[],9606,
bk1 receptor d291 mutant,CHEMBL4308,P46663,bk1 d291,bk1 receptor d291,bk1|d291,,"{""parenthetical"": [], ""dropped"": [""receptor""], ""mutations"": [""mutant""], ""mutation_classes"": [""NONE""]}",NONE,[],9606,
bk1 receptor n298 mutant,CHEMBL4308,P46663,bk1 n298,bk1 receptor n298,bk1|n298,,"{""parenthetical"": [], ""dropped"": [""receptor""], ""mutations"": [""mutant""], ""mutation_classes"": [""NONE""]}",NONE,[],9606,
bk1 receptor q295 mutant,CHEMBL4308,P46663,bk1 q295,bk1 receptor q295,bk1|q295,,"{""parenthetical"": [], ""dropped"": [""receptor""], ""mutations"": [""mutant""], ""mutation_classes"": [""NONE""]}",NONE,[],9606,
blk,CHEMBL2250,P51451,blk,blk,blk,,"{""parenthetical"": [], ""dropped"": [], ""mutations"": [], ""mutation_classes"": []}",,[],9606,
blm,CHEMBL1293237,P54132,blm,blm,blm,,"{""parenthetical"": [], ""dropped"": [], ""mutations"": [], ""mutation_classes"": []}",,[],9606,
blm helicase,CHEMBL1293237,P54132,blm helicase,blm helicase,blm|helicase,,"{""parenthetical"": [], ""dropped"": [], ""mutations"": [], ""mutation_classes"": []}",,[],9606,
bmpr2,CHEMBL5467,Q13873,bmpr2,bmpr2,bmpr2,,"{""parenthetical"": [], ""dropped"": [], ""mutations"": [], ""mutation_classes"": []}",,[],9606,
bmx,CHEMBL3834,P51813,bmx,bmx,bmx,,"{""parenthetical"": [], ""dropped"": [], ""mutations"": [], ""mutation_classes"": []}",,[],9606,
bmx cytoplasmic,CHEMBL3834,P51813,bmx cytoplasmic,bmx cytoplasmic,bmx|cytoplasmic,,"{""parenthetical"": [], ""dropped"": [], ""mutations"": [], ""mutation_classes"": []}",,[],9606,
bont / a,CHEMBL5192,P0DPI0,bont a,bont a,bont|a,,"{""parenthetical"": [], ""dropped"": [], ""mutations"": [], ""mutation_classes"": []}",,[],9606,
bont / a ( 1 to 425 ) light chain,CHEMBL5192,P0DPI0,bont a light,bont a light chain,bont|a|light,,"{""parenthetical"": [""1 to 425""], ""dropped"": [""chain""], ""mutations"": [], ""mutation_classes"": []}",,[],9606,
bont / a lc,CHEMBL5192,P0DPI0,bont a lc,bont a lc,bont|a|lc,,"{""parenthetical"": [], ""dropped"": [], ""mutations"": [], ""mutation_classes"": []}",,[],9606,
bont / a light chain,CHEMBL5192,P0DPI0,bont a light,bont a light chain,bont|a|light,,"{""parenthetical"": [], ""dropped"": [""chain""], ""mutations"": [], ""mutation_classes"": []}",,[],9606,
bont / a light chain ( 1 - 425,CHEMBL5192,P0DPI0,bont a light ( 1 425|bont a light ( 1-425|1-425|bont a light ( 1425|1425,bont a light chain ( 1 425|bont a light chain ( 1-425|1-425|bont a light chain ( 1425|1425,bont|a|light|(|1|425|1-425|1425,,"{""parenthetical"": [], ""dropped"": [""chain""], ""mutations"": [], ""mutation_classes"": []}",,[],9606,
bont / a light chain c - terminal truncation mutant,CHEMBL5192,P0DPI0,bont a light c terminal truncation|bont a light c-terminal truncation|c-terminal|bont a light cterminal truncation|cterminal,bont a light chain c terminal truncation|bont a light chain c-terminal truncation|c-terminal|bont a light chain cterminal truncation|cterminal,bont|a|light|c|terminal|truncation|c-terminal|cterminal,,"{""parenthetical"": [], ""dropped"": [""chain""], ""mutations"": [""mutant""], ""mutation_classes"": [""NONE""]}",NONE,[],9606,
botulinum neurotoxin type a light chain,CHEMBL5192,P0DPI0,botulinum neurotoxin type a light,botulinum neurotoxin type a light chain,botulinum|neurotoxin|type|a|light,,"{""parenthetical"": [], ""dropped"": [""chain""], ""mutations"": [], ""mutation_classes"": []}",,[],9606,
bradykinin b1 receptor,CHEMBL4308,P46663,bradykinin b1,bradykinin b1 receptor,bradykinin|b1,,"{""parenthetical"": [], ""dropped"": [""receptor""], ""mutations"": [], ""mutation_classes"": []}",,[],9606,
bradykinin b1 receptor,CHEMBL4087,P48748,bradykinin b1,bradykinin b1 receptor,bradykinin|b1,,"{""parenthetical"": [], ""dropped"": [""receptor""], ""mutations"": [], ""mutation_classes"": []}",,[],9606,
bradykinin b1 receptor,CHEMBL4613,P97583,bradykinin b1,bradykinin b1 receptor,bradykinin|b1,,"{""parenthetical"": [], ""dropped"": [""receptor""], ""mutations"": [], ""mutation_classes"": []}",,[],9606,
bradykinin receptor b1,CHEMBL4308,P46663,bradykinin b1,bradykinin receptor b1,bradykinin|b1,,"{""parenthetical"": [], ""dropped"": [""receptor""], ""mutations"": [], ""mutation_classes"": []}",,[],9606,
braf,CHEMBL5145,P15056,braf,braf,braf,,"{""parenthetical"": [], ""dropped"": [], ""mutations"": [], ""mutation_classes"": []}",,[],9606,
braf kinase,CHEMBL5145,P15056,braf kinase,braf kinase,braf|kinase,,"{""parenthetical"": [], ""dropped"": [], ""mutations"": [], ""mutation_classes"": []}",,[],9606,
braf kinase domain,CHEMBL5145,P15056,braf kinase domain,braf kinase domain,braf|kinase|domain,,"{""parenthetical"": [], ""dropped"": [], ""mutations"": [], ""mutation_classes"": []}",,[],9606,
braf mutant,CHEMBL5145,P15056,braf,braf,braf,,"{""parenthetical"": [], ""dropped"": [], ""mutations"": [""mutant""], ""mutation_classes"": [""NONE""]}",NONE,[],9606,
braf v599e mutant,CHEMBL5145,P15056,braf v599e,braf v599e,braf|v599e,,"{""parenthetical"": [], ""dropped"": [], ""mutations"": [""mutant""], ""mutation_classes"": [""NONE""]}",NONE,[],9606,
braf v600,CHEMBL5145,P15056,braf v600,braf v600,braf|v600,,"{""parenthetical"": [], ""dropped"": [], ""mutations"": [], ""mutation_classes"": []}",,[],9606,
braf v600e,CHEMBL5145,P15056,braf v600e,braf v600e,braf|v600e,,"{""parenthetical"": [], ""dropped"": [], ""mutations"": [], ""mutation_classes"": []}",,[],9606,
braf v600e,CHEMBL2331061,P28028,braf v600e,braf v600e,braf|v600e,,"{""parenthetical"": [], ""dropped"": [], ""mutations"": [], ""mutation_classes"": []}",,[],9606,
braf v600e mutant,CHEMBL5145,P15056,braf v600e,braf v600e,braf|v600e,,"{""parenthetical"": [], ""dropped"": [], ""mutations"": [""mutant""], ""mutation_classes"": [""NONE""]}",NONE,[],9606,
braf v600e mutant,CHEMBL2331061,P28028,braf v600e,braf v600e,braf|v600e,,"{""parenthetical"": [], ""dropped"": [], ""mutations"": [""mutant""], ""mutation_classes"": [""NONE""]}",NONE,[],9606,
braf v600e mutant erk,CHEMBL5145,P15056,braf v600e erk,braf v600e erk,braf|v600e|erk,,"{""parenthetical"": [], ""dropped"": [], ""mutations"": [""mutant""], ""mutation_classes"": [""NONE""]}",NONE,[],9606,
brd1,CHEMBL2176774,O95696,brd1,brd1,brd1,,"{""parenthetical"": [], ""dropped"": [], ""mutations"": [], ""mutation_classes"": []}",,[],9606,
brd1a,CHEMBL2176774,O95696,brd1a,brd1a,brd1a,,"{""parenthetical"": [], ""dropped"": [], ""mutations"": [], ""mutation_classes"": []}",,[],9606,
brd2,CHEMBL1293289,P25440,brd2,brd2,brd2,,"{""parenthetical"": [], ""dropped"": [], ""mutations"": [], ""mutation_classes"": []}",,[],9606,
brd2 bd1,CHEMBL1293289,P25440,brd2 bd1,brd2 bd1,brd2|bd1,,"{""parenthetical"": [], ""dropped"": [], ""mutations"": [], ""mutation_classes"": []}",,[],9606,bd1
brd2 bd1 domain,CHEMBL1293289,P25440,brd2 bd1 domain,brd2 bd1 domain,brd2|bd1|domain,,"{""parenthetical"": [], ""dropped"": [], ""mutations"": [], ""mutation_classes"": []}",,[],9606,bd1
brd2 bd2,CHEMBL1293289,P25440,brd2 bd2,brd2 bd2,brd2|bd2,,"{""parenthetical"": [], ""dropped"": [], ""mutations"": [], ""mutation_classes"": []}",,[],9606,bd2
brd2 bd2 domain,CHEMBL1293289,P25440,brd2 bd2 domain,brd2 bd2 domain,brd2|bd2|domain,,"{""parenthetical"": [], ""dropped"": [], ""mutations"": [], ""mutation_classes"": []}",,[],9606,bd2
brd2 bromodomain - 1,CHEMBL1293289,P25440,brd2 bromodomain 1|brd2 bromodomain-1|bromodomain-1|brd2 bromodomain1|bromodomain1,brd2 bromodomain 1|brd2 bromodomain-1|bromodomain-1|brd2 bromodomain1|bromodomain1,brd2|bromodomain|1|bromodomain-1|bromodomain1,,"{""parenthetical"": [], ""dropped"": [], ""mutations"": [], ""mutation_classes"": []}",,[],9606,bromodomain
brd2 bromodomain - 2,CHEMBL1293289,P25440,brd2 bromodomain 2|brd2 bromodomain-2|bromodomain-2|brd2 bromodomain2|bromodomain2,brd2 bromodomain 2|brd2 bromodomain-2|bromodomain-2|brd2 bromodomain2|bromodomain2,brd2|bromodomain|2|bromodomain-2|bromodomain2,,"{""parenthetical"": [], ""dropped"": [], ""mutations"": [], ""mutation_classes"": []}",,[],9606,bromodomain
brd2 bromodomain 1,CHEMBL1293289,P25440,brd2 bromodomain 1|brd2 bromodomain1|bromodomain1|brd2 bromodomain-1|bromodomain-1,brd2 bromodomain 1|brd2 bromodomain1|bromodomain1|brd2 bromodomain-1|bromodomain-1,brd2|bromodomain|1|bromodomain1|bromodomain-1,,"{""parenthetical"": [], ""dropped"": [], ""mutations"": [], ""mutation_classes"": []}",,[],9606,bromodomain
brd2 bromodomain 2,CHEMBL1293289,P25440,brd2 bromodomain 2|brd2 bromodomain2|bromodomain2|brd2 bromodomain-2|bromodomain-2,brd2 bromodomain 2|brd2 bromodomain2|bromodomain2|brd2 bromodomain-2|bromodomain-2,brd2|bromodomain|2|bromodomain2|bromodomain-2,,"{""parenthetical"": [], ""dropped"": [], ""mutations"": [], ""mutation_classes"": []}",,[],9606,bromodomain
brd2 bromodomain bd12,CHEMBL1293289,P25440,brd2 bromodomain bd12,brd2 bromodomain bd12,brd2|bromodomain|bd12,,"{""parenthetical"": [], ""dropped"": [], ""mutations"": [], ""mutation_classes"": []}",,[],9606,bromodomain
brd2 d1,CHEMBL1293289,P25440,brd2 d1,brd2 d1,brd2|d1,,"{""parenthetical"": [], ""dropped"": [], ""mutations"": [], ""mutation_classes"": []}",,[],9606,
brd2 d2,CHEMBL1293289,P25440,brd2 d2,brd2 d2,brd2|d2,,"{""parenthetical"": [], ""dropped"": [], ""mutations"": [], ""mutation_classes"": []}",,[],9606,
brd3,CHEMBL1795186,Q15059,brd3,brd3,brd3,,"{""parenthetical"": [], ""dropped"": [], ""mutations"": [], ""mutation_classes"": []}",,[],9606,
brd3 bd1,CHEMBL1795186,Q15059,brd3 bd1,brd3 bd1,brd3|bd1,,"{""parenthetical"": [], ""dropped"": [], ""mutations"": [], ""mutation_classes"": []}",,[],9606,bd1
brd3 bd1 domain,CHEMBL1795186,Q15059,brd3 bd1 domain,brd3 bd1 domain,brd3|bd1|domain,,"{""parenthetical"": [], ""dropped"": [], ""mutations"": [], ""mutation_classes"": []}",,[],9606,bd1
brd3 bd2,CHEMBL1795186,Q15059,brd3 bd2,brd3 bd2,brd3|bd2,,"{""parenthetical"": [], ""dropped"": [], ""mutations"": [], ""mutation_classes"": []}",,[],9606,bd2
brd3 bd2 domain,CHEMBL1795186,Q15059,brd3 bd2 domain,brd3 bd2 domain,brd3|bd2|domain,,"{""parenthetical"": [], ""dropped"": [], ""mutations"": [], ""mutation_classes"": []}",,[],9606,bd2
brd3 bromodomain - 1,CHEMBL1795186,Q15059,brd3 bromodomain 1|brd3 bromodomain-1|bromodomain-1|brd3 bromodomain1|bromodomain1,brd3 bromodomain 1|brd3 bromodomain-1|bromodomain-1|brd3 bromodomain1|bromodomain1,brd3|bromodomain|1|bromodomain-1|bromodomain1,,"{""parenthetical"": [], ""dropped"": [], ""mutations"": [], ""mutation_classes"": []}",,[],9606,bromodomain
brd3 bromodomain - 2,CHEMBL1795186,Q15059,brd3 bromodomain 2|brd3 bromodomain-2|bromodomain-2|brd3 bromodomain2|bromodomain2,brd3 bromodomain 2|brd3 bromodomain-2|bromodomain-2|brd3 bromodomain2|bromodomain2,brd3|bromodomain|2|bromodomain-2|bromodomain2,,"{""parenthetical"": [], ""dropped"": [], ""mutations"": [], ""mutation_classes"": []}",,[],9606,bromodomain
brd3 bromodomain 1,CHEMBL1795186,Q15059,brd3 bromodomain 1|brd3 bromodomain1|bromodomain1|brd3 bromodomain-1|bromodomain-1,brd3 bromodomain 1|brd3 bromodomain1|bromodomain1|brd3 bromodomain-1|bromodomain-1,brd3|bromodomain|1|bromodomain1|bromodomain-1,,"{""parenthetical"": [], ""dropped"": [], ""mutations"": [], ""mutation_classes"": []}",,[],9606,bromodomain
brd3 bromodomain 2,CHEMBL1795186,Q15059,brd3 bromodomain 2|brd3 bromodomain2|bromodomain2|brd3 bromodomain-2|bromodomain-2,brd3 bromodomain 2|brd3 bromodomain2|bromodomain2|brd3 bromodomain-2|bromodomain-2,brd3|bromodomain|2|bromodomain2|bromodomain-2,,"{""parenthetical"": [], ""dropped"": [], ""mutations"": [], ""mutation_classes"": []}",,[],9606,bromodomain
brd3 bromodomain bd12,CHEMBL1795186,Q15059,brd3 bromodomain bd12,brd3 bromodomain bd12,brd3|bromodomain|bd12,,"{""parenthetical"": [], ""dropped"": [], ""mutations"": [], ""mutation_classes"": []}",,[],9606,bromodomain
brd3 d2,CHEMBL1795186,Q15059,brd3 d2,brd3 d2,brd3|d2,,"{""parenthetical"": [], ""dropped"": [], ""mutations"": [], ""mutation_classes"": []}",,[],9606,
brd4,CHEMBL1163125,O60885,brd4,brd4,brd4,,"{""parenthetical"": [], ""dropped"": [], ""mutations"": [], ""mutation_classes"": []}",,[],9606,
brd4 - bd1,CHEMBL1163125,O60885,brd4 bd1|brd4-bd1|brd4bd1,brd4 bd1|brd4-bd1|brd4bd1,brd4|bd1|brd4-bd1|brd4bd1,,"{""parenthetical"": [], ""dropped"": [], ""mutations"": [], ""mutation_classes"": []}",,[],9606,bd1
brd4 - bd2,CHEMBL1163125,O60885,brd4 bd2|brd4-bd2|brd4bd2,brd4 bd2|brd4-bd2|brd4bd2,brd4|bd2|brd4-bd2|brd4bd2,,"{""parenthetical"": [], ""dropped"": [], ""mutations"": [], ""mutation_classes"": []}",,[],9606,bd2
brd4 ( 1 ),CHEMBL1163125,O60885,brd4 1|1,brd4 1|1,brd4|1,,"{""parenthetical"": [""1""], ""dropped"": [], ""mutations"": [], ""mutation_classes"": []}",,[],9606,
brd4 ( d1 ),CHEMBL1163125,O60885,brd4 d1|d1,brd4 d1|d1,brd4|d1,,"{""parenthetical"": [""d1""], ""dropped"": [], ""mutations"": [], ""mutation_classes"": []}",,[],9606,
brd4 1 / 2 bromodomain,CHEMBL1163125,O60885,brd4 1 2 bromodomain,brd4 1 2 bromodomain,brd4|1|2|bromodomain,,"{""parenthetical"": [], ""dropped"": [], ""mutations"": [], ""mutation_classes"": []}",,[],9606,bromodomain
brd4 bd1,CHEMBL1163125,O60885,brd4 bd1,brd4 bd1,brd4|bd1,,"{""parenthetical"": [], ""dropped"": [], ""mutations"": [], ""mutation_classes"": []}",,[],9606,bd1
brd4 bd1 - bd2,CHEMBL1163125,O60885,brd4 bd1 bd2|brd4 bd1-bd2|bd1-bd2|brd4 bd1bd2|bd1bd2,brd4 bd1 bd2|brd4 bd1-bd2|bd1-bd2|brd4 bd1bd2|bd1bd2,brd4|bd1|bd2|bd1-bd2|bd1bd2,,"{""parenthetical"": [], ""dropped"": [], ""mutations"": [], ""mutation_classes"": []}",,[],9606,bd1|bd2
brd4 bd1 / bd2,CHEMBL1163125,O60885,brd4 bd1 bd2,brd4 bd1 bd2,brd4|bd1|bd2,,"{""parenthetical"": [], ""dropped"": [], ""mutations"": [], ""mutation_classes"": []}",,[],9606,bd1|bd2
brd4 bd1 domain,CHEMBL1163125,O60885,brd4 bd1 domain,brd4 bd1 domain,brd4|bd1|domain,,"{""parenthetical"": [], ""dropped"": [], ""mutations"": [], ""mutation_classes"": []}",,[],9606,bd1
brd4 bd1 y390a mutant,CHEMBL1163125,O60885,brd4 bd1 y390a,brd4 bd1 y390a,brd4|bd1|y390a,,"{""parenthetical"": [], ""dropped"": [], ""mutations"": [""mutant""], ""mutation_classes"": [""NONE""]}",NONE,[],9606,bd1
brd4 bd2,CHEMBL1163125,O60885,brd4 bd2,brd4 bd2,brd4|bd2,,"{""parenthetical"": [], ""dropped"": [], ""mutations"": [], ""mutation_classes"": []}",,[],9606,bd2
brd4 bd2 domain,CHEMBL1163125,O60885,brd4 bd2 domain,brd4 bd2 domain,brd4|bd2|domain,,"{""parenthetical"": [], ""dropped"": [], ""mutations"": [], ""mutation_classes"": []}",,[],9606,bd2
brd4 bromo domain 1,CHEMBL1163125,O60885,brd4 bromo domain 1|brd4 bromo domain1|domain1|brd4 bromo domain-1|domain-1,brd4 bromo domain 1|brd4 bromo domain1|domain1|brd4 bromo domain-1|domain-1,brd4|bromo|domain|1|domain1|domain-1,,"{""parenthetical"": [], ""dropped"": [], ""mutations"": [], ""mutation_classes"": []}",,[],9606,
brd4 bromo domain 2,CHEMBL1163125,O60885,brd4 bromo domain 2|brd4 bromo domain2|domain2|brd4 bromo domain-2|domain-2,brd4 bromo domain 2|brd4 bromo domain2|domain2|brd4 bromo domain-2|domain-2,brd4|bromo|domain|2|domain2|domain-2,,"{""parenthetical"": [], ""dropped"": [], ""mutations"": [], ""mutation_classes"": []}",,[],9606,
brd4 bromodomain,CHEMBL1163125,O60885,brd4 bromodomain,brd4 bromodomain,brd4|bromodomain,,"{""parenthetical"": [], ""dropped"": [], ""mutations"": [], ""mutation_classes"": []}",,[],9606,bromodomain
brd4 bromodomain - 1,CHEMBL1163125,O60885,brd4 bromodomain 1|brd4 bromodomain-1|bromodomain-1|brd4 bromodomain1|bromodomain1,brd4 bromodomain 1|brd4 bromodomain-1|bromodomain-1|brd4 bromodomain1|bromodomain1,brd4|bromodomain|1|bromodomain-1|bromodomain1,,"{""parenthetical"": [], ""dropped"": [], ""mutations"": [], ""mutation_classes"": []}",,[],9606,bromodomain
brd4 bromodomain 1,CHEMBL1163125,O60885,brd4 bromodomain 1|brd4 bromodomain1|bromodomain1|brd4 bromodomain-1|bromodomain-1,brd4 bromodomain 1|brd4 bromodomain1|bromodomain1|brd4 bromodomain-1|bromodomain-1,brd4|bromodomain|1|bromodomain1|bromodomain-1,,"{""parenthetical"": [], ""dropped"": [], ""mutations"": [], ""mutation_classes"": []}",,[],9606,bromodomain
brd4 bromodomain 1 / 2,CHEMBL1163125,O60885,brd4 bromodomain 1 2|brd4 bromodomain1 2|bromodomain1|brd4 bromodomain-1 2|bromodomain-1,brd4 bromodomain 1 2|brd4 bromodomain1 2|bromodomain1|brd4 bromodomain-1 2|bromodomain-1,brd4|bromodomain|1|2|bromodomain1|bromodomain-1,,"{""parenthetical"": [], ""dropped"": [], ""mutations"": [], ""mutation_classes"": []}",,[],9606,bromodomain
brd4 bromodomain 1 2,CHEMBL1163125,O60885,brd4 bromodomain 1 2|brd4 bromodomain1 2|bromodomain1|brd4 bromodomain-1 2|bromodomain-1,brd4 bromodomain 1 2|brd4 bromodomain1 2|bromodomain1|brd4 bromodomain-1 2|bromodomain-1,brd4|bromodomain|1|2|bromodomain1|bromodomain-1,,"{""parenthetical"": [], ""dropped"": [], ""mutations"": [], ""mutation_classes"": []}",,[],9606,bromodomain
brd4 bromodomain 2,CHEMBL1163125,O60885,brd4 bromodomain 2|brd4 bromodomain2|bromodomain2|brd4 bromodomain-2|bromodomain-2,brd4 bromodomain 2|brd4 bromodomain2|bromodomain2|brd4 bromodomain-2|bromodomain-2,brd4|bromodomain|2|bromodomain2|bromodomain-2,,"{""parenthetical"": [], ""dropped"": [], ""mutations"": [], ""mutation_classes"": []}",,[],9606,bromodomain
brd4 bromodomain bd12,CHEMBL1163125,O60885,brd4 bromodomain bd12,brd4 bromodomain bd12,brd4|bromodomain|bd12,,"{""parenthetical"": [], ""dropped"": [], ""mutations"": [], ""mutation_classes"": []}",,[],9606,bromodomain
brd4 bromodomain1,CHEMBL1163125,O60885,brd4 bromodomain1,brd4 bromodomain1,brd4|bromodomain1,,"{""parenthetical"": [], ""dropped"": [], ""mutations"": [], ""mutation_classes"": []}",,[],9606,
brd4 bromodomain2,CHEMBL1163125,O60885,brd4 bromodomain2,brd4 bromodomain2,brd4|bromodomain2,,"{""parenthetical"": [], ""dropped"": [], ""mutations"": [], ""mutation_classes"": []}",,[],9606,
brd4 c - terminal bromodomain 2 h437d mutant,CHEMBL1163125,O60885,brd4 c terminal bromodomain 2 h437d|brd4 c-terminal bromodomain 2 h437d|c-terminal|brd4 cterminal bromodomain 2 h437d|cterminal|brd4 c terminal bromodomain2 h437d|bromodomain2|brd4 c terminal bromodomain-2 h437d|bromodomain-2,brd4 c terminal bromodomain 2 h437d|brd4 c-terminal bromodomain 2 h437d|c-terminal|brd4 cterminal bromodomain 2 h437d|cterminal|brd4 c terminal bromodomain2 h437d|bromodomain2|brd4 c terminal bromodomain-2 h437d|bromodomain-2,brd4|c|terminal|bromodomain|2|h437d|c-terminal|cterminal|bromodomain2|bromodomain-2,,"{""parenthetical"": [], ""dropped"": [], ""mutations"": [""mutant""], ""mutation_classes"": [""NONE""]}",NONE,[],9606,bromodomain
brd4 d1,CHEMBL1163125,O60885,brd4 d1,brd4 d1,brd4|d1,,"{""parenthetical"": [], ""dropped"": [], ""mutations"": [], ""mutation_classes"": []}",,[],9606,
brd4 d2,CHEMBL1163125,O60885,brd4 d2,brd4 d2,brd4|d2,,"{""parenthetical"": [], ""dropped"": [], ""mutations"": [], ""mutation_classes"": []}",,[],9606,
brd4 tandem domain,CHEMBL1163125,O60885,brd4 tandem domain,brd4 tandem domain,brd4|tandem|domain,,"{""parenthetical"": [], ""dropped"": [], ""mutations"": [], ""mutation_classes"": []}",,[],9606,
brd4a,CHEMBL1163125,O60885,brd4a,brd4a,brd4a,,"{""parenthetical"": [], ""dropped"": [], ""mutations"": [], ""mutation_classes"": []}",,[],9606,
brd9,CHEMBL3108640,Q9H8M2,brd9,brd9,brd9,,"{""parenthetical"": [], ""dropped"": [], ""mutations"": [], ""mutation_classes"": []}",,[],9606,
brd9a,CHEMBL3108640,Q9H8M2,brd9a,brd9a,brd9a,,"{""parenthetical"": [], ""dropped"": [], ""mutations"": [], ""mutation_classes"": []}",,[],9606,
brdt,CHEMBL1795185,Q58F21,brdt,brdt,brdt,,"{""parenthetical"": [], ""dropped"": [], ""mutations"": [], ""mutation_classes"": []}",,[],9606,
brdt bd1,CHEMBL1795185,Q58F21,brdt bd1,brdt bd1,brdt|bd1,,"{""parenthetical"": [], ""dropped"": [], ""mutations"": [], ""mutation_classes"": []}",,[],9606,bd1
brdt bd1 domain,CHEMBL1795185,Q58F21,brdt bd1 domain,brdt bd1 domain,brdt|bd1|domain,,"{""parenthetical"": [], ""dropped"": [], ""mutations"": [], ""mutation_classes"": []}",,[],9606,bd1
brdt bd2,CHEMBL1795185,Q58F21,brdt bd2,brdt bd2,brdt|bd2,,"{""parenthetical"": [], ""dropped"": [], ""mutations"": [], ""mutation_classes"": []}",,[],9606,bd2
brdt bromodomain - 1,CHEMBL1795185,Q58F21,brdt bromodomain 1|brdt bromodomain-1|bromodomain-1|brdt bromodomain1|bromodomain1,brdt bromodomain 1|brdt bromodomain-1|bromodomain-1|brdt bromodomain1|bromodomain1,brdt|bromodomain|1|bromodomain-1|bromodomain1,,"{""parenthetical"": [], ""dropped"": [], ""mutations"": [], ""mutation_classes"": []}",,[],9606,bromodomain
brdt d1,CHEMBL1795185,Q58F21,brdt d1,brdt d1,brdt|d1,,"{""parenthetical"": [], ""dropped"": [], ""mutations"": [], ""mutation_classes"": []}",,[],9606,
brk,CHEMBL4601,Q13882,brk,brk,brk,,"{""parenthetical"": [], ""dropped"": [], ""mutations"": [], ""mutation_classes"": []}",,[],9606,
brpf1,CHEMBL3132741,P55201,brpf1,brpf1,brpf1,,"{""parenthetical"": [], ""dropped"": [], ""mutations"": [], ""mutation_classes"": []}",,[],9606,
brpf1b,CHEMBL3132741,P55201,brpf1b,brpf1b,brpf1b,,"{""parenthetical"": [], ""dropped"": [], ""mutations"": [], ""mutation_classes"": []}",,[],9606,
brpf2,CHEMBL2176774,O95696,brpf2,brpf2,brpf2,,"{""parenthetical"": [], ""dropped"": [], ""mutations"": [], ""mutation_classes"": []}",,[],9606,
brpf2 - brd1,CHEMBL2176774,O95696,brpf2 brd1|brpf2-brd1|brpf2brd1,brpf2 brd1|brpf2-brd1|brpf2brd1,brpf2|brd1|brpf2-brd1|brpf2brd1,,"{""parenthetical"": [], ""dropped"": [], ""mutations"": [], ""mutation_classes"": []}",,[],9606,
brpf2 bd,CHEMBL2176774,O95696,brpf2 bd,brpf2 bd,brpf2|bd,,"{""parenthetical"": [], ""dropped"": [], ""mutations"": [], ""mutation_classes"": []}",,[],9606,
brpf3,CHEMBL3108644,Q9ULD4,brpf3,brpf3,brpf3,,"{""parenthetical"": [], ""dropped"": [], ""mutations"": [], ""mutation_classes"": []}",,[],9606,
brpf3a,CHEMBL3108644,Q9ULD4,brpf3a,brpf3a,brpf3a,,"{""parenthetical"": [], ""dropped"": [], ""mutations"": [], ""mutation_classes"": []}",,[],9606,
brsk1,CHEMBL5650,Q8TDC3,brsk1,brsk1,brsk1,,"{""parenthetical"": [], ""dropped"": [], ""mutations"": [], ""mutation_classes"": []}",,[],9606,
brsk2,CHEMBL4574,Q8IWQ3,brsk2,brsk2,brsk2,,"{""parenthetical"": [], ""dropped"": [], ""mutations"": [], ""mutation_classes"": []}",,[],9606,
btk,CHEMBL3259478,P35991,btk,btk,btk,,"{""parenthetical"": [], ""dropped"": [], ""mutations"": [], ""mutation_classes"": []}",,[],9606,
btk,CHEMBL5251,Q06187,btk,btk,btk,,"{""parenthetical"": [], ""dropped"": [], ""mutations"": [], ""mutation_classes"": []}",,[],9606,
btk c481s,CHEMBL5251,Q06187,btk c481s,btk c481s,btk|c481s,,"{""parenthetical"": [], ""dropped"": [], ""mutations"": [], ""mutation_classes"": []}",,[],9606,
btk c481s mutant,CHEMBL5251,Q06187,btk c481s,btk c481s,btk|c481s,,"{""parenthetical"": [], ""dropped"": [], ""mutations"": [""mutant""], ""mutation_classes"": [""NONE""]}",NONE,[],9606,
btk cys481s mutant,CHEMBL5251,Q06187,btk cys481s,btk cys481s,btk|cys481s,,"{""parenthetical"": [], ""dropped"": [], ""mutations"": [""mutant""], ""mutation_classes"": [""NONE""]}",NONE,[],9606,
btk cytoplasmic,CHEMBL5251,Q06187,btk cytoplasmic,btk cytoplasmic,btk|cytoplasmic,,"{""parenthetical"": [], ""dropped"": [], ""mutations"": [], ""mutation_classes"": []}",,[],9606,
buche,CHEMBL1914,P06276,buche,buche,buche,,"{""parenthetical"": [], ""dropped"": [], ""mutations"": [], ""mutation_classes"": []}",,[],9606,
buche,CHEMBL5763,P81908,buche,buche,buche,,"{""parenthetical"": [], ""dropped"": [], ""mutations"": [], ""mutation_classes"": []}",,[],9606,
buche,CHEMBL2528,Q03311,buche,buche,buche,,"{""parenthetical"": [], ""dropped"": [], ""mutations"": [], ""mutation_classes"": []}",,[],9606,
buche,CHEMBL3403,Q9JKC1,buche,buche,buche,,"{""parenthetical"": [], ""dropped"": [], ""mutations"": [], ""mutation_classes"": []}",,[],9606,
buche,CHEMBL5077,Q9N1N9,buche,buche,buche,,"{""parenthetical"": [], ""dropped"": [], ""mutations"": [], ""mutation_classes"": []}",,[],9606,
butyrylcholine esterase,CHEMBL1914,P06276,butyrylcholine esterase,butyrylcholine esterase,butyrylcholine|esterase,,"{""parenthetical"": [], ""dropped"": [], ""mutations"": [], ""mutation_classes"": []}",,[],9606,
butyrylcholine esterase,CHEMBL5763,P81908,butyrylcholine esterase,butyrylcholine esterase,butyrylcholine|esterase,,"{""parenthetical"": [], ""dropped"": [], ""mutations"": [], ""mutation_classes"": []}",,[],9606,
butyrylcholine esterase,CHEMBL3403,Q9JKC1,butyrylcholine esterase,butyrylcholine esterase,butyrylcholine|esterase,,"{""parenthetical"": [], ""dropped"": [], ""mutations"": [], ""mutation_classes"": []}",,[],9606,
butyrylcholinesterase,CHEMBL1914,P06276,butyrylcholinesterase,butyrylcholinesterase,butyrylcholinesterase,,"{""parenthetical"": [], ""dropped"": [], ""mutations"": [], ""mutation_classes"": []}",,[],9606,
butyrylcholinesterase,CHEMBL5763,P81908,butyrylcholinesterase,butyrylcholinesterase,butyrylcholinesterase,,"{""parenthetical"": [], ""dropped"": [], ""mutations"": [], ""mutation_classes"": []}",,[],9606,
butyrylcholinesterase,CHEMBL3403,Q9JKC1,butyrylcholinesterase,butyrylcholinesterase,butyrylcholinesterase,,"{""parenthetical"": [], ""dropped"": [], ""mutations"": [], ""mutation_classes"": []}",,[],9606,
butyrylcholinesterase,CHEMBL5077,Q9N1N9,butyrylcholinesterase,butyrylcholinesterase,butyrylcholinesterase,,"{""parenthetical"": [], ""dropped"": [], ""mutations"": [], ""mutation_classes"": []}",,[],9606,
butyrylcholinesterase ( buche ),CHEMBL5077,Q9N1N9,butyrylcholinesterase,butyrylcholinesterase,butyrylcholinesterase,,"{""parenthetical"": [""buche""], ""dropped"": [], ""mutations"": [], ""mutation_classes"": []}",,[],9606,
c - abl,CHEMBL1862,P00519,c abl|c-abl|cabl,c abl|c-abl|cabl,c|abl|c-abl|cabl,,"{""parenthetical"": [], ""dropped"": [], ""mutations"": [], ""mutation_classes"": []}",,[],9606,
c - abl sh3 / sh2 / sh1 domain,CHEMBL1862,P00519,c abl sh3 sh2 sh1 domain|c-abl sh3 sh2 sh1 domain|c-abl|cabl sh3 sh2 sh1 domain|cabl,c abl sh3 sh2 sh1 domain|c-abl sh3 sh2 sh1 domain|c-abl|cabl sh3 sh2 sh1 domain|cabl,c|abl|sh3|sh2|sh1|domain|c-abl|cabl,,"{""parenthetical"": [], ""dropped"": [], ""mutations"": [], ""mutation_classes"": []}",,[],9606,sh2
c - fms,CHEMBL1844,P07333,c fms|c-fms|cfms,c fms|c-fms|cfms,c|fms|c-fms|cfms,,"{""parenthetical"": [], ""dropped"": [], ""mutations"": [], ""mutation_classes"": []}",,[],9606,
c - jun,CHEMBL2276,P45983,c jun|c-jun|cjun,c jun|c-jun|cjun,c|jun|c-jun|cjun,,"{""parenthetical"": [], ""dropped"": [], ""mutations"": [], ""mutation_classes"": []}",,[],9606,
c - jun n - terminal kinase,CHEMBL2276,P45983,c jun n terminal kinase|c-jun n terminal kinase|c-jun|cjun n terminal kinase|cjun|c jun n-terminal kinase|n-terminal|c jun nterminal kinase|nterminal,c jun n terminal kinase|c-jun n terminal kinase|c-jun|cjun n terminal kinase|cjun|c jun n-terminal kinase|n-terminal|c jun nterminal kinase|nterminal,c|jun|n|terminal|kinase|c-jun|cjun|n-terminal|nterminal,,"{""parenthetical"": [], ""dropped"": [], ""mutations"": [], ""mutation_classes"": []}",,[],9606,
c - kit,CHEMBL1936,P10721,c kit|c-kit|ckit,c kit|c-kit|ckit,c|kit|c-kit|ckit,,"{""parenthetical"": [], ""dropped"": [], ""mutations"": [], ""mutation_classes"": []}",,[],9606,
c - kit d816v type,CHEMBL1936,P10721,c kit d816v type|c-kit d816v type|c-kit|ckit d816v type|ckit,c kit d816v type|c-kit d816v type|c-kit|ckit d816v type|ckit,c|kit|d816v|type|c-kit|ckit,,"{""parenthetical"": [], ""dropped"": [], ""mutations"": [], ""mutation_classes"": []}",,[],9606,
c - kit receptor,CHEMBL1936,P10721,c kit|c-kit|ckit,c kit receptor|c-kit receptor|c-kit|ckit receptor|ckit,c|kit|c-kit|ckit,,"{""parenthetical"": [], ""dropped"": [""receptor""], ""mutations"": [], ""mutation_classes"": []}",,[],9606,
c - kit tyrosine kinase,CHEMBL1936,P10721,c kit tyrosine kinase|c-kit tyrosine kinase|c-kit|ckit tyrosine kinase|ckit,c kit tyrosine kinase|c-kit tyrosine kinase|c-kit|ckit tyrosine kinase|ckit,c|kit|tyrosine|kinase|c-kit|ckit,,"{""parenthetical"": [], ""dropped"": [], ""mutations"": [], ""mutation_classes"": []}",,[],9606,
c - met,CHEMBL3717,P08581,c met|c-met|cmet,c met|c-met|cmet,c|met|c-met|cmet,,"{""parenthetical"": [], ""dropped"": [], ""mutations"": [], ""mutation_classes"": []}",,[],9606,
c - met cytoplasmic domain,CHEMBL3717,P08581,c met cytoplasmic domain|c-met cytoplasmic domain|c-met|cmet cytoplasmic domain|cmet,c met cytoplasmic domain|c-met cytoplasmic domain|c-met|cmet cytoplasmic domain|cmet,c|met|cytoplasmic|domain|c-met|cmet,,"{""parenthetical"": [], ""dropped"": [], ""mutations"": [], ""mutation_classes"": []}",,[],9606,
c - met d1228v mutant,CHEMBL3717,P08581,c met d1228v|c-met d1228v|c-met|cmet d1228v|cmet,c met d1228v|c-met d1228v|c-met|cmet d1228v|cmet,c|met|d1228v|c-met|cmet,,"{""parenthetical"": [], ""dropped"": [], ""mutations"": [""mutant""], ""mutation_classes"": [""NONE""]}",NONE,[],9606,
c - met kinase,CHEMBL3717,P08581,c met kinase|c-met kinase|c-met|cmet kinase|cmet,c met kinase|c-met kinase|c-met|cmet kinase|cmet,c|met|kinase|c-met|cmet,,"{""parenthetical"": [], ""dropped"": [], ""mutations"": [], ""mutation_classes"": []}",,[],9606,
c - met kinase domain,CHEMBL3717,P08581,c met kinase domain|c-met kinase domain|c-met|cmet kinase domain|cmet,c met kinase domain|c-met kinase domain|c-met|cmet kinase domain|cmet,c|met|kinase|domain|c-met|cmet,,"{""parenthetical"": [], ""dropped"": [], ""mutations"": [], ""mutation_classes"": []}",,[],9606,
c - met m1250t mutant,CHEMBL3717,P08581,c met m1250t|c-met m1250t|c-met|cmet m1250t|cmet,c met m1250t|c-met m1250t|c-met|cmet m1250t|cmet,c|met|m1250t|c-met|cmet,,"{""parenthetical"": [], ""dropped"": [], ""mutations"": [""mutant""], ""mutation_classes"": [""NONE""]}",NONE,[],9606,
c - met n1100y mutant,CHEMBL3717,P08581,c met n1100y|c-met n1100y|c-met|cmet n1100y|cmet,c met n1100y|c-met n1100y|c-met|cmet n1100y|cmet,c|met|n1100y|c-met|cmet,,"{""parenthetical"": [], ""dropped"": [], ""mutations"": [""mutant""], ""mutation_classes"": [""NONE""]}",NONE,[],9606,
c - met receptor,CHEMBL3717,P08581,c met|c-met|cmet,c met receptor|c-met receptor|c-met|cmet receptor|cmet,c|met|c-met|cmet,,"{""parenthetical"": [], ""dropped"": [""receptor""], ""mutations"": [], ""mutation_classes"": []}",,[],9606,
c - met y1230c mutant,CHEMBL3717,P08581,c met y1230c|c-met y1230c|c-met|cmet y1230c|cmet,c met y1230c|c-met y1230c|c-met|cmet y1230c|cmet,c|met|y1230c|c-met|cmet,,"{""parenthetical"": [], ""dropped"": [], ""mutations"": [""mutant""], ""mutation_classes"": [""NONE""]}",NONE,[],9606,
c - met y1230h mutant,CHEMBL3717,P08581,c met y1230h|c-met y1230h|c-met|cmet y1230h|cmet,c met y1230h|c-met y1230h|c-met|cmet y1230h|cmet,c|met|y1230h|c-met|cmet,,"{""parenthetical"": [], ""dropped"": [], ""mutations"": [""mutant""], ""mutation_classes"": [""NONE""]}",NONE,[],9606,
c - met y1235d mutant,CHEMBL3717,P08581,c met y1235d|c-met y1235d|c-met|cmet y1235d|cmet,c met y1235d|c-met y1235d|c-met|cmet y1235d|cmet,c|met|y1235d|c-met|cmet,,"{""parenthetical"": [], ""dropped"": [], ""mutations"": [""mutant""], ""mutation_classes"": [""NONE""]}",NONE,[],9606,
c - raf,CHEMBL1906,P04049,c raf|c-raf|craf,c raf|c-raf|craf,c|raf|c-raf|craf,,"{""parenthetical"": [], ""dropped"": [], ""mutations"": [], ""mutation_classes"": []}",,[],9606,
c - raf kinase,CHEMBL1906,P04049,c raf kinase|c-raf kinase|c-raf|craf kinase|craf,c raf kinase|c-raf kinase|c-raf|craf kinase|craf,c|raf|kinase|c-raf|craf,,"{""parenthetical"": [], ""dropped"": [], ""mutations"": [], ""mutation_classes"": []}",,[],9606,
c - raf1 kinase,CHEMBL1906,P04049,c raf1 kinase|c-raf1 kinase|c-raf1|craf1 kinase|craf1,c raf1 kinase|c-raf1 kinase|c-raf1|craf1 kinase|craf1,c|raf1|kinase|c-raf1|craf1,,"{""parenthetical"": [], ""dropped"": [], ""mutations"": [], ""mutation_classes"": []}",,[],9606,
c - src,CHEMBL3655,P00523,c src|c-src|csrc,c src|c-src|csrc,c|src|c-src|csrc,,"{""parenthetical"": [], ""dropped"": [], ""mutations"": [], ""mutation_classes"": []}",,[],9606,
c - src,CHEMBL267,P12931,c src|c-src|csrc,c src|c-src|csrc,c|src|c-src|csrc,,"{""parenthetical"": [], ""dropped"": [], ""mutations"": [], ""mutation_classes"": []}",,[],9606,
c - src kinase,CHEMBL267,P12931,c src kinase|c-src kinase|c-src|csrc kinase|csrc,c src kinase|c-src kinase|c-src|csrc kinase|csrc,c|src|kinase|c-src|csrc,,"{""parenthetical"": [], ""dropped"": [], ""mutations"": [], ""mutation_classes"": []}",,[],9606,
c - src s345c mutant,CHEMBL3655,P00523,c src s345c|c-src s345c|c-src|csrc s345c|csrc,c src s345c|c-src s345c|c-src|csrc s345c|csrc,c|src|s345c|c-src|csrc,,"{""parenthetical"": [], ""dropped"": [], ""mutations"": [""mutant""], ""mutation_classes"": [""NONE""]}",NONE,[],9606,
c - src t338g mutant,CHEMBL3655,P00523,c src t338g|c-src t338g|c-src|csrc t338g|csrc,c src t338g|c-src t338g|c-src|csrc t338g|csrc,c|src|t338g|c-src|csrc,,"{""parenthetical"": [], ""dropped"": [], ""mutations"": [""mutant""], ""mutation_classes"": [""NONE""]}",NONE,[],9606,
c - yes,CHEMBL2073,P07947,c yes|c-yes|cyes,c yes|c-yes|cyes,c|yes|c-yes|cyes,,"{""parenthetical"": [], ""dropped"": [], ""mutations"": [], ""mutation_classes"": []}",,[],9606,
"c17 , 20 - lyase",CHEMBL4430,P11715,"c17,20 lyase|c17,20-lyase|20-lyase|c17,20lyase|20lyase","c17,20 lyase|c17,20-lyase|20-lyase|c17,20lyase|20lyase","c17,20|lyase|20-lyase|20lyase",,"{""parenthetical"": [], ""dropped"": [], ""mutations"": [], ""mutation_classes"": []}",,[],9606,
"c17 , 20 - lyase enzyme",CHEMBL3522,P05093,"c17,20 lyase enzyme|c17,20-lyase enzyme|20-lyase|c17,20lyase enzyme|20lyase","c17,20 lyase enzyme|c17,20-lyase enzyme|20-lyase|c17,20lyase enzyme|20lyase","c17,20|lyase|enzyme|20-lyase|20lyase",,"{""parenthetical"": [], ""dropped"": [], ""mutations"": [], ""mutation_classes"": []}",,[],9606,
"c17 , 20 - lyase enzyme cytochrome p450 17a1",CHEMBL3522,P05093,"c17,20 lyase enzyme cytochrome p450 17a1|c17,20-lyase enzyme cytochrome p450 17a1|20-lyase|c17,20lyase enzyme cytochrome p450 17a1|20lyase","c17,20 lyase enzyme cytochrome p450 17a1|c17,20-lyase enzyme cytochrome p450 17a1|20-lyase|c17,20lyase enzyme cytochrome p450 17a1|20lyase","c17,20|lyase|enzyme|cytochrome|p450|17a1|20-lyase|20lyase",,"{""parenthetical"": [], ""dropped"": [], ""mutations"": [], ""mutation_classes"": []}",,[],9606,
c3a receptor,CHEMBL4761,Q16581,c3a,c3a receptor,c3a,c3ar1,"{""parenthetical"": [], ""dropped"": [""receptor""], ""mutations"": [], ""mutation_classes"": []}",,[],9606,
c3ar,CHEMBL4761,Q16581,c3ar,c3ar,c3ar,,"{""parenthetical"": [], ""dropped"": [], ""mutations"": [], ""mutation_classes"": []}",,[],9606,
c5a,CHEMBL288,Q08499,c5a,c5a,c5a,,"{""parenthetical"": [], ""dropped"": [], ""mutations"": [], ""mutation_classes"": []}",,[],9606,
c5a receptor,CHEMBL2373,P21730,c5a,c5a receptor,c5a,c5ar1 c5ar2,"{""parenthetical"": [], ""dropped"": [""receptor""], ""mutations"": [], ""mutation_classes"": []}",,[],9606,
ca - 1,CHEMBL261,P00915,ca 1|ca-1|ca1,ca 1|ca-1|ca1,ca|1|ca-1|ca1,,"{""parenthetical"": [], ""dropped"": [], ""mutations"": [], ""mutation_classes"": []}",,[],9606,
ca - 12,CHEMBL3242,O43570,ca 12|ca-12|ca12,ca 12|ca-12|ca12,ca|12|ca-12|ca12,,"{""parenthetical"": [], ""dropped"": [], ""mutations"": [], ""mutation_classes"": []}",,[],9606,
ca - 2,CHEMBL205,P00918,ca 2|ca-2|ca2,ca 2|ca-2|ca2,ca|2|ca-2|ca2,,"{""parenthetical"": [], ""dropped"": [], ""mutations"": [], ""mutation_classes"": []}",,[],9606,
ca - 9,CHEMBL3594,Q16790,ca 9|ca-9|ca9,ca 9|ca-9|ca9,ca|9|ca-9|ca9,,"{""parenthetical"": [], ""dropped"": [], ""mutations"": [], ""mutation_classes"": []}",,[],9606,
ca - mch - r1 ( - concentrating hormone receptor 1 ),CHEMBL344,Q99705,ca mch r1|ca-mch-r1|camchr1,ca mch r1|ca-mch-r1|camchr1,ca|mch|r1|ca-mch-r1|camchr1,,"{""parenthetical"": [""- concentrating hormone receptor 1""], ""dropped"": [], ""mutations"": [], ""mutation_classes"": []}",,[],9606,
ca 1,CHEMBL261,P00915,ca 1|ca1|ca-1,ca 1|ca1|ca-1,ca|1|ca1|ca-1,,"{""parenthetical"": [], ""dropped"": [], ""mutations"": [], ""mutation_classes"": []}",,[],9606,
ca 12,CHEMBL3242,O43570,ca 12|ca12|ca-12,ca 12|ca12|ca-12,ca|12|ca12|ca-12,,"{""parenthetical"": [], ""dropped"": [], ""mutations"": [], ""mutation_classes"": []}",,[],9606,
ca 2,CHEMBL205,P00918,ca 2|ca2|ca-2,ca 2|ca2|ca-2,ca|2|ca2|ca-2,,"{""parenthetical"": [], ""dropped"": [], ""mutations"": [], ""mutation_classes"": []}",,[],9606,
ca 9,CHEMBL3594,Q16790,ca 9|ca9|ca-9,ca 9|ca9|ca-9,ca|9|ca9|ca-9,,"{""parenthetical"": [], ""dropped"": [], ""mutations"": [], ""mutation_classes"": []}",,[],9606,
ca i,CHEMBL261,P00915,ca i,ca i,ca|i,,"{""parenthetical"": [], ""dropped"": [], ""mutations"": [], ""mutation_classes"": []}",,[],9606,
ca ii,CHEMBL205,P00918,ca 2|ca2|ca-2,ca 2|ca2|ca-2,ca|2|ca2|ca-2,,"{""parenthetical"": [], ""dropped"": [], ""mutations"": [], ""mutation_classes"": []}",,[],9606,
ca ix,CHEMBL3594,Q16790,ca 9|ca9|ca-9,ca 9|ca9|ca-9,ca|9|ca9|ca-9,,"{""parenthetical"": [], ""dropped"": [], ""mutations"": [], ""mutation_classes"": []}",,[],9606,
ca va,CHEMBL4789,P35218,ca va,ca va,ca|va,,"{""parenthetical"": [], ""dropped"": [], ""mutations"": [], ""mutation_classes"": []}",,[],9606,
ca vb,CHEMBL3969,Q9Y2D0,ca vb,ca vb,ca|vb,,"{""parenthetical"": [], ""dropped"": [], ""mutations"": [], ""mutation_classes"": []}",,[],9606,
ca vi,CHEMBL3025,P23280,ca 6|ca6|ca-6,ca 6|ca6|ca-6,ca|6|ca6|ca-6,,"{""parenthetical"": [], ""dropped"": [], ""mutations"": [], ""mutation_classes"": []}",,[],9606,
ca xii,CHEMBL3242,O43570,ca 12|ca12|ca-12,ca 12|ca12|ca-12,ca|12|ca12|ca-12,,"{""parenthetical"": [], ""dropped"": [], ""mutations"": [], ""mutation_classes"": []}",,[],9606,
ca1,CHEMBL261,P00915,ca1,ca1,ca1,,"{""parenthetical"": [], ""dropped"": [], ""mutations"": [], ""mutation_classes"": []}",,[],9606,
ca1 cytosolic,CHEMBL261,P00915,ca1 cytosolic,ca1 cytosolic,ca1|cytosolic,,"{""parenthetical"": [], ""dropped"": [], ""mutations"": [], ""mutation_classes"": []}",,[],9606,
ca1 cytosolic isoform,CHEMBL261,P00915,ca1 cytosolic,ca1 cytosolic isoform,ca1|cytosolic,,"{""parenthetical"": [], ""dropped"": [""isoform""], ""mutations"": [], ""mutation_classes"": []}",,[],9606,
ca12,CHEMBL3242,O43570,ca12,ca12,ca12,,"{""parenthetical"": [], ""dropped"": [], ""mutations"": [], ""mutation_classes"": []}",,[],9606,
ca12 transmembrane isoform,CHEMBL3242,O43570,ca12 transmembrane,ca12 transmembrane isoform,ca12|transmembrane,,"{""parenthetical"": [], ""dropped"": [""isoform""], ""mutations"": [], ""mutation_classes"": []}",,[],9606,
ca13,CHEMBL3912,Q8N1Q1,ca13,ca13,ca13,,"{""parenthetical"": [], ""dropped"": [], ""mutations"": [], ""mutation_classes"": []}",,[],9606,
ca13,CHEMBL2186,Q9D6N1,ca13,ca13,ca13,,"{""parenthetical"": [], ""dropped"": [], ""mutations"": [], ""mutation_classes"": []}",,[],9606,
ca14,CHEMBL3510,Q9ULX7,ca14,ca14,ca14,,"{""parenthetical"": [], ""dropped"": [], ""mutations"": [], ""mutation_classes"": []}",,[],9606,
ca15,CHEMBL5973,Q99N23,ca15,ca15,ca15,,"{""parenthetical"": [], ""dropped"": [], ""mutations"": [], ""mutation_classes"": []}",,[],9606,
ca2,CHEMBL205,P00918,ca2,ca2,ca2,,"{""parenthetical"": [], ""dropped"": [], ""mutations"": [], ""mutation_classes"": []}",,[],9606,
ca2 cytosolic isoform,CHEMBL205,P00918,ca2 cytosolic,ca2 cytosolic isoform,ca2|cytosolic,,"{""parenthetical"": [], ""dropped"": [""isoform""], ""mutations"": [], ""mutation_classes"": []}",,[],9606,
ca3,CHEMBL2885,P07451,ca3,ca3,ca3,,"{""parenthetical"": [], ""dropped"": [], ""mutations"": [], ""mutation_classes"": []}",,[],9606,
ca3 cytosolic isoform,CHEMBL2885,P07451,ca3 cytosolic,ca3 cytosolic isoform,ca3|cytosolic,,"{""parenthetical"": [], ""dropped"": [""isoform""], ""mutations"": [], ""mutation_classes"": []}",,[],9606,
ca4,CHEMBL3729,P22748,ca4,ca4,ca4,,"{""parenthetical"": [], ""dropped"": [], ""mutations"": [], ""mutation_classes"": []}",,[],9606,
ca4,CHEMBL281,Q95323,ca4,ca4,ca4,,"{""parenthetical"": [], ""dropped"": [], ""mutations"": [], ""mutation_classes"": []}",,[],9606,
ca5a,CHEMBL4789,P35218,ca5a,ca5a,ca5a,,"{""parenthetical"": [], ""dropped"": [], ""mutations"": [], ""mutation_classes"": []}",,[],9606,
ca5b,CHEMBL3969,Q9Y2D0,ca5b,ca5b,ca5b,,"{""parenthetical"": [], ""dropped"": [], ""mutations"": [], ""mutation_classes"": []}",,[],9606,
ca6,CHEMBL3025,P23280,ca6,ca6,ca6,,"{""parenthetical"": [], ""dropped"": [], ""mutations"": [], ""mutation_classes"": []}",,[],9606,
ca7,CHEMBL2326,P43166,ca7,ca7,ca7,,"{""parenthetical"": [], ""dropped"": [], ""mutations"": [], ""mutation_classes"": []}",,[],9606,
ca9,CHEMBL3594,Q16790,ca9,ca9,ca9,,"{""parenthetical"": [], ""dropped"": [], ""mutations"": [], ""mutation_classes"": []}",,[],9606,
ca9 transmembrane isoform,CHEMBL3594,Q16790,ca9 transmembrane,ca9 transmembrane isoform,ca9|transmembrane,,"{""parenthetical"": [], ""dropped"": [""isoform""], ""mutations"": [], ""mutation_classes"": []}",,[],9606,
cah1,CHEMBL261,P00915,cah1,cah1,cah1,,"{""parenthetical"": [], ""dropped"": [], ""mutations"": [], ""mutation_classes"": []}",,[],9606,
cah12,CHEMBL3242,O43570,cah12,cah12,cah12,,"{""parenthetical"": [], ""dropped"": [], ""mutations"": [], ""mutation_classes"": []}",,[],9606,
cah13,CHEMBL3912,Q8N1Q1,cah13,cah13,cah13,,"{""parenthetical"": [], ""dropped"": [], ""mutations"": [], ""mutation_classes"": []}",,[],9606,
cah14,CHEMBL3510,Q9ULX7,cah14,cah14,cah14,,"{""parenthetical"": [], ""dropped"": [], ""mutations"": [], ""mutation_classes"": []}",,[],9606,
cah2,CHEMBL205,P00918,cah2,cah2,cah2,,"{""parenthetical"": [], ""dropped"": [], ""mutations"": [], ""mutation_classes"": []}",,[],9606,
cah4,CHEMBL3729,P22748,cah4,cah4,cah4,,"{""parenthetical"": [], ""dropped"": [], ""mutations"": [], ""mutation_classes"": []}",,[],9606,
cah5a,CHEMBL4789,P35218,cah5a,cah5a,cah5a,,"{""parenthetical"": [], ""dropped"": [], ""mutations"": [], ""mutation_classes"": []}",,[],9606,
cah5b,CHEMBL3969,Q9Y2D0,cah5b,cah5b,cah5b,,"{""parenthetical"": [], ""dropped"": [], ""mutations"": [], ""mutation_classes"": []}",,[],9606,
cah6,CHEMBL3025,P23280,cah6,cah6,cah6,,"{""parenthetical"": [], ""dropped"": [], ""mutations"": [], ""mutation_classes"": []}",,[],9606,
cah7,CHEMBL2326,P43166,cah7,cah7,cah7,,"{""parenthetical"": [], ""dropped"": [], ""mutations"": [], ""mutation_classes"": []}",,[],9606,
cah9,CHEMBL3594,Q16790,cah9,cah9,cah9,,"{""parenthetical"": [], ""dropped"": [], ""mutations"": [], ""mutation_classes"": []}",,[],9606,
cal1,CHEMBL3891,P07384,cal1,cal1,cal1,,"{""parenthetical"": [], ""dropped"": [], ""mutations"": [], ""mutation_classes"": []}",,[],9606,
calcium - sensing receptor,CHEMBL1878,P41180,calcium sensing|calcium-sensing|calciumsensing,calcium sensing receptor|calcium-sensing receptor|calcium-sensing|calciumsensing receptor|calciumsensing,calcium|sensing|calcium-sensing|calciumsensing,casr,"{""parenthetical"": [], ""dropped"": [""receptor""], ""mutations"": [], ""mutation_classes"": []}",,[],9606,
calcium receptor,CHEMBL1878,P41180,calcium,calcium receptor,calcium,,"{""parenthetical"": [], ""dropped"": [""receptor""], ""mutations"": [], ""mutation_classes"": []}",,[],9606,
calcium sensing receptor,CHEMBL1878,P41180,calcium sensing,calcium sensing receptor,calcium|sensing,casr,"{""parenthetical"": [], ""dropped"": [""receptor""], ""mutations"": [], ""mutation_classes"": []}",,[],9606,
calpain - 1,CHEMBL3891,P07384,calpain 1|calpain-1|calpain1,calpain 1|calpain-1|calpain1,calpain|1|calpain-1|calpain1,,"{""parenthetical"": [], ""dropped"": [], ""mutations"": [], ""mutation_classes"": []}",,[],9606,
camk1a,CHEMBL2493,Q14012,camk1a,camk1a,camk1a,,"{""parenthetical"": [], ""dropped"": [], ""mutations"": [], ""mutation_classes"": []}",,[],9606,
camk1b,CHEMBL3627592,Q6P2M8,camk1b,camk1b,camk1b,,"{""parenthetical"": [], ""dropped"": [], ""mutations"": [], ""mutation_classes"": []}",,[],9606,
camk1d,CHEMBL5073,Q8IU85,camk1d,camk1d,camk1d,,"{""parenthetical"": [], ""dropped"": [], ""mutations"": [], ""mutation_classes"": []}",,[],9606,
camk1g,CHEMBL5258,Q96NX5,camk1g,camk1g,camk1g,,"{""parenthetical"": [], ""dropped"": [], ""mutations"": [], ""mutation_classes"": []}",,[],9606,
camk2a,CHEMBL4147,Q9UQM7,camk2a,camk2a,camk2a,,"{""parenthetical"": [], ""dropped"": [], ""mutations"": [], ""mutation_classes"": []}",,[],9606,
camk2b,CHEMBL4121,Q13554,camk2b,camk2b,camk2b,,"{""parenthetical"": [], ""dropped"": [], ""mutations"": [], ""mutation_classes"": []}",,[],9606,
camk2d,CHEMBL2801,Q13557,camk2d,camk2d,camk2d,,"{""parenthetical"": [], ""dropped"": [], ""mutations"": [], ""mutation_classes"": []}",,[],9606,
camk2g,CHEMBL3829,Q13555,camk2g,camk2g,camk2g,,"{""parenthetical"": [], ""dropped"": [], ""mutations"": [], ""mutation_classes"": []}",,[],9606,
camk4,CHEMBL2494,Q16566,camk4,camk4,camk4,,"{""parenthetical"": [], ""dropped"": [], ""mutations"": [], ""mutation_classes"": []}",,[],9606,
camkk1,CHEMBL5256,Q8N5S9,camkk1,camkk1,camkk1,,"{""parenthetical"": [], ""dropped"": [], ""mutations"": [], ""mutation_classes"": []}",,[],9606,
camkk2,CHEMBL5284,Q96RR4,camkk2,camkk2,camkk2,,"{""parenthetical"": [], ""dropped"": [], ""mutations"": [], ""mutation_classes"": []}",,[],9606,
camp specific phosphodiesterase,CHEMBL3333,O77823,camp specific phosphodiesterase,camp specific phosphodiesterase,camp|specific|phosphodiesterase,,"{""parenthetical"": [], ""dropped"": [], ""mutations"": [], ""mutation_classes"": []}",,[],9606,
cannabinoid - 1 receptor,CHEMBL218,P21554,cannabinoid 1|cannabinoid-1|cannabinoid1,cannabinoid 1 receptor|cannabinoid-1 receptor|cannabinoid-1|cannabinoid1 receptor|cannabinoid1,cannabinoid|1|cannabinoid-1|cannabinoid1,drd1,"{""parenthetical"": [], ""dropped"": [""receptor""], ""mutations"": [], ""mutation_classes"": []}",,[],9606,
cannabinoid cb1 receptor,CHEMBL218,P21554,cannabinoid cb1,cannabinoid cb1 receptor,cannabinoid|cb1,cb1 cnr1,"{""parenthetical"": [], ""dropped"": [""receptor""], ""mutations"": [], ""mutation_classes"": []}",,[],9606,
cannabinoid cb2 receptor,CHEMBL253,P34972,cannabinoid cb2,cannabinoid cb2 receptor,cannabinoid|cb2,cb2 cnr2,"{""parenthetical"": [], ""dropped"": [""receptor""], ""mutations"": [], ""mutation_classes"": []}",,[],9606,
cannabinoid receptor 1,CHEMBL218,P21554,cannabinoid 1|receptor1|receptor-1,cannabinoid receptor 1|cannabinoid receptor1|receptor1|cannabinoid receptor-1|receptor-1,cannabinoid|1|receptor1|receptor-1,cb1 cnr1,"{""parenthetical"": [], ""dropped"": [""receptor""], ""mutations"": [], ""mutation_classes"": []}",,[],9606,
cannabinoid receptor 1 ( hcb1 ),CHEMBL218,P21554,cannabinoid 1|receptor1|receptor-1,cannabinoid receptor 1|cannabinoid receptor1|receptor1|cannabinoid receptor-1|receptor-1,cannabinoid|1|receptor1|receptor-1,cb1 cnr1,"{""parenthetical"": [""hcb1""], ""dropped"": [""receptor""], ""mutations"": [], ""mutation_classes"": []}",,[],9606,
cannabinoid receptor 2,CHEMBL253,P34972,cannabinoid 2|receptor2|receptor-2,cannabinoid receptor 2|cannabinoid receptor2|receptor2|cannabinoid receptor-2|receptor-2,cannabinoid|2|receptor2|receptor-2,cb2 cnr2,"{""parenthetical"": [], ""dropped"": [""receptor""], ""mutations"": [], ""mutation_classes"": []}",,[],9606,
cannabinoid receptor type 1,CHEMBL218,P21554,cannabinoid type 1|cannabinoid type1|type1|cannabinoid type-1|type-1,cannabinoid receptor type 1|cannabinoid receptor type1|type1|cannabinoid receptor type-1|type-1,cannabinoid|type|1|type1|type-1,,"{""parenthetical"": [], ""dropped"": [""receptor""], ""mutations"": [], ""mutation_classes"": []}",,[],9606,
cannabinoid receptors 2,CHEMBL253,P34972,cannabinoid receptors 2|cannabinoid receptors2|receptors2|cannabinoid receptors-2|receptors-2,cannabinoid receptors 2|cannabinoid receptors2|receptors2|cannabinoid receptors-2|receptors-2,cannabinoid|receptors|2|receptors2|receptors-2,cb2 cnr2,"{""parenthetical"": [], ""dropped"": [], ""mutations"": [], ""mutation_classes"": []}",,[],9606,
capn1,CHEMBL3891,P07384,capn1,capn1,capn1,,"{""parenthetical"": [], ""dropped"": [], ""mutations"": [], ""mutation_classes"": []}",,[],9606,
capn2,CHEMBL4143,P43367,capn2,capn2,capn2,,"{""parenthetical"": [], ""dropped"": [], ""mutations"": [], ""mutation_classes"": []}",,[],9606,
carbonic anhdydrase - 1,CHEMBL261,P00915,carbonic anhdydrase 1|carbonic anhdydrase-1|anhdydrase-1|carbonic anhdydrase1|anhdydrase1,carbonic anhdydrase 1|carbonic anhdydrase-1|anhdydrase-1|carbonic anhdydrase1|anhdydrase1,carbonic|anhdydrase|1|anhdydrase-1|anhdydrase1,,"{""parenthetical"": [], ""dropped"": [], ""mutations"": [], ""mutation_classes"": []}",,[],9606,
carbonic anhdydrase - 12,CHEMBL3242,O43570,carbonic anhdydrase 12|carbonic anhdydrase-12|anhdydrase-12|carbonic anhdydrase12|anhdydrase12,carbonic anhdydrase 12|carbonic anhdydrase-12|anhdydrase-12|carbonic anhdydrase12|anhdydrase12,carbonic|anhdydrase|12|anhdydrase-12|anhdydrase12,,"{""parenthetical"": [], ""dropped"": [], ""mutations"": [], ""mutation_classes"": []}",,[],9606,
carbonic anhdydrase - 2,CHEMBL205,P00918,carbonic anhdydrase 2|carbonic anhdydrase-2|anhdydrase-2|carbonic anhdydrase2|anhdydrase2,carbonic anhdydrase 2|carbonic anhdydrase-2|anhdydrase-2|carbonic anhdydrase2|anhdydrase2,carbonic|anhdydrase|2|anhdydrase-2|anhdydrase2,,"{""parenthetical"": [], ""dropped"": [], ""mutations"": [], ""mutation_classes"": []}",,[],9606,
carbonic anhdydrase - 9,CHEMBL3594,Q16790,carbonic anhdydrase 9|carbonic anhdydrase-9|anhdydrase-9|carbonic anhdydrase9|anhdydrase9,carbonic anhdydrase 9|carbonic anhdydrase-9|anhdydrase-9|carbonic anhdydrase9|anhdydrase9,carbonic|anhdydrase|9|anhdydrase-9|anhdydrase9,,"{""parenthetical"": [], ""dropped"": [], ""mutations"": [], ""mutation_classes"": []}",,[],9606,
carbonic anhydrase,CHEMBL205,P00918,carbonic anhydrase,carbonic anhydrase,carbonic|anhydrase,,"{""parenthetical"": [], ""dropped"": [], ""mutations"": [], ""mutation_classes"": []}",,[],9606,
carbonic anhydrase - 1,CHEMBL261,P00915,carbonic anhydrase 1|carbonic anhydrase-1|anhydrase-1|carbonic anhydrase1|anhydrase1,carbonic anhydrase 1|carbonic anhydrase-1|anhydrase-1|carbonic anhydrase1|anhydrase1,carbonic|anhydrase|1|anhydrase-1|anhydrase1,,"{""parenthetical"": [], ""dropped"": [], ""mutations"": [], ""mutation_classes"": []}",,[],9606,
carbonic anhydrase - 12,CHEMBL3242,O43570,carbonic anhydrase 12|carbonic anhydrase-12|anhydrase-12|carbonic anhydrase12|anhydrase12,carbonic anhydrase 12|carbonic anhydrase-12|anhydrase-12|carbonic anhydrase12|anhydrase12,carbonic|anhydrase|12|anhydrase-12|anhydrase12,,"{""parenthetical"": [], ""dropped"": [], ""mutations"": [], ""mutation_classes"": []}",,[],9606,
carbonic anhydrase - 13,CHEMBL3912,Q8N1Q1,carbonic anhydrase 13|carbonic anhydrase-13|anhydrase-13|carbonic anhydrase13|anhydrase13,carbonic anhydrase 13|carbonic anhydrase-13|anhydrase-13|carbonic anhydrase13|anhydrase13,carbonic|anhydrase|13|anhydrase-13|anhydrase13,,"{""parenthetical"": [], ""dropped"": [], ""mutations"": [], ""mutation_classes"": []}",,[],9606,
carbonic anhydrase - 14,CHEMBL3510,Q9ULX7,carbonic anhydrase 14|carbonic anhydrase-14|anhydrase-14|carbonic anhydrase14|anhydrase14,carbonic anhydrase 14|carbonic anhydrase-14|anhydrase-14|carbonic anhydrase14|anhydrase14,carbonic|anhydrase|14|anhydrase-14|anhydrase14,,"{""parenthetical"": [], ""dropped"": [], ""mutations"": [], ""mutation_classes"": []}",,[],9606,
carbonic anhydrase - 2,CHEMBL205,P00918,carbonic anhydrase 2|carbonic anhydrase-2|anhydrase-2|carbonic anhydrase2|anhydrase2,carbonic anhydrase 2|carbonic anhydrase-2|anhydrase-2|carbonic anhydrase2|anhydrase2,carbonic|anhydrase|2|anhydrase-2|anhydrase2,,"{""parenthetical"": [], ""dropped"": [], ""mutations"": [], ""mutation_classes"": []}",,[],9606,
carbonic anhydrase - 2 cytosolic isoform,CHEMBL205,P00918,carbonic anhydrase 2 cytosolic|carbonic anhydrase-2 cytosolic|anhydrase-2|carbonic anhydrase2 cytosolic|anhydrase2,carbonic anhydrase 2 cytosolic isoform|carbonic anhydrase-2 cytosolic isoform|anhydrase-2|carbonic anhydrase2 cytosolic isoform|anhydrase2,carbonic|anhydrase|2|cytosolic|anhydrase-2|anhydrase2,,"{""parenthetical"": [], ""dropped"": [""isoform""], ""mutations"": [], ""mutation_classes"": []}",,[],9606,
carbonic anhydrase - 4,CHEMBL3729,P22748,carbonic anhydrase 4|carbonic anhydrase-4|anhydrase-4|carbonic anhydrase4|anhydrase4,carbonic anhydrase 4|carbonic anhydrase-4|anhydrase-4|carbonic anhydrase4|anhydrase4,carbonic|anhydrase|4|anhydrase-4|anhydrase4,,"{""parenthetical"": [], ""dropped"": [], ""mutations"": [], ""mutation_classes"": []}",,[],9606,
carbonic anhydrase - 5a,CHEMBL4789,P35218,carbonic anhydrase 5a|carbonic anhydrase-5a|anhydrase-5a|carbonic anhydrase5a|anhydrase5a,carbonic anhydrase 5a|carbonic anhydrase-5a|anhydrase-5a|carbonic anhydrase5a|anhydrase5a,carbonic|anhydrase|5a|anhydrase-5a|anhydrase5a,,"{""parenthetical"": [], ""dropped"": [], ""mutations"": [], ""mutation_classes"": []}",,[],9606,
carbonic anhydrase - 5b,CHEMBL3969,Q9Y2D0,carbonic anhydrase 5b|carbonic anhydrase-5b|anhydrase-5b|carbonic anhydrase5b|anhydrase5b,carbonic anhydrase 5b|carbonic anhydrase-5b|anhydrase-5b|carbonic anhydrase5b|anhydrase5b,carbonic|anhydrase|5b|anhydrase-5b|anhydrase5b,,"{""parenthetical"": [], ""dropped"": [], ""mutations"": [], ""mutation_classes"": []}",,[],9606,
carbonic anhydrase - 6,CHEMBL3025,P23280,carbonic anhydrase 6|carbonic anhydrase-6|anhydrase-6|carbonic anhydrase6|anhydrase6,carbonic anhydrase 6|carbonic anhydrase-6|anhydrase-6|carbonic anhydrase6|anhydrase6,carbonic|anhydrase|6|anhydrase-6|anhydrase6,,"{""parenthetical"": [], ""dropped"": [], ""mutations"": [], ""mutation_classes"": []}",,[],9606,
carbonic anhydrase - 7,CHEMBL2326,P43166,carbonic anhydrase 7|carbonic anhydrase-7|anhydrase-7|carbonic anhydrase7|anhydrase7,carbonic anhydrase 7|carbonic anhydrase-7|anhydrase-7|carbonic anhydrase7|anhydrase7,carbonic|anhydrase|7|anhydrase-7|anhydrase7,,"{""parenthetical"": [], ""dropped"": [], ""mutations"": [], ""mutation_classes"": []}",,[],9606,
carbonic anhydrase - 9,CHEMBL3594,Q16790,carbonic anhydrase 9|carbonic anhydrase-9|anhydrase-9|carbonic anhydrase9|anhydrase9,carbonic anhydrase 9|carbonic anhydrase-9|anhydrase-9|carbonic anhydrase9|anhydrase9,carbonic|anhydrase|9|anhydrase-9|anhydrase9,,"{""parenthetical"": [], ""dropped"": [], ""mutations"": [], ""mutation_classes"": []}",,[],9606,
carbonic anhydrase 1,CHEMBL261,P00915,carbonic anhydrase 1|carbonic anhydrase1|anhydrase1|carbonic anhydrase-1|anhydrase-1,carbonic anhydrase 1|carbonic anhydrase1|anhydrase1|carbonic anhydrase-1|anhydrase-1,carbonic|anhydrase|1|anhydrase1|anhydrase-1,,"{""parenthetical"": [], ""dropped"": [], ""mutations"": [], ""mutation_classes"": []}",,[],9606,
carbonic anhydrase 1,CHEMBL205,P00918,carbonic anhydrase 1|carbonic anhydrase1|anhydrase1|carbonic anhydrase-1|anhydrase-1,carbonic anhydrase 1|carbonic anhydrase1|anhydrase1|carbonic anhydrase-1|anhydrase-1,carbonic|anhydrase|1|anhydrase1|anhydrase-1,,"{""parenthetical"": [], ""dropped"": [], ""mutations"": [], ""mutation_classes"": []}",,[],9606,
carbonic anhydrase 1,CHEMBL5631,P9WPJ7,carbonic anhydrase 1|carbonic anhydrase1|anhydrase1|carbonic anhydrase-1|anhydrase-1,carbonic anhydrase 1|carbonic anhydrase1|anhydrase1|carbonic anhydrase-1|anhydrase-1,carbonic|anhydrase|1|anhydrase1|anhydrase-1,,"{""parenthetical"": [], ""dropped"": [], ""mutations"": [], ""mutation_classes"": []}",,[],9606,
carbonic anhydrase 12,CHEMBL3242,O43570,carbonic anhydrase 12|carbonic anhydrase12|anhydrase12|carbonic anhydrase-12|anhydrase-12,carbonic anhydrase 12|carbonic anhydrase12|anhydrase12|carbonic anhydrase-12|anhydrase-12,carbonic|anhydrase|12|anhydrase12|anhydrase-12,,"{""parenthetical"": [], ""dropped"": [], ""mutations"": [], ""mutation_classes"": []}",,[],9606,
carbonic anhydrase 13,CHEMBL3912,Q8N1Q1,carbonic anhydrase 13|carbonic anhydrase13|anhydrase13|carbonic anhydrase-13|anhydrase-13,carbonic anhydrase 13|carbonic anhydrase13|anhydrase13|carbonic anhydrase-13|anhydrase-13,carbonic|anhydrase|13|anhydrase13|anhydrase-13,,"{""parenthetical"": [], ""dropped"": [], ""mutations"": [], ""mutation_classes"": []}",,[],9606,
carbonic anhydrase 13,CHEMBL2186,Q9D6N1,carbonic anhydrase 13|carbonic anhydrase13|anhydrase13|carbonic anhydrase-13|anhydrase-13,carbonic anhydrase 13|carbonic anhydrase13|anhydrase13|carbonic anhydrase-13|anhydrase-13,carbonic|anhydrase|13|anhydrase13|anhydrase-13,,"{""parenthetical"": [], ""dropped"": [], ""mutations"": [], ""mutation_classes"": []}",,[],9606,
carbonic anhydrase 14,CHEMBL3510,Q9ULX7,carbonic anhydrase 14|carbonic anhydrase14|anhydrase14|carbonic anhydrase-14|anhydrase-14,carbonic anhydrase 14|carbonic anhydrase14|anhydrase14|carbonic anhydrase-14|anhydrase-14,carbonic|anhydrase|14|anhydrase14|anhydrase-14,,"{""parenthetical"": [], ""dropped"": [], ""mutations"": [], ""mutation_classes"": []}",,[],9606,
carbonic anhydrase 2,CHEMBL261,P00915,carbonic anhydrase 2|carbonic anhydrase2|anhydrase2|carbonic anhydrase-2|anhydrase-2,carbonic anhydrase 2|carbonic anhydrase2|anhydrase2|carbonic anhydrase-2|anhydrase-2,carbonic|anhydrase|2|anhydrase2|anhydrase-2,,"{""parenthetical"": [], ""dropped"": [], ""mutations"": [], ""mutation_classes"": []}",,[],9606,
carbonic anhydrase 2,CHEMBL205,P00918,carbonic anhydrase 2|carbonic anhydrase2|anhydrase2|carbonic anhydrase-2|anhydrase-2,carbonic anhydrase 2|carbonic anhydrase2|anhydrase2|carbonic anhydrase-2|anhydrase-2,carbonic|anhydrase|2|anhydrase2|anhydrase-2,,"{""parenthetical"": [], ""dropped"": [], ""mutations"": [], ""mutation_classes"": []}",,[],9606,
carbonic anhydrase 2,CHEMBL6068,P9WPJ9,carbonic anhydrase 2|carbonic anhydrase2|anhydrase2|carbonic anhydrase-2|anhydrase-2,carbonic anhydrase 2|carbonic anhydrase2|anhydrase2|carbonic anhydrase-2|anhydrase-2,carbonic|anhydrase|2|anhydrase2|anhydrase-2,,"{""parenthetical"": [], ""dropped"": [], ""mutations"": [], ""mutation_classes"": []}",,[],9606,
carbonic anhydrase 3,CHEMBL2885,P07451,carbonic anhydrase 3|carbonic anhydrase3|anhydrase3|carbonic anhydrase-3|anhydrase-3,carbonic anhydrase 3|carbonic anhydrase3|anhydrase3|carbonic anhydrase-3|anhydrase-3,carbonic|anhydrase|3|anhydrase3|anhydrase-3,,"{""parenthetical"": [], ""dropped"": [], ""mutations"": [], ""mutation_classes"": []}",,[],9606,
carbonic anhydrase 4,CHEMBL3729,P22748,carbonic anhydrase 4|carbonic anhydrase4|anhydrase4|carbonic anhydrase-4|anhydrase-4,carbonic anhydrase 4|carbonic anhydrase4|anhydrase4|carbonic anhydrase-4|anhydrase-4,carbonic|anhydrase|4|anhydrase4|anhydrase-4,,"{""parenthetical"": [], ""dropped"": [], ""mutations"": [], ""mutation_classes"": []}",,[],9606,
carbonic anhydrase 5a,CHEMBL4789,P35218,carbonic anhydrase 5a,carbonic anhydrase 5a,carbonic|anhydrase|5a,,"{""parenthetical"": [], ""dropped"": [], ""mutations"": [], ""mutation_classes"": []}",,[],9606,
carbonic anhydrase 5b,CHEMBL3969,Q9Y2D0,carbonic anhydrase 5b,carbonic anhydrase 5b,carbonic|anhydrase|5b,,"{""parenthetical"": [], ""dropped"": [], ""mutations"": [], ""mutation_classes"": []}",,[],9606,
carbonic anhydrase 6,CHEMBL3025,P23280,carbonic anhydrase 6|carbonic anhydrase6|anhydrase6|carbonic anhydrase-6|anhydrase-6,carbonic anhydrase 6|carbonic anhydrase6|anhydrase6|carbonic anhydrase-6|anhydrase-6,carbonic|anhydrase|6|anhydrase6|anhydrase-6,,"{""parenthetical"": [], ""dropped"": [], ""mutations"": [], ""mutation_classes"": []}",,[],9606,
carbonic anhydrase 7,CHEMBL2326,P43166,carbonic anhydrase 7|carbonic anhydrase7|anhydrase7|carbonic anhydrase-7|anhydrase-7,carbonic anhydrase 7|carbonic anhydrase7|anhydrase7|carbonic anhydrase-7|anhydrase-7,carbonic|anhydrase|7|anhydrase7|anhydrase-7,,"{""parenthetical"": [], ""dropped"": [], ""mutations"": [], ""mutation_classes"": []}",,[],9606,
carbonic anhydrase 9,CHEMBL3594,Q16790,carbonic anhydrase 9|carbonic anhydrase9|anhydrase9|carbonic anhydrase-9|anhydrase-9,carbonic anhydrase 9|carbonic anhydrase9|anhydrase9|carbonic anhydrase-9|anhydrase-9,carbonic|anhydrase|9|anhydrase9|anhydrase-9,,"{""parenthetical"": [], ""dropped"": [], ""mutations"": [], ""mutation_classes"": []}",,[],9606,
carbonic anhydrase i,CHEMBL261,P00915,carbonic anhydrase i,carbonic anhydrase i,carbonic|anhydrase|i,,"{""parenthetical"": [], ""dropped"": [], ""mutations"": [], ""mutation_classes"": []}",,[],9606,
carbonic anhydrase i ( hca i ),CHEMBL261,P00915,carbonic anhydrase i,carbonic anhydrase i,carbonic|anhydrase|i,,"{""parenthetical"": [""hca i""], ""dropped"": [], ""mutations"": [], ""mutation_classes"": []}",,[],9606,
carbonic anhydrase i hca i,CHEMBL261,P00915,carbonic anhydrase i hca i,carbonic anhydrase i hca,carbonic|anhydrase|i|hca,,"{""parenthetical"": [], ""dropped"": [], ""mutations"": [], ""mutation_classes"": []}",,[],9606,
carbonic anhydrase ii,CHEMBL205,P00918,carbonic anhydrase 2|carbonic anhydrase2|anhydrase2|carbonic anhydrase-2|anhydrase-2,carbonic anhydrase 2|carbonic anhydrase2|anhydrase2|carbonic anhydrase-2|anhydrase-2,carbonic|anhydrase|2|anhydrase2|anhydrase-2,,"{""parenthetical"": [], ""dropped"": [], ""mutations"": [], ""mutation_classes"": []}",,[],9606,
carbonic anhydrase ii ( hca ii,CHEMBL205,P00918,carbonic anhydrase 2 ( hca 2|carbonic anhydrase2 ( hca 2|anhydrase2|carbonic anhydrase-2 ( hca 2|anhydrase-2|carbonic anhydrase 2 ( hca2|hca2|carbonic anhydrase 2 ( hca-2|hca-2,carbonic anhydrase 2 ( hca|carbonic anhydrase2 ( hca|anhydrase2|carbonic anhydrase-2 ( hca|anhydrase-2|hca2|hca-2,carbonic|anhydrase|2|(|hca|anhydrase2|anhydrase-2|hca2|hca-2,,"{""parenthetical"": [], ""dropped"": [], ""mutations"": [], ""mutation_classes"": []}",,[],9606,
carbonic anhydrase ii ( hca ii ),CHEMBL205,P00918,carbonic anhydrase 2|carbonic anhydrase2|anhydrase2|carbonic anhydrase-2|anhydrase-2,carbonic anhydrase 2|carbonic anhydrase2|anhydrase2|carbonic anhydrase-2|anhydrase-2,carbonic|anhydrase|2|anhydrase2|anhydrase-2,,"{""parenthetical"": [""hca 2""], ""dropped"": [], ""mutations"": [], ""mutation_classes"": []}",,[],9606,
carbonic anhydrase ii ( hcaii ),CHEMBL205,P00918,carbonic anhydrase 2|carbonic anhydrase2|anhydrase2|carbonic anhydrase-2|anhydrase-2,carbonic anhydrase 2|carbonic anhydrase2|anhydrase2|carbonic anhydrase-2|anhydrase-2,carbonic|anhydrase|2|anhydrase2|anhydrase-2,,"{""parenthetical"": [""hcaii""], ""dropped"": [], ""mutations"": [], ""mutation_classes"": []}",,[],9606,
carbonic anhydrase isozyme hca iv,CHEMBL3729,P22748,carbonic anhydrase isozyme hca 4|carbonic anhydrase isozyme hca4|hca4|carbonic anhydrase isozyme hca-4|hca-4,carbonic anhydrase isozyme hca 4|carbonic anhydrase isozyme hca4|hca4|carbonic anhydrase isozyme hca-4|hca-4,carbonic|anhydrase|isozyme|hca|4|hca4|hca-4,,"{""parenthetical"": [], ""dropped"": [], ""mutations"": [], ""mutation_classes"": []}",,[],9606,
carbonic anhydrase iv,CHEMBL3729,P22748,carbonic anhydrase 4|carbonic anhydrase4|anhydrase4|carbonic anhydrase-4|anhydrase-4,carbonic anhydrase 4|carbonic anhydrase4|anhydrase4|carbonic anhydrase-4|anhydrase-4,carbonic|anhydrase|4|anhydrase4|anhydrase-4,,"{""parenthetical"": [], ""dropped"": [], ""mutations"": [], ""mutation_classes"": []}",,[],9606,
carbonic anhydrase iv,CHEMBL281,Q95323,carbonic anhydrase 4|carbonic anhydrase4|anhydrase4|carbonic anhydrase-4|anhydrase-4,carbonic anhydrase 4|carbonic anhydrase4|anhydrase4|carbonic anhydrase-4|anhydrase-4,carbonic|anhydrase|4|anhydrase4|anhydrase-4,,"{""parenthetical"": [], ""dropped"": [], ""mutations"": [], ""mutation_classes"": []}",,[],9606,
carbonic anhydrase iv ( hcaiv ),CHEMBL3729,P22748,carbonic anhydrase 4|carbonic anhydrase4|anhydrase4|carbonic anhydrase-4|anhydrase-4,carbonic anhydrase 4|carbonic anhydrase4|anhydrase4|carbonic anhydrase-4|anhydrase-4,carbonic|anhydrase|4|anhydrase4|anhydrase-4,,"{""parenthetical"": [""hcaiv""], ""dropped"": [], ""mutations"": [], ""mutation_classes"": []}",,[],9606,
carbonic anhydrase ix,CHEMBL3594,Q16790,carbonic anhydrase 9|carbonic anhydrase9|anhydrase9|carbonic anhydrase-9|anhydrase-9,carbonic anhydrase 9|carbonic anhydrase9|anhydrase9|carbonic anhydrase-9|anhydrase-9,carbonic|anhydrase|9|anhydrase9|anhydrase-9,,"{""parenthetical"": [], ""dropped"": [], ""mutations"": [], ""mutation_classes"": []}",,[],9606,
carbonic anhydrase ix ( hca ix ),CHEMBL3594,Q16790,carbonic anhydrase 9|carbonic anhydrase9|anhydrase9|carbonic anhydrase-9|anhydrase-9,carbonic anhydrase 9|carbonic anhydrase9|anhydrase9|carbonic anhydrase-9|anhydrase-9,carbonic|anhydrase|9|anhydrase9|anhydrase-9,,"{""parenthetical"": [""hca 9""], ""dropped"": [], ""mutations"": [], ""mutation_classes"": []}",,[],9606,
carbonic anhydrase rv1284,CHEMBL5631,P9WPJ7,carbonic anhydrase rv1284,carbonic anhydrase rv1284,carbonic|anhydrase|rv1284,,"{""parenthetical"": [], ""dropped"": [], ""mutations"": [], ""mutation_classes"": []}",,[],9606,
carbonic anhydrase rv3273,CHEMBL5767,P96878,carbonic anhydrase rv3273,carbonic anhydrase rv3273,carbonic|anhydrase|rv3273,,"{""parenthetical"": [], ""dropped"": [], ""mutations"": [], ""mutation_classes"": []}",,[],9606,
carbonic anhydrase rv3588c,CHEMBL6068,P9WPJ9,carbonic anhydrase rv3588c,carbonic anhydrase rv3588c,carbonic|anhydrase|rv3588c,,"{""parenthetical"": [], ""dropped"": [], ""mutations"": [], ""mutation_classes"": []}",,[],9606,
carbonic anhydrase va,CHEMBL4789,P35218,carbonic anhydrase va,carbonic anhydrase va,carbonic|anhydrase|va,,"{""parenthetical"": [], ""dropped"": [], ""mutations"": [], ""mutation_classes"": []}",,[],9606,
carbonic anhydrase vii,CHEMBL2326,P43166,carbonic anhydrase 7|carbonic anhydrase7|anhydrase7|carbonic anhydrase-7|anhydrase-7,carbonic anhydrase 7|carbonic anhydrase7|anhydrase7|carbonic anhydrase-7|anhydrase-7,carbonic|anhydrase|7|anhydrase7|anhydrase-7,,"{""parenthetical"": [], ""dropped"": [], ""mutations"": [], ""mutation_classes"": []}",,[],9606,
carbonic anhydrase xi,CHEMBL3242,O43570,carbonic anhydrase 11|carbonic anhydrase11|anhydrase11|carbonic anhydrase-11|anhydrase-11,carbonic anhydrase 11|carbonic anhydrase11|anhydrase11|carbonic anhydrase-11|anhydrase-11,carbonic|anhydrase|11|anhydrase11|anhydrase-11,,"{""parenthetical"": [], ""dropped"": [], ""mutations"": [], ""mutation_classes"": []}",,[],9606,
carbonic anhydrase xii,CHEMBL3242,O43570,carbonic anhydrase 12|carbonic anhydrase12|anhydrase12|carbonic anhydrase-12|anhydrase-12,carbonic anhydrase 12|carbonic anhydrase12|anhydrase12|carbonic anhydrase-12|anhydrase-12,carbonic|anhydrase|12|anhydrase12|anhydrase-12,,"{""parenthetical"": [], ""dropped"": [], ""mutations"": [], ""mutation_classes"": []}",,[],9606,
carbonic anhydrase xii ( hca xii ),CHEMBL3242,O43570,carbonic anhydrase 12|carbonic anhydrase12|anhydrase12|carbonic anhydrase-12|anhydrase-12,carbonic anhydrase 12|carbonic anhydrase12|anhydrase12|carbonic anhydrase-12|anhydrase-12,carbonic|anhydrase|12|anhydrase12|anhydrase-12,,"{""parenthetical"": [""hca 12""], ""dropped"": [], ""mutations"": [], ""mutation_classes"": []}",,[],9606,
carbonic anhydrase xiii,CHEMBL2186,Q9D6N1,carbonic anhydrase 13|carbonic anhydrase13|anhydrase13|carbonic anhydrase-13|anhydrase-13,carbonic anhydrase 13|carbonic anhydrase13|anhydrase13|carbonic anhydrase-13|anhydrase-13,carbonic|anhydrase|13|anhydrase13|anhydrase-13,,"{""parenthetical"": [], ""dropped"": [], ""mutations"": [], ""mutation_classes"": []}",,[],9606,
carbonic anhydrase1,CHEMBL261,P00915,carbonic anhydrase1,carbonic anhydrase1,carbonic|anhydrase1,,"{""parenthetical"": [], ""dropped"": [], ""mutations"": [], ""mutation_classes"": []}",,[],9606,
carbonic anhydrase12,CHEMBL3242,O43570,carbonic anhydrase12,carbonic anhydrase12,carbonic|anhydrase12,,"{""parenthetical"": [], ""dropped"": [], ""mutations"": [], ""mutation_classes"": []}",,[],9606,
carbonic anhydrase2,CHEMBL205,P00918,carbonic anhydrase2,carbonic anhydrase2,carbonic|anhydrase2,,"{""parenthetical"": [], ""dropped"": [], ""mutations"": [], ""mutation_classes"": []}",,[],9606,
carbonic anhydrase3,CHEMBL2885,P07451,carbonic anhydrase3,carbonic anhydrase3,carbonic|anhydrase3,,"{""parenthetical"": [], ""dropped"": [], ""mutations"": [], ""mutation_classes"": []}",,[],9606,
carbonic anhydrase6,CHEMBL3025,P23280,carbonic anhydrase6,carbonic anhydrase6,carbonic|anhydrase6,,"{""parenthetical"": [], ""dropped"": [], ""mutations"": [], ""mutation_classes"": []}",,[],9606,
carbonic anhydrase7,CHEMBL2326,P43166,carbonic anhydrase7,carbonic anhydrase7,carbonic|anhydrase7,,"{""parenthetical"": [], ""dropped"": [], ""mutations"": [], ""mutation_classes"": []}",,[],9606,
carbonic anhydrase9,CHEMBL3594,Q16790,carbonic anhydrase9,carbonic anhydrase9,carbonic|anhydrase9,,"{""parenthetical"": [], ""dropped"": [], ""mutations"": [], ""mutation_classes"": []}",,[],9606,
carboxy peptidase a1,CHEMBL2088,P15085,carboxy peptidase a1,carboxy peptidase a1,carboxy|peptidase|a1,,"{""parenthetical"": [], ""dropped"": [], ""mutations"": [], ""mutation_classes"": []}",,[],9606,
carboxylesterase,CHEMBL3180,O00748,carboxylesterase,carboxylesterase,carboxylesterase,,"{""parenthetical"": [], ""dropped"": [], ""mutations"": [], ""mutation_classes"": []}",,[],9606,
carboxylesterase,CHEMBL3383,Q29550,carboxylesterase,carboxylesterase,carboxylesterase,,"{""parenthetical"": [], ""dropped"": [], ""mutations"": [], ""mutation_classes"": []}",,[],9606,
carboxylesterase ( rce ),CHEMBL2623,P12337,carboxylesterase rce|rce,carboxylesterase rce|rce,carboxylesterase|rce,,"{""parenthetical"": [""rce""], ""dropped"": [], ""mutations"": [], ""mutation_classes"": []}",,[],9606,
carboxylesterase 1,CHEMBL2265,P23141,carboxylesterase 1|carboxylesterase1|carboxylesterase-1,carboxylesterase 1|carboxylesterase1|carboxylesterase-1,carboxylesterase|1|carboxylesterase1|carboxylesterase-1,,"{""parenthetical"": [], ""dropped"": [], ""mutations"": [], ""mutation_classes"": []}",,[],9606,
carboxylesterase 1 ( ),CHEMBL2265,P23141,carboxylesterase 1|carboxylesterase1|carboxylesterase-1,carboxylesterase 1|carboxylesterase1|carboxylesterase-1,carboxylesterase|1|carboxylesterase1|carboxylesterase-1,,"{""parenthetical"": [""""], ""dropped"": [], ""mutations"": [], ""mutation_classes"": []}",,[],9606,
carm1,CHEMBL5406,Q86X55,carm1,carm1,carm1,,"{""parenthetical"": [], ""dropped"": [], ""mutations"": [], ""mutation_classes"": []}",,[],9606,
carm1,CHEMBL5538,Q9WVG6,carm1,carm1,carm1,,"{""parenthetical"": [], ""dropped"": [], ""mutations"": [], ""mutation_classes"": []}",,[],9606,
caspase - 1,CHEMBL4801,P29466,caspase 1|caspase-1|caspase1,caspase 1|caspase-1|caspase1,caspase|1|caspase-1|caspase1,,"{""parenthetical"": [], ""dropped"": [], ""mutations"": [], ""mutation_classes"": []}",,[],9606,
caspase - 8,CHEMBL3776,Q14790,caspase 8|caspase-8|caspase8,caspase 8|caspase-8|caspase8,caspase|8|caspase-8|caspase8,,"{""parenthetical"": [], ""dropped"": [], ""mutations"": [], ""mutation_classes"": []}",,[],9606,
caspase - 9,CHEMBL4198,P98170,caspase 9|caspase-9|caspase9,caspase 9|caspase-9|caspase9,caspase|9|caspase-9|caspase9,,"{""parenthetical"": [], ""dropped"": [], ""mutations"": [], ""mutation_classes"": []}",,[],9606,
caspase 3,CHEMBL2334,P42574,caspase 3|caspase3|caspase-3,caspase 3|caspase3|caspase-3,caspase|3|caspase3|caspase-3,,"{""parenthetical"": [], ""dropped"": [], ""mutations"": [], ""mutation_classes"": []}",,[],9606,
caspase 6,CHEMBL3308,P55212,caspase 6|caspase6|caspase-6,caspase 6|caspase6|caspase-6,caspase|6|caspase6|caspase-6,,"{""parenthetical"": [], ""dropped"": [], ""mutations"": [], ""mutation_classes"": []}",,[],9606,
caspase 7,CHEMBL3468,P55210,caspase 7|caspase7|caspase-7,caspase 7|caspase7|caspase-7,caspase|7|caspase7|caspase-7,,"{""parenthetical"": [], ""dropped"": [], ""mutations"": [], ""mutation_classes"": []}",,[],9606,
caspase 8,CHEMBL3776,Q14790,caspase 8|caspase8|caspase-8,caspase 8|caspase8|caspase-8,caspase|8|caspase8|caspase-8,,"{""parenthetical"": [], ""dropped"": [], ""mutations"": [], ""mutation_classes"": []}",,[],9606,
caspase8,CHEMBL3776,Q14790,caspase8,caspase8,caspase8,,"{""parenthetical"": [], ""dropped"": [], ""mutations"": [], ""mutation_classes"": []}",,[],9606,
casr,CHEMBL1878,P41180,casr,casr,casr,,"{""parenthetical"": [], ""dropped"": [], ""mutations"": [], ""mutation_classes"": []}",,[],9606,
catd,CHEMBL2581,P07339,catd,catd,catd,,"{""parenthetical"": [], ""dropped"": [], ""mutations"": [], ""mutation_classes"": []}",,[],9606,
cathepsin - b,CHEMBL4072,P07858,cathepsin b|cathepsin-b|cathepsinb,cathepsin b|cathepsin-b|cathepsinb,cathepsin|b|cathepsin-b|cathepsinb,,"{""parenthetical"": [], ""dropped"": [], ""mutations"": [], ""mutation_classes"": []}",,[],9606,
cathepsin - d,CHEMBL2581,P07339,cathepsin d|cathepsin-d|cathepsind,cathepsin d|cathepsin-d|cathepsind,cathepsin|d|cathepsin-d|cathepsind,,"{""parenthetical"": [], ""dropped"": [], ""mutations"": [], ""mutation_classes"": []}",,[],9606,
cathepsin - k,CHEMBL268,P43235,cathepsin k|cathepsin-k|cathepsink,cathepsin k|cathepsin-k|cathepsink,cathepsin|k|cathepsin-k|cathepsink,,"{""parenthetical"": [], ""dropped"": [], ""mutations"": [], ""mutation_classes"": []}",,[],9606,
cathepsin - s,CHEMBL2954,P25774,cathepsin s|cathepsin-s|cathepsins,cathepsin s|cathepsin-s|cathepsins,cathepsin|s|cathepsin-s|cathepsins,,"{""parenthetical"": [], ""dropped"": [], ""mutations"": [], ""mutation_classes"": []}",,[],9606,
cathepsin b,CHEMBL4072,P07858,cathepsin b,cathepsin b,cathepsin|b,,"{""parenthetical"": [], ""dropped"": [], ""mutations"": [], ""mutation_classes"": []}",,[],9606,
cathepsin c,CHEMBL2252,P53634,cathepsin c,cathepsin c,cathepsin|c,,"{""parenthetical"": [], ""dropped"": [], ""mutations"": [], ""mutation_classes"": []}",,[],9606,
cathepsin d,CHEMBL2581,P07339,cathepsin d,cathepsin d,cathepsin|d,,"{""parenthetical"": [], ""dropped"": [], ""mutations"": [], ""mutation_classes"": []}",,[],9606,
cathepsin e,CHEMBL3092,P14091,cathepsin e,cathepsin e,cathepsin|e,,"{""parenthetical"": [], ""dropped"": [], ""mutations"": [], ""mutation_classes"": []}",,[],9606,
cathepsin g,CHEMBL4071,P08311,cathepsin g,cathepsin g,cathepsin|g,,"{""parenthetical"": [], ""dropped"": [], ""mutations"": [], ""mutation_classes"": []}",,[],9606,
cathepsin k,CHEMBL268,P43235,cathepsin k,cathepsin k,cathepsin|k,,"{""parenthetical"": [], ""dropped"": [], ""mutations"": [], ""mutation_classes"": []}",,[],9606,
cathepsin k,CHEMBL3349,P43236,cathepsin k,cathepsin k,cathepsin|k,,"{""parenthetical"": [], ""dropped"": [], ""mutations"": [], ""mutation_classes"": []}",,[],9606,
cathepsin l,CHEMBL3837,P07711,cathepsin l,cathepsin l,cathepsin|l,,"{""parenthetical"": [], ""dropped"": [], ""mutations"": [], ""mutation_classes"": []}",,[],9606,
cathepsin l - like protease,CHEMBL3563,P25779,cathepsin l protease|l-like|llike,cathepsin l like protease|cathepsin l-like protease|l-like|cathepsin llike protease|llike,cathepsin|l|protease|l-like|llike,,"{""parenthetical"": [], ""dropped"": [""like""], ""mutations"": [], ""mutation_classes"": []}",,[],9606,
cathepsin s,CHEMBL2954,P25774,cathepsin s,cathepsin s,cathepsin|s,,"{""parenthetical"": [], ""dropped"": [], ""mutations"": [], ""mutation_classes"": []}",,[],9606,
caudate putamen,CHEMBL338,P23977,caudate putamen,caudate putamen,caudate|putamen,,"{""parenthetical"": [], ""dropped"": [], ""mutations"": [], ""mutation_classes"": []}",,[],9606,
cav 3 . 1,CHEMBL4641,O43497,cav 3.1,cav 3.1,cav|3.1,cacna1g cav3.1,"{""parenthetical"": [], ""dropped"": [], ""mutations"": [], ""mutation_classes"": []}",,[],9606,
cav 3 . 1 channel,CHEMBL4641,O43497,cav 3.1,cav 3.1 channel,cav|3.1,cacna1g cav3.1,"{""parenthetical"": [], ""dropped"": [""channel""], ""mutations"": [], ""mutation_classes"": []}",,[],9606,
cav 3 . 2,CHEMBL1859,O95180,cav 3.2,cav 3.2,cav|3.2,cacna1h cav3.2,"{""parenthetical"": [], ""dropped"": [], ""mutations"": [], ""mutation_classes"": []}",,[],9606,
cav 3 . 2 channel,CHEMBL1859,O95180,cav 3.2,cav 3.2 channel,cav|3.2,cacna1h cav3.2,"{""parenthetical"": [], ""dropped"": [""channel""], ""mutations"": [], ""mutation_classes"": []}",,[],9606,
cav 3 . 3,CHEMBL5558,Q9P0X4,cav 3.3,cav 3.3,cav|3.3,,"{""parenthetical"": [], ""dropped"": [], ""mutations"": [], ""mutation_classes"": []}",,[],9606,
cav 3 . 3 channel,CHEMBL5558,Q9P0X4,cav 3.3,cav 3.3 channel,cav|3.3,cacna1i cav3.3,"{""parenthetical"": [], ""dropped"": [""channel""], ""mutations"": [], ""mutation_classes"": []}",,[],9606,
cav1 . 2,CHEMBL1940,Q13936,cav1.2,cav1.2,cav1.2,,"{""parenthetical"": [], ""dropped"": [], ""mutations"": [], ""mutation_classes"": []}",,[],9606,
cav1 . 2 channel,CHEMBL1940,Q13936,cav1.2,cav1.2 channel,cav1.2,,"{""parenthetical"": [], ""dropped"": [""channel""], ""mutations"": [], ""mutation_classes"": []}",,[],9606,
cav3 . 1,CHEMBL4641,O43497,cav3.1,cav3.1,cav3.1,,"{""parenthetical"": [], ""dropped"": [], ""mutations"": [], ""mutation_classes"": []}",,[],9606,
cav3 . 1 alpha - 1g subunit,CHEMBL4641,O43497,cav3.1 alpha 1g|cav3.1 alpha-1g|alpha-1g|cav3.1 alpha1g|alpha1g,cav3.1 alpha 1g subunit|cav3.1 alpha-1g subunit|alpha-1g|cav3.1 alpha1g subunit|alpha1g,cav3.1|alpha|1g|alpha-1g|alpha1g,,"{""parenthetical"": [], ""dropped"": [""subunit""], ""mutations"": [], ""mutation_classes"": []}",,[],9606,
cav3 . 1 alpha1g,CHEMBL4641,O43497,cav3.1 alpha1g,cav3.1 alpha1g,cav3.1|alpha1g,,"{""parenthetical"": [], ""dropped"": [], ""mutations"": [], ""mutation_classes"": []}",,[],9606,
cav3 . 1 channel,CHEMBL4641,O43497,cav3.1,cav3.1 channel,cav3.1,,"{""parenthetical"": [], ""dropped"": [""channel""], ""mutations"": [], ""mutation_classes"": []}",,[],9606,
cav3 . 2,CHEMBL1859,O95180,cav3.2,cav3.2,cav3.2,,"{""parenthetical"": [], ""dropped"": [], ""mutations"": [], ""mutation_classes"": []}",,[],9606,
cav3 . 2 alpha1h,CHEMBL1859,O95180,cav3.2 alpha1h,cav3.2 alpha1h,cav3.2|alpha1h,,"{""parenthetical"": [], ""dropped"": [], ""mutations"": [], ""mutation_classes"": []}",,[],9606,
cav3 . 2 channel,CHEMBL1859,O95180,cav3.2,cav3.2 channel,cav3.2,,"{""parenthetical"": [], ""dropped"": [""channel""], ""mutations"": [], ""mutation_classes"": []}",,[],9606,
cav3 . 3,CHEMBL5558,Q9P0X4,cav3.3,cav3.3,cav3.3,,"{""parenthetical"": [], ""dropped"": [], ""mutations"": [], ""mutation_classes"": []}",,[],9606,
cb1,CHEMBL218,P21554,cb1,cb1,cb1,,"{""parenthetical"": [], ""dropped"": [], ""mutations"": [], ""mutation_classes"": []}",,[],9606,
cb1 receptor,CHEMBL3571,P20272,cb1,cb1 receptor,cb1,cb1 cnr1,"{""parenthetical"": [], ""dropped"": [""receptor""], ""mutations"": [], ""mutation_classes"": []}",,[],9606,
cb1 receptor,CHEMBL218,P21554,cb1,cb1 receptor,cb1,cb1 cnr1,"{""parenthetical"": [], ""dropped"": [""receptor""], ""mutations"": [], ""mutation_classes"": []}",,[],9606,
cb1 receptor,CHEMBL3037,P47746,cb1,cb1 receptor,cb1,cb1 cnr1,"{""parenthetical"": [], ""dropped"": [""receptor""], ""mutations"": [], ""mutation_classes"": []}",,[],9606,
cb1r,CHEMBL218,P21554,cb1r,cb1r,cb1r,,"{""parenthetical"": [], ""dropped"": [], ""mutations"": [], ""mutation_classes"": []}",,[],9606,
cb1r f170l mutant,CHEMBL218,P21554,cb1r f170l,cb1r f170l,cb1r|f170l,,"{""parenthetical"": [], ""dropped"": [], ""mutations"": [""mutant""], ""mutation_classes"": [""NONE""]}",NONE,[],9606,
cb1r f200l mutant,CHEMBL218,P21554,cb1r f200l,cb1r f200l,cb1r|f200l,,"{""parenthetical"": [], ""dropped"": [], ""mutations"": [""mutant""], ""mutation_classes"": [""NONE""]}",NONE,[],9606,
cb1r k192l mutant,CHEMBL218,P21554,cb1r k192l,cb1r k192l,cb1r|k192l,,"{""parenthetical"": [], ""dropped"": [], ""mutations"": [""mutant""], ""mutation_classes"": [""NONE""]}",NONE,[],9606,
cb1r w279a mutant,CHEMBL218,P21554,cb1r w279a,cb1r w279a,cb1r|w279a,,"{""parenthetical"": [], ""dropped"": [], ""mutations"": [""mutant""], ""mutation_classes"": [""NONE""]}",NONE,[],9606,
cb2 receptor,CHEMBL253,P34972,cb2,cb2 receptor,cb2,cb2 cnr2,"{""parenthetical"": [], ""dropped"": [""receptor""], ""mutations"": [], ""mutation_classes"": []}",,[],9606,
cb2 receptor,CHEMBL5373,P47936,cb2,cb2 receptor,cb2,cb2 cnr2,"{""parenthetical"": [], ""dropped"": [""receptor""], ""mutations"": [], ""mutation_classes"": []}",,[],9606,
cb2 receptor,CHEMBL2470,Q9QZN9,cb2,cb2 receptor,cb2,cb2 cnr2,"{""parenthetical"": [], ""dropped"": [""receptor""], ""mutations"": [], ""mutation_classes"": []}",,[],9606,
cb2r,CHEMBL253,P34972,cb2r,cb2r,cb2r,,"{""parenthetical"": [], ""dropped"": [], ""mutations"": [], ""mutation_classes"": []}",,[],9606,
cbp,CHEMBL5747,Q92793,cbp,cbp,cbp,,"{""parenthetical"": [], ""dropped"": [], ""mutations"": [], ""mutation_classes"": []}",,[],9606,
cbp bromodomain,CHEMBL5747,Q92793,cbp bromodomain,cbp bromodomain,cbp|bromodomain,,"{""parenthetical"": [], ""dropped"": [], ""mutations"": [], ""mutation_classes"": []}",,[],9606,bromodomain
cbp hat,CHEMBL5747,Q92793,cbp hat,cbp hat,cbp|hat,,"{""parenthetical"": [], ""dropped"": [], ""mutations"": [], ""mutation_classes"": []}",,[],9606,
cbr1 s383a mutant,CHEMBL218,P21554,cbr1 s383a,cbr1 s383a,cbr1|s383a,,"{""parenthetical"": [], ""dropped"": [], ""mutations"": [""mutant""], ""mutation_classes"": [""NONE""]}",NONE,[],9606,
cbs,CHEMBL3399911,P35520,cbs,cbs,cbs,,"{""parenthetical"": [], ""dropped"": [], ""mutations"": [], ""mutation_classes"": []}",,[],9606,
cbs h203a mutant,CHEMBL3399911,P35520,cbs h203a,cbs h203a,cbs|h203a,,"{""parenthetical"": [], ""dropped"": [], ""mutations"": [""mutant""], ""mutation_classes"": [""NONE""]}",NONE,[],9606,
cbs n194a mutant,CHEMBL3399911,P35520,cbs n194a,cbs n194a,cbs|n194a,,"{""parenthetical"": [], ""dropped"": [], ""mutations"": [""mutant""], ""mutation_classes"": [""NONE""]}",NONE,[],9606,
cbs t193a mutant,CHEMBL3399911,P35520,cbs t193a,cbs t193a,cbs|t193a,,"{""parenthetical"": [], ""dropped"": [], ""mutations"": [""mutant""], ""mutation_classes"": [""NONE""]}",NONE,[],9606,
cbs y223a mutant,CHEMBL3399911,P35520,cbs y223a,cbs y223a,cbs|y223a,,"{""parenthetical"": [], ""dropped"": [], ""mutations"": [""mutant""], ""mutation_classes"": [""NONE""]}",NONE,[],9606,
cbs y308a mutant,CHEMBL3399911,P35520,cbs y308a,cbs y308a,cbs|y308a,,"{""parenthetical"": [], ""dropped"": [], ""mutations"": [""mutant""], ""mutation_classes"": [""NONE""]}",NONE,[],9606,
cck a receptor,CHEMBL3501,Q63931,cck a,cck a receptor,cck|a,,"{""parenthetical"": [], ""dropped"": [""receptor""], ""mutations"": [], ""mutation_classes"": []}",,[],9606,
cck1 receptor,CHEMBL1901,P32238,cck1,cck1 receptor,cck1,,"{""parenthetical"": [], ""dropped"": [""receptor""], ""mutations"": [], ""mutation_classes"": []}",,[],9606,
cck1r,CHEMBL1901,P32238,cck1r,cck1r,cck1r,,"{""parenthetical"": [], ""dropped"": [], ""mutations"": [], ""mutation_classes"": []}",,[],9606,
cck1r l7,CHEMBL1901,P32238,cck1r l7,cck1r l7,cck1r|l7,,"{""parenthetical"": [], ""dropped"": [], ""mutations"": [], ""mutation_classes"": []}",,[],9606,
cck1r m3,CHEMBL1901,P32238,cck1r m3,cck1r m3,cck1r|m3,,"{""parenthetical"": [], ""dropped"": [], ""mutations"": [], ""mutation_classes"": []}",,[],9606,
cck1r n2,CHEMBL1901,P32238,cck1r n2,cck1r n2,cck1r|n2,,"{""parenthetical"": [], ""dropped"": [], ""mutations"": [], ""mutation_classes"": []}",,[],9606,
cck1r v3,CHEMBL1901,P32238,cck1r v3,cck1r v3,cck1r|v3,,"{""parenthetical"": [], ""dropped"": [], ""mutations"": [], ""mutation_classes"": []}",,[],9606,
cck1r w6,CHEMBL1901,P32238,cck1r w6,cck1r w6,cck1r|w6,,"{""parenthetical"": [], ""dropped"": [], ""mutations"": [], ""mutation_classes"": []}",,[],9606,
ccr1,CHEMBL2413,P32246,ccr1,ccr1,ccr1,ccr1,"{""parenthetical"": [], ""dropped"": [], ""mutations"": [], ""mutation_classes"": []}",,[],9606,
ccr1 receptor,CHEMBL2413,P32246,ccr1,ccr1 receptor,ccr1,ccr1,"{""parenthetical"": [], ""dropped"": [""receptor""], ""mutations"": [], ""mutation_classes"": []}",,[],9606,
ccr2,CHEMBL4015,P41597,ccr2,ccr2,ccr2,ccr2,"{""parenthetical"": [], ""dropped"": [], ""mutations"": [], ""mutation_classes"": []}",,[],9606,
ccr2 i40l mutant,CHEMBL4015,P41597,ccr2 i40l,ccr2 i40l,ccr2|i40l,ccr2,"{""parenthetical"": [], ""dropped"": [], ""mutations"": [""mutant""], ""mutation_classes"": [""NONE""]}",NONE,[],9606,
ccr2 receptor,CHEMBL4015,P41597,ccr2,ccr2 receptor,ccr2,ccr2,"{""parenthetical"": [], ""dropped"": [""receptor""], ""mutations"": [], ""mutation_classes"": []}",,[],9606,
ccr2b,CHEMBL4015,P41597,ccr2b,ccr2b,ccr2b,ccr2,"{""parenthetical"": [], ""dropped"": [], ""mutations"": [], ""mutation_classes"": []}",,[],9606,
ccr2b receptor,CHEMBL4015,P41597,ccr2b,ccr2b receptor,ccr2b,ccr2,"{""parenthetical"": [], ""dropped"": [""receptor""], ""mutations"": [], ""mutation_classes"": []}",,[],9606,
ccr3,CHEMBL3473,P51677,ccr3,ccr3,ccr3,ccr3,"{""parenthetical"": [], ""dropped"": [], ""mutations"": [], ""mutation_classes"": []}",,[],9606,
ccr3 / ccr2 chimeric receptor,CHEMBL3473,P51677,ccr3 ccr2 chimeric,ccr3 ccr2 chimeric receptor,ccr3|ccr2|chimeric,ccr3 ccr2,"{""parenthetical"": [], ""dropped"": [""receptor""], ""mutations"": [], ""mutation_classes"": []}",,[],9606,
ccr3 receptor,CHEMBL3473,P51677,ccr3,ccr3 receptor,ccr3,ccr3,"{""parenthetical"": [], ""dropped"": [""receptor""], ""mutations"": [], ""mutation_classes"": []}",,[],9606,
ccr4 receptor,CHEMBL2414,P51679,ccr4,ccr4 receptor,ccr4,ccr4,"{""parenthetical"": [], ""dropped"": [""receptor""], ""mutations"": [], ""mutation_classes"": []}",,[],9606,
ccr5,CHEMBL274,P51681,ccr5,ccr5,ccr5,ccr5,"{""parenthetical"": [], ""dropped"": [], ""mutations"": [], ""mutation_classes"": []}",,[],9606,
ccr5 receptor,CHEMBL274,P51681,ccr5,ccr5 receptor,ccr5,ccr5,"{""parenthetical"": [], ""dropped"": [""receptor""], ""mutations"": [], ""mutation_classes"": []}",,[],9606,
ccr9 receptor,CHEMBL5815,P51686,ccr9,ccr9 receptor,ccr9,ccr9,"{""parenthetical"": [], ""dropped"": [""receptor""], ""mutations"": [], ""mutation_classes"": []}",,[],9606,
ccr9a,CHEMBL5815,P51686,ccr9a,ccr9a,ccr9a,ccr9,"{""parenthetical"": [], ""dropped"": [], ""mutations"": [], ""mutation_classes"": []}",,[],9606,
ccr9b,CHEMBL5815,P51686,ccr9b,ccr9b,ccr9b,ccr9,"{""parenthetical"": [], ""dropped"": [], ""mutations"": [], ""mutation_classes"": []}",,[],9606,
cd3,CHEMBL2959,Q08881,cd3,cd3,cd3,,"{""parenthetical"": [], ""dropped"": [], ""mutations"": [], ""mutation_classes"": []}",,[],9606,
cd38,CHEMBL4660,P28907,cd38,cd38,cd38,,"{""parenthetical"": [], ""dropped"": [], ""mutations"": [], ""mutation_classes"": []}",,[],9606,
cd38 extracellular,CHEMBL4660,P28907,cd38 extracellular,cd38 extracellular,cd38|extracellular,,"{""parenthetical"": [], ""dropped"": [], ""mutations"": [], ""mutation_classes"": []}",,[],9606,
cd4,CHEMBL2754,P01730,cd4,cd4,cd4,,"{""parenthetical"": [], ""dropped"": [], ""mutations"": [], ""mutation_classes"": []}",,[],9606,
cd4 -,CHEMBL2754,P01730,cd4,cd4,cd4,,"{""parenthetical"": [], ""dropped"": [], ""mutations"": [], ""mutation_classes"": []}",,[],9606,
cd73,CHEMBL1075214,P21588,cd73,cd73,cd73,,"{""parenthetical"": [], ""dropped"": [], ""mutations"": [], ""mutation_classes"": []}",,[],9606,
cd73,CHEMBL5957,P21589,cd73,cd73,cd73,,"{""parenthetical"": [], ""dropped"": [], ""mutations"": [], ""mutation_classes"": []}",,[],9606,
cd86,CHEMBL5251,Q06187,cd86,cd86,cd86,,"{""parenthetical"": [], ""dropped"": [], ""mutations"": [], ""mutation_classes"": []}",,[],9606,
cdc2,CHEMBL308,P06493,cdc2,cdc2,cdc2,,"{""parenthetical"": [], ""dropped"": [], ""mutations"": [], ""mutation_classes"": []}",,[],9606,
cdc25a,CHEMBL3775,P30304,cdc25a,cdc25a,cdc25a,,"{""parenthetical"": [], ""dropped"": [], ""mutations"": [], ""mutation_classes"": []}",,[],9606,
cdc25b,CHEMBL4804,P30305,cdc25b,cdc25b,cdc25b,,"{""parenthetical"": [], ""dropped"": [], ""mutations"": [], ""mutation_classes"": []}",,[],9606,
cdc25b3,CHEMBL4804,P30305,cdc25b3,cdc25b3,cdc25b3,,"{""parenthetical"": [], ""dropped"": [], ""mutations"": [], ""mutation_classes"": []}",,[],9606,
cdc25c,CHEMBL2378,P30307,cdc25c,cdc25c,cdc25c,,"{""parenthetical"": [], ""dropped"": [], ""mutations"": [], ""mutation_classes"": []}",,[],9606,
cdc7,CHEMBL5443,O00311,cdc7,cdc7,cdc7,,"{""parenthetical"": [], ""dropped"": [], ""mutations"": [], ""mutation_classes"": []}",,[],9606,
cdc7,CHEMBL3055,P50613,cdc7,cdc7,cdc7,,"{""parenthetical"": [], ""dropped"": [], ""mutations"": [], ""mutation_classes"": []}",,[],9606,
cdk1,CHEMBL308,P06493,cdk1,cdk1,cdk1,,"{""parenthetical"": [], ""dropped"": [], ""mutations"": [], ""mutation_classes"": []}",,[],9606,
cdk12,CHEMBL3559692,Q9NYV4,cdk12,cdk12,cdk12,,"{""parenthetical"": [], ""dropped"": [], ""mutations"": [], ""mutation_classes"": []}",,[],9606,
cdk13,CHEMBL1795192,Q14004,cdk13,cdk13,cdk13,,"{""parenthetical"": [], ""dropped"": [], ""mutations"": [], ""mutation_classes"": []}",,[],9606,
cdk2,CHEMBL301,P24941,cdk2,cdk2,cdk2,,"{""parenthetical"": [], ""dropped"": [], ""mutations"": [], ""mutation_classes"": []}",,[],9606,
cdk2 / cyca3,CHEMBL301,P24941,cdk2 cyca3,cdk2 cyca3,cdk2|cyca3,,"{""parenthetical"": [], ""dropped"": [], ""mutations"": [], ""mutation_classes"": []}",,[],9606,
cdk2 / cyclin a,CHEMBL301,P24941,cdk2 cyclin a,cdk2 cyclin a,cdk2|cyclin|a,,"{""parenthetical"": [], ""dropped"": [], ""mutations"": [], ""mutation_classes"": []}",,[],9606,
cdk2 / cyclin e,CHEMBL301,P24941,cdk2 cyclin e,cdk2 cyclin e,cdk2|cyclin|e,,"{""parenthetical"": [], ""dropped"": [], ""mutations"": [], ""mutation_classes"": []}",,[],9606,
cdk2 f82h,CHEMBL301,P24941,cdk2 f82h,cdk2 f82h,cdk2|f82h,,"{""parenthetical"": [], ""dropped"": [], ""mutations"": [], ""mutation_classes"": []}",,[],9606,
cdk2 f82h mutant / cyca3,CHEMBL301,P24941,cdk2 f82h cyca3,cdk2 f82h cyca3,cdk2|f82h|cyca3,,"{""parenthetical"": [], ""dropped"": [], ""mutations"": [""mutant""], ""mutation_classes"": [""NONE""]}",NONE,[],9606,
cdk2 k89t mutant / cyca3,CHEMBL301,P24941,cdk2 k89t cyca3,cdk2 k89t cyca3,cdk2|k89t|cyca3,,"{""parenthetical"": [], ""dropped"": [], ""mutations"": [""mutant""], ""mutation_classes"": [""NONE""]}",NONE,[],9606,
cdk2 l83v h84d,CHEMBL301,P24941,cdk2 l83v h84d,cdk2 l83v h84d,cdk2|l83v|h84d,,"{""parenthetical"": [], ""dropped"": [], ""mutations"": [], ""mutation_classes"": []}",,[],9606,
cdk4,CHEMBL331,P11802,cdk4,cdk4,cdk4,,"{""parenthetical"": [], ""dropped"": [], ""mutations"": [], ""mutation_classes"": []}",,[],9606,
cdk5,CHEMBL4036,Q00535,cdk5,cdk5,cdk5,,"{""parenthetical"": [], ""dropped"": [], ""mutations"": [], ""mutation_classes"": []}",,[],9606,
cdk6,CHEMBL2508,Q00534,cdk6,cdk6,cdk6,,"{""parenthetical"": [], ""dropped"": [], ""mutations"": [], ""mutation_classes"": []}",,[],9606,
cdk7,CHEMBL3055,P50613,cdk7,cdk7,cdk7,,"{""parenthetical"": [], ""dropped"": [], ""mutations"": [], ""mutation_classes"": []}",,[],9606,
cdk8,CHEMBL5719,P49336,cdk8,cdk8,cdk8,,"{""parenthetical"": [], ""dropped"": [], ""mutations"": [], ""mutation_classes"": []}",,[],9606,
cdk9,CHEMBL3116,P50750,cdk9,cdk9,cdk9,,"{""parenthetical"": [], ""dropped"": [], ""mutations"": [], ""mutation_classes"": []}",,[],9606,
cdpk1,CHEMBL1781862,Q9BJF5,cdpk1,cdpk1,cdpk1,,"{""parenthetical"": [], ""dropped"": [], ""mutations"": [], ""mutation_classes"": []}",,[],9606,
ce2,CHEMBL3180,O00748,ce2,ce2,ce2,,"{""parenthetical"": [], ""dropped"": [], ""mutations"": [], ""mutation_classes"": []}",,[],9606,
cecr2,CHEMBL3108639,Q9BXF3,cecr2,cecr2,cecr2,,"{""parenthetical"": [], ""dropped"": [], ""mutations"": [], ""mutation_classes"": []}",,[],9606,
cecr2a,CHEMBL3108639,Q9BXF3,cecr2a,cecr2a,cecr2a,,"{""parenthetical"": [], ""dropped"": [], ""mutations"": [], ""mutation_classes"": []}",,[],9606,
cell division cycle ( cdc ) 25a,CHEMBL3775,P30304,cell division cycle 25a cdc|cdc,cell division cycle 25a cdc|cdc,cell|division|cycle|25a|cdc,,"{""parenthetical"": [""cdc""], ""dropped"": [], ""mutations"": [], ""mutation_classes"": []}",,[],9606,
cerc2,CHEMBL3108639,Q9BXF3,cerc2,cerc2,cerc2,,"{""parenthetical"": [], ""dropped"": [], ""mutations"": [], ""mutation_classes"": []}",,[],9606,
cereblon isoform 4,CHEMBL3763007,A4TVL0,cereblon 4|isoform4|isoform-4,cereblon isoform 4|cereblon isoform4|isoform4|cereblon isoform-4|isoform-4,cereblon|4|isoform4|isoform-4,,"{""parenthetical"": [], ""dropped"": [""isoform""], ""mutations"": [], ""mutation_classes"": []}",,[],9606,
ces1,CHEMBL2265,P23141,ces1,ces1,ces1,,"{""parenthetical"": [], ""dropped"": [], ""mutations"": [], ""mutation_classes"": []}",,[],9606,
ces2,CHEMBL3180,O00748,ces2,ces2,ces2,,"{""parenthetical"": [], ""dropped"": [], ""mutations"": [], ""mutation_classes"": []}",,[],9606,
cetp,CHEMBL3572,P11597,cetp,cetp,cetp,,"{""parenthetical"": [], ""dropped"": [], ""mutations"": [], ""mutation_classes"": []}",,[],9606,
cfd,CHEMBL2176771,P00746,cfd,cfd,cfd,,"{""parenthetical"": [], ""dropped"": [], ""mutations"": [], ""mutation_classes"": []}",,[],9606,
cftr,CHEMBL4051,P13569,cftr,cftr,cftr,,"{""parenthetical"": [], ""dropped"": [], ""mutations"": [], ""mutation_classes"": []}",,[],9606,
cgmp - dependent protein kinase,CHEMBL5036,Q8MMZ8,cgmp dependent kinase|cgmp-dependent kinase|cgmp-dependent|cgmpdependent kinase|cgmpdependent,cgmp dependent protein kinase|cgmp-dependent protein kinase|cgmp-dependent|cgmpdependent protein kinase|cgmpdependent,cgmp|dependent|kinase|cgmp-dependent|cgmpdependent,,"{""parenthetical"": [], ""dropped"": [""protein""], ""mutations"": [], ""mutation_classes"": []}",,[],9606,
cgrp receptor,CHEMBL3798,Q16602,cgrp,cgrp receptor,cgrp,calcr calcrl ramp1 ramp2 ramp3,"{""parenthetical"": [], ""dropped"": [""receptor""], ""mutations"": [], ""mutation_classes"": []}",,[],9606,
cgrp receptor,CHEMBL4755,Q63118,cgrp,cgrp receptor,cgrp,calcr calcrl ramp1 ramp2 ramp3,"{""parenthetical"": [], ""dropped"": [""receptor""], ""mutations"": [], ""mutation_classes"": []}",,[],9606,
chek1,CHEMBL4630,O14757,chek1,chek1,chek1,,"{""parenthetical"": [], ""dropped"": [], ""mutations"": [], ""mutation_classes"": []}",,[],9606,
chemoattractant receptor - homologous molecule,CHEMBL5071,Q9Y5Y4,chemoattractant homologous molecule|receptor-homologous|receptorhomologous,chemoattractant receptor homologous molecule|chemoattractant receptor-homologous molecule|receptor-homologous|chemoattractant receptorhomologous molecule|receptorhomologous,chemoattractant|homologous|molecule|receptor-homologous|receptorhomologous,crth2 gpr44 ptgdr2 dp2,"{""parenthetical"": [], ""dropped"": [""receptor""], ""mutations"": [], ""mutation_classes"": []}",,[],9606,
chemoattractant receptor - homologous molecule crth2 ),CHEMBL5071,Q9Y5Y4,chemoattractant homologous molecule crth2 )|receptor-homologous|receptorhomologous,chemoattractant receptor homologous molecule crth2 )|chemoattractant receptor-homologous molecule crth2 )|receptor-homologous|chemoattractant receptorhomologous molecule crth2 )|receptorhomologous,chemoattractant|homologous|molecule|crth2|)|receptor-homologous|receptorhomologous,dp2 crth2 ptgdr2 gpr44,"{""parenthetical"": [], ""dropped"": [""receptor""], ""mutations"": [], ""mutation_classes"": []}",,[],9606,
chib,CHEMBL5348,P11797,chib,chib,chib,,"{""parenthetical"": [], ""dropped"": [], ""mutations"": [], ""mutation_classes"": []}",,[],9606,
chitinase b,CHEMBL5348,P11797,chitinase b,chitinase b,chitinase|b,,"{""parenthetical"": [], ""dropped"": [], ""mutations"": [], ""mutation_classes"": []}",,[],9606,
chitinase chib,CHEMBL5348,P11797,chitinase chib,chitinase chib,chitinase|chib,,"{""parenthetical"": [], ""dropped"": [], ""mutations"": [], ""mutation_classes"": []}",,[],9606,
chk1,CHEMBL4630,O14757,chk1,chk1,chk1,,"{""parenthetical"": [], ""dropped"": [], ""mutations"": [], ""mutation_classes"": []}",,[],9606,
chk2,CHEMBL2527,O96017,chk2,chk2,chk2,,"{""parenthetical"": [], ""dropped"": [], ""mutations"": [], ""mutation_classes"": []}",,[],9606,
chk2 kinase,CHEMBL2527,O96017,chk2 kinase,chk2 kinase,chk2|kinase,,"{""parenthetical"": [], ""dropped"": [], ""mutations"": [], ""mutation_classes"": []}",,[],9606,
cholecystokinin b receptor,CHEMBL298,P32239,cholecystokinin b,cholecystokinin b receptor,cholecystokinin|b,,"{""parenthetical"": [], ""dropped"": [""receptor""], ""mutations"": [], ""mutation_classes"": []}",,[],9606,
cholecystokinin type a receptor,CHEMBL3501,Q63931,cholecystokinin type a,cholecystokinin type a receptor,cholecystokinin|type|a,,"{""parenthetical"": [], ""dropped"": [""receptor""], ""mutations"": [], ""mutation_classes"": []}",,[],9606,
cholinesterase,CHEMBL1914,P06276,cholinesterase,cholinesterase,cholinesterase,,"{""parenthetical"": [], ""dropped"": [], ""mutations"": [], ""mutation_classes"": []}",,[],9606,
cht leu530ala and val531ala mutant,CHEMBL4507,Q9GZV3,cht and,cht and,cht|and,,"{""parenthetical"": [], ""dropped"": [], ""mutations"": [""leu530ala"", ""val531ala"", ""mutant""], ""mutation_classes"": [""MISSENSE_3"", ""MISSENSE_3"", ""NONE""]}",MISSENSE_3|MISSENSE_3|NONE,[],9606,
chymase,CHEMBL4068,P23946,chymase,chymase,chymase,,"{""parenthetical"": [], ""dropped"": [], ""mutations"": [], ""mutation_classes"": []}",,[],9606,
chymotrypsin,CHEMBL4796,P17538,chymotrypsin,chymotrypsin,chymotrypsin,oxtr,"{""parenthetical"": [], ""dropped"": [], ""mutations"": [], ""mutation_classes"": []}",,[],9606,
ciap1,CHEMBL5462,Q13490,ciap1,ciap1,ciap1,,"{""parenthetical"": [], ""dropped"": [], ""mutations"": [], ""mutation_classes"": []}",,[],9606,
ciap1 bir2,CHEMBL5462,Q13490,ciap1 bir2,ciap1 bir2,ciap1|bir2,,"{""parenthetical"": [], ""dropped"": [], ""mutations"": [], ""mutation_classes"": []}",,[],9606,bir2
ciap1 bir2 - bir3 domain,CHEMBL5462,Q13490,ciap1 bir2 bir3 domain|ciap1 bir2-bir3 domain|bir2-bir3|ciap1 bir2bir3 domain|bir2bir3,ciap1 bir2 bir3 domain|ciap1 bir2-bir3 domain|bir2-bir3|ciap1 bir2bir3 domain|bir2bir3,ciap1|bir2|bir3|domain|bir2-bir3|bir2bir3,,"{""parenthetical"": [], ""dropped"": [], ""mutations"": [], ""mutation_classes"": []}",,[],9606,bir2|bir3
ciap1 bir2 domain,CHEMBL5462,Q13490,ciap1 bir2 domain,ciap1 bir2 domain,ciap1|bir2|domain,,"{""parenthetical"": [], ""dropped"": [], ""mutations"": [], ""mutation_classes"": []}",,[],9606,bir2
ciap1 bir3,CHEMBL5462,Q13490,ciap1 bir3,ciap1 bir3,ciap1|bir3,,"{""parenthetical"": [], ""dropped"": [], ""mutations"": [], ""mutation_classes"": []}",,[],9606,bir3
ciap1 bir3 domain,CHEMBL5462,Q13490,ciap1 bir3 domain,ciap1 bir3 domain,ciap1|bir3|domain,,"{""parenthetical"": [], ""dropped"": [], ""mutations"": [], ""mutation_classes"": []}",,[],9606,bir3
ciap1bir2 - bir3 domain,CHEMBL5462,Q13490,ciap1bir2 bir3 domain|ciap1bir2-bir3 domain|ciap1bir2-bir3|ciap1bir2bir3 domain|ciap1bir2bir3,ciap1bir2 bir3 domain|ciap1bir2-bir3 domain|ciap1bir2-bir3|ciap1bir2bir3 domain|ciap1bir2bir3,ciap1bir2|bir3|domain|ciap1bir2-bir3|ciap1bir2bir3,,"{""parenthetical"": [], ""dropped"": [], ""mutations"": [], ""mutation_classes"": []}",,[],9606,bir3
ciap2,CHEMBL5335,Q13489,ciap2,ciap2,ciap2,,"{""parenthetical"": [], ""dropped"": [], ""mutations"": [], ""mutation_classes"": []}",,[],9606,
ciap2 bir3,CHEMBL5335,Q13489,ciap2 bir3,ciap2 bir3,ciap2|bir3,,"{""parenthetical"": [], ""dropped"": [], ""mutations"": [], ""mutation_classes"": []}",,[],9606,bir3
ciap2 bir3 domain,CHEMBL5335,Q13489,ciap2 bir3 domain,ciap2 bir3 domain,ciap2|bir3|domain,,"{""parenthetical"": [], ""dropped"": [], ""mutations"": [], ""mutation_classes"": []}",,[],9606,bir3
ck - 1delta,CHEMBL2828,P48730,ck 1delta|ck-1delta|ck1delta,ck 1delta|ck-1delta|ck1delta,ck|1delta|ck-1delta|ck1delta,,"{""parenthetical"": [], ""dropped"": [], ""mutations"": [], ""mutation_classes"": []}",,[],9606,
ck1 delta,CHEMBL2828,P48730,ck1 delta,ck1 delta,ck1|delta,,"{""parenthetical"": [], ""dropped"": [], ""mutations"": [], ""mutation_classes"": []}",,[],9606,
ck1 epsilon,CHEMBL4937,P49674,ck1 epsilon,ck1 epsilon,ck1|epsilon,,"{""parenthetical"": [], ""dropped"": [], ""mutations"": [], ""mutation_classes"": []}",,[],9606,
ck1delta,CHEMBL2828,P48730,ck1delta,ck1delta,ck1delta,,"{""parenthetical"": [], ""dropped"": [], ""mutations"": [], ""mutation_classes"": []}",,[],9606,
ck1delta,CHEMBL4484,Q06486,ck1delta,ck1delta,ck1delta,,"{""parenthetical"": [], ""dropped"": [], ""mutations"": [], ""mutation_classes"": []}",,[],9606,
ck1delta1,CHEMBL2828,P48730,ck1delta1,ck1delta1,ck1delta1,,"{""parenthetical"": [], ""dropped"": [], ""mutations"": [], ""mutation_classes"": []}",,[],9606,
ck1epsilon,CHEMBL4937,P49674,ck1epsilon,ck1epsilon,ck1epsilon,,"{""parenthetical"": [], ""dropped"": [], ""mutations"": [], ""mutation_classes"": []}",,[],9606,
ck2 alpha,CHEMBL3629,P68400,ck2 alpha,ck2 alpha,ck2|alpha,,"{""parenthetical"": [], ""dropped"": [], ""mutations"": [], ""mutation_classes"": []}",,[],9606,
ck2a2,CHEMBL4070,P19784,ck2a2,ck2a2,ck2a2,,"{""parenthetical"": [], ""dropped"": [], ""mutations"": [], ""mutation_classes"": []}",,[],9606,
ck2alpha,CHEMBL3629,P68400,ck2alpha,ck2alpha,ck2alpha,,"{""parenthetical"": [], ""dropped"": [], ""mutations"": [], ""mutation_classes"": []}",,[],9606,
ck2alpha ',CHEMBL4070,P19784,ck2alpha ',ck2alpha ',ck2alpha|',,"{""parenthetical"": [], ""dropped"": [], ""mutations"": [], ""mutation_classes"": []}",,[],9606,
ck2alpha1,CHEMBL3629,P68400,ck2alpha1,ck2alpha1,ck2alpha1,,"{""parenthetical"": [], ""dropped"": [], ""mutations"": [], ""mutation_classes"": []}",,[],9606,
ckit,CHEMBL1936,P10721,ckit,ckit,ckit,,"{""parenthetical"": [], ""dropped"": [], ""mutations"": [], ""mutation_classes"": []}",,[],9606,
ckit t670i mutant,CHEMBL1936,P10721,ckit t670i,ckit t670i,ckit|t670i,,"{""parenthetical"": [], ""dropped"": [], ""mutations"": [""mutant""], ""mutation_classes"": [""NONE""]}",NONE,[],9606,
ckit v559d / t670i double mutant,CHEMBL1936,P10721,ckit v559d t670i double,ckit v559d t670i double,ckit|v559d|t670i|double,,"{""parenthetical"": [], ""dropped"": [], ""mutations"": [""mutant""], ""mutation_classes"": [""NONE""]}",NONE,[],9606,
cl receptor,CHEMBL3798,Q16602,cl,cl receptor,cl,,"{""parenthetical"": [], ""dropped"": [""receptor""], ""mutations"": [], ""mutation_classes"": []}",,[],9606,
class c beta - lactamase,CHEMBL3499,Q59401,class c beta lactamase|class c beta-lactamase|beta-lactamase|class c betalactamase|betalactamase,class c beta lactamase|class c beta-lactamase|beta-lactamase|class c betalactamase|betalactamase,class|c|beta|lactamase|beta-lactamase|betalactamase,,"{""parenthetical"": [], ""dropped"": [], ""mutations"": [], ""mutation_classes"": []}",,[],9606,
clk1,CHEMBL1075280,P22518,clk1,clk1,clk1,,"{""parenthetical"": [], ""dropped"": [], ""mutations"": [], ""mutation_classes"": []}",,[],9606,
clk1,CHEMBL4224,P49759,clk1,clk1,clk1,,"{""parenthetical"": [], ""dropped"": [], ""mutations"": [], ""mutation_classes"": []}",,[],9606,
clk1 - gst,CHEMBL4224,P49759,clk1 gst|clk1-gst|clk1gst,clk1 gst|clk1-gst|clk1gst,clk1|gst|clk1-gst|clk1gst,,"{""parenthetical"": [], ""dropped"": [], ""mutations"": [], ""mutation_classes"": []}",,[],9606,
clk2,CHEMBL1075281,O35491,clk2,clk2,clk2,,"{""parenthetical"": [], ""dropped"": [], ""mutations"": [], ""mutation_classes"": []}",,[],9606,
clk2,CHEMBL4225,P49760,clk2,clk2,clk2,,"{""parenthetical"": [], ""dropped"": [], ""mutations"": [], ""mutation_classes"": []}",,[],9606,
clk3,CHEMBL1075282,O35492,clk3,clk3,clk3,,"{""parenthetical"": [], ""dropped"": [], ""mutations"": [], ""mutation_classes"": []}",,[],9606,
clk3,CHEMBL4226,P49761,clk3,clk3,clk3,,"{""parenthetical"": [], ""dropped"": [], ""mutations"": [], ""mutation_classes"": []}",,[],9606,
clk4,CHEMBL1075283,O35493,clk4,clk4,clk4,,"{""parenthetical"": [], ""dropped"": [], ""mutations"": [], ""mutation_classes"": []}",,[],9606,
clk4,CHEMBL4203,Q9HAZ1,clk4,clk4,clk4,,"{""parenthetical"": [], ""dropped"": [], ""mutations"": [], ""mutation_classes"": []}",,[],9606,
clostridium botulinum botulinum neurotoxin type a,CHEMBL5192,P0DPI0,clostridium botulinum botulinum neurotoxin type a,clostridium botulinum neurotoxin type a,clostridium|botulinum|neurotoxin|type|a,,"{""parenthetical"": [], ""dropped"": [], ""mutations"": [], ""mutation_classes"": []}",,[],9606,
clostridium botulinum botulinum neurotoxin type a light chain,CHEMBL5192,P0DPI0,clostridium botulinum botulinum neurotoxin type a light,clostridium botulinum neurotoxin type a light chain,clostridium|botulinum|neurotoxin|type|a|light,,"{""parenthetical"": [], ""dropped"": [""chain""], ""mutations"": [], ""mutation_classes"": []}",,[],9606,
clostridium botulinum neurotoxin serotype a light chain,CHEMBL5192,P0DPI0,clostridium botulinum neurotoxin serotype a light,clostridium botulinum neurotoxin serotype a light chain,clostridium|botulinum|neurotoxin|serotype|a|light,,"{""parenthetical"": [], ""dropped"": [""chain""], ""mutations"": [], ""mutation_classes"": []}",,[],9606,
clostridium botulinum neurotoxin serotype a light chain metalloprotease,CHEMBL5192,P0DPI0,clostridium botulinum neurotoxin serotype a light metalloprotease,clostridium botulinum neurotoxin serotype a light chain metalloprotease,clostridium|botulinum|neurotoxin|serotype|a|light|metalloprotease,,"{""parenthetical"": [], ""dropped"": [""chain""], ""mutations"": [], ""mutation_classes"": []}",,[],9606,
clr,CHEMBL3798,Q16602,clr,clr,clr,,"{""parenthetical"": [], ""dropped"": [], ""mutations"": [], ""mutation_classes"": []}",,[],9606,
cmet,CHEMBL3717,P08581,cmet,cmet,cmet,,"{""parenthetical"": [], ""dropped"": [], ""mutations"": [], ""mutation_classes"": []}",,[],9606,
cmg2,CHEMBL4296326,P58335,cmg2,cmg2,cmg2,,"{""parenthetical"": [], ""dropped"": [], ""mutations"": [], ""mutation_classes"": []}",,[],9606,
coagulation factor 10a,CHEMBL244,P00742,coagulation factor 10a,coagulation factor 10a,coagulation|factor|10a,,"{""parenthetical"": [], ""dropped"": [], ""mutations"": [], ""mutation_classes"": []}",,[],9606,
coagulation factor 11,CHEMBL2820,P03951,coagulation factor 11|coagulation factor11|factor11|coagulation factor-11|factor-11,coagulation factor 11|coagulation factor11|factor11|coagulation factor-11|factor-11,coagulation|factor|11|factor11|factor-11,,"{""parenthetical"": [], ""dropped"": [], ""mutations"": [], ""mutation_classes"": []}",,[],9606,
coagulation factor 11a,CHEMBL2820,P03951,coagulation factor 11a,coagulation factor 11a,coagulation|factor|11a,,"{""parenthetical"": [], ""dropped"": [], ""mutations"": [], ""mutation_classes"": []}",,[],9606,
coagulation factor 7a,CHEMBL3991,P08709,coagulation factor 7a,coagulation factor 7a,coagulation|factor|7a,,"{""parenthetical"": [], ""dropped"": [], ""mutations"": [], ""mutation_classes"": []}",,[],9606,
coagulation factor ix,CHEMBL2016,P00740,coagulation factor 9|coagulation factor9|factor9|coagulation factor-9|factor-9,coagulation factor 9|coagulation factor9|factor9|coagulation factor-9|factor-9,coagulation|factor|9|factor9|factor-9,,"{""parenthetical"": [], ""dropped"": [], ""mutations"": [], ""mutation_classes"": []}",,[],9606,
coagulation factor ixa,CHEMBL2016,P00740,coagulation factor ixa,coagulation factor ixa,coagulation|factor|ixa,,"{""parenthetical"": [], ""dropped"": [], ""mutations"": [], ""mutation_classes"": []}",,[],9606,
coagulation factor ixa ( fixa ),CHEMBL2016,P00740,coagulation factor ixa,coagulation factor ixa,coagulation|factor|ixa,,"{""parenthetical"": [""fixa""], ""dropped"": [], ""mutations"": [], ""mutation_classes"": []}",,[],9606,
coagulation factor vii,CHEMBL3991,P08709,coagulation factor 7|coagulation factor7|factor7|coagulation factor-7|factor-7,coagulation factor 7|coagulation factor7|factor7|coagulation factor-7|factor-7,coagulation|factor|7|factor7|factor-7,,"{""parenthetical"": [], ""dropped"": [], ""mutations"": [], ""mutation_classes"": []}",,[],9606,
coagulation factor x,CHEMBL5062,O19045,coagulation factor x,coagulation factor x,coagulation|factor|x,,"{""parenthetical"": [], ""dropped"": [], ""mutations"": [], ""mutation_classes"": []}",,[],9606,
coagulation factor x,CHEMBL244,P00742,coagulation factor x,coagulation factor x,coagulation|factor|x,,"{""parenthetical"": [], ""dropped"": [], ""mutations"": [], ""mutation_classes"": []}",,[],9606,
coagulation factor xa,CHEMBL5062,O19045,coagulation factor xa,coagulation factor xa,coagulation|factor|xa,,"{""parenthetical"": [], ""dropped"": [], ""mutations"": [], ""mutation_classes"": []}",,[],9606,
coagulation factor xa,CHEMBL244,P00742,coagulation factor xa,coagulation factor xa,coagulation|factor|xa,,"{""parenthetical"": [], ""dropped"": [], ""mutations"": [], ""mutation_classes"": []}",,[],9606,
coagulation factor xa ( fxa ),CHEMBL244,P00742,coagulation factor xa fxa|fxa,coagulation factor xa fxa|fxa,coagulation|factor|xa|fxa,,"{""parenthetical"": [""fxa""], ""dropped"": [], ""mutations"": [], ""mutation_classes"": []}",,[],9606,
collagenase,CHEMBL332,P03956,collagenase,collagenase,collagenase,,"{""parenthetical"": [], ""dropped"": [], ""mutations"": [], ""mutation_classes"": []}",,[],9606,
collagenase - 1,CHEMBL332,P03956,collagenase 1|collagenase-1|collagenase1,collagenase 1|collagenase-1|collagenase1,collagenase|1|collagenase-1|collagenase1,,"{""parenthetical"": [], ""dropped"": [], ""mutations"": [], ""mutation_classes"": []}",,[],9606,
collagenase - 1 (,CHEMBL332,P03956,collagenase 1 (|collagenase-1 (|collagenase-1|collagenase1 (|collagenase1,collagenase 1 (|collagenase-1 (|collagenase-1|collagenase1 (|collagenase1,collagenase|1|(|collagenase-1|collagenase1,,"{""parenthetical"": [], ""dropped"": [], ""mutations"": [], ""mutation_classes"": []}",,[],9606,
collagenase - 1 ( matrix metalloprotease - 1 ),CHEMBL332,P03956,collagenase 1|collagenase-1|collagenase1,collagenase 1|collagenase-1|collagenase1,collagenase|1|collagenase-1|collagenase1,,"{""parenthetical"": [""matrix metalloprotease - 1""], ""dropped"": [], ""mutations"": [], ""mutation_classes"": []}",,[],9606,
collagenase (,CHEMBL280,P45452,collagenase (,collagenase (,collagenase|(,,"{""parenthetical"": [], ""dropped"": [], ""mutations"": [], ""mutation_classes"": []}",,[],9606,
collagenase ( matrix metalloprotease - 13 ),CHEMBL280,P45452,collagenase,collagenase,collagenase,,"{""parenthetical"": [""matrix metalloprotease - 13""], ""dropped"": [], ""mutations"": [], ""mutation_classes"": []}",,[],9606,
complement factor d,CHEMBL2176771,P00746,complement factor d,complement factor d,complement|factor|d,,"{""parenthetical"": [], ""dropped"": [], ""mutations"": [], ""mutation_classes"": []}",,[],9606,
comt,CHEMBL2372,P22734,comt,comt,comt,,"{""parenthetical"": [], ""dropped"": [], ""mutations"": [], ""mutation_classes"": []}",,[],9606,
corticotropin - releasing factor - 1,CHEMBL1800,P34998,corticotropin releasing factor 1|corticotropin-releasing factor 1|corticotropin-releasing|corticotropinreleasing factor 1|corticotropinreleasing|corticotropin releasing factor-1|factor-1|corticotropin releasing factor1|factor1,corticotropin releasing factor 1|corticotropin-releasing factor 1|corticotropin-releasing|corticotropinreleasing factor 1|corticotropinreleasing|corticotropin releasing factor-1|factor-1|corticotropin releasing factor1|factor1,corticotropin|releasing|factor|1|corticotropin-releasing|corticotropinreleasing|factor-1|factor1,oxtr,"{""parenthetical"": [], ""dropped"": [], ""mutations"": [], ""mutation_classes"": []}",,[],9606,
cox - 1,CHEMBL2949,P05979,cox 1|cox-1|cox1,cox 1|cox-1|cox1,cox|1|cox-1|cox1,,"{""parenthetical"": [], ""dropped"": [], ""mutations"": [], ""mutation_classes"": []}",,[],9606,
cox - 1,CHEMBL221,P23219,cox 1|cox-1|cox1,cox 1|cox-1|cox1,cox|1|cox-1|cox1,,"{""parenthetical"": [], ""dropped"": [], ""mutations"": [], ""mutation_classes"": []}",,[],9606,
cox - 1 ),CHEMBL221,P23219,cox 1 )|cox-1 )|cox-1|cox1 )|cox1,cox 1 )|cox-1 )|cox-1|cox1 )|cox1,cox|1|)|cox-1|cox1,,"{""parenthetical"": [], ""dropped"": [], ""mutations"": [], ""mutation_classes"": []}",,[],9606,
cox - 1 ) .,CHEMBL221,P23219,cox 1 )|cox-1 )|cox-1|cox1 )|cox1,cox 1 )|cox-1 )|cox-1|cox1 )|cox1,cox|1|)|cox-1|cox1,,"{""parenthetical"": [], ""dropped"": [], ""mutations"": [], ""mutation_classes"": []}",,[],9606,
cox - 2,CHEMBL230,P35354,cox 2|cox-2|cox2,cox 2|cox-2|cox2,cox|2|cox-2|cox2,,"{""parenthetical"": [], ""dropped"": [], ""mutations"": [], ""mutation_classes"": []}",,[],9606,
cox - 2,CHEMBL4102,P79208,cox 2|cox-2|cox2,cox 2|cox-2|cox2,cox|2|cox-2|cox2,,"{""parenthetical"": [], ""dropped"": [], ""mutations"": [], ""mutation_classes"": []}",,[],9606,
cox - 2,CHEMBL4321,Q05769,cox 2|cox-2|cox2,cox 2|cox-2|cox2,cox|2|cox-2|cox2,,"{""parenthetical"": [], ""dropped"": [], ""mutations"": [], ""mutation_classes"": []}",,[],9606,
cox - 2 ),CHEMBL230,P35354,cox 2 )|cox-2 )|cox-2|cox2 )|cox2,cox 2 )|cox-2 )|cox-2|cox2 )|cox2,cox|2|)|cox-2|cox2,,"{""parenthetical"": [], ""dropped"": [], ""mutations"": [], ""mutation_classes"": []}",,[],9606,
cox - 2 ) .,CHEMBL230,P35354,cox 2 )|cox-2 )|cox-2|cox2 )|cox2,cox 2 )|cox-2 )|cox-2|cox2 )|cox2,cox|2|)|cox-2|cox2,,"{""parenthetical"": [], ""dropped"": [], ""mutations"": [], ""mutation_classes"": []}",,[],9606,
cox - 2 enzyme,CHEMBL4102,P79208,cox 2 enzyme|cox-2 enzyme|cox-2|cox2 enzyme|cox2,cox 2 enzyme|cox-2 enzyme|cox-2|cox2 enzyme|cox2,cox|2|enzyme|cox-2|cox2,,"{""parenthetical"": [], ""dropped"": [], ""mutations"": [], ""mutation_classes"": []}",,[],9606,
cox1,CHEMBL2860,O62664,cox1,cox1,cox1,,"{""parenthetical"": [], ""dropped"": [], ""mutations"": [], ""mutation_classes"": []}",,[],9606,
cox1,CHEMBL6011,O78749,cox1,cox1,cox1,,"{""parenthetical"": [], ""dropped"": [], ""mutations"": [], ""mutation_classes"": []}",,[],9606,
cox1,CHEMBL2949,P05979,cox1,cox1,cox1,,"{""parenthetical"": [], ""dropped"": [], ""mutations"": [], ""mutation_classes"": []}",,[],9606,
cox1,CHEMBL2649,P22437,cox1,cox1,cox1,,"{""parenthetical"": [], ""dropped"": [], ""mutations"": [], ""mutation_classes"": []}",,[],9606,
cox1,CHEMBL221,P23219,cox1,cox1,cox1,,"{""parenthetical"": [], ""dropped"": [], ""mutations"": [], ""mutation_classes"": []}",,[],9606,
cox2,CHEMBL4033,A0A8P0NFH5,cox2,cox2,cox2,,"{""parenthetical"": [], ""dropped"": [], ""mutations"": [], ""mutation_classes"": []}",,[],9606,
cox2,CHEMBL6174,P00403,cox2,cox2,cox2,,"{""parenthetical"": [], ""dropped"": [], ""mutations"": [], ""mutation_classes"": []}",,[],9606,
cox2,CHEMBL230,P35354,cox2,cox2,cox2,,"{""parenthetical"": [], ""dropped"": [], ""mutations"": [], ""mutation_classes"": []}",,[],9606,
cox2,CHEMBL2977,P35355,cox2,cox2,cox2,,"{""parenthetical"": [], ""dropped"": [], ""mutations"": [], ""mutation_classes"": []}",,[],9606,
cox2,CHEMBL4102,P79208,cox2,cox2,cox2,,"{""parenthetical"": [], ""dropped"": [], ""mutations"": [], ""mutation_classes"": []}",,[],9606,
cox2,CHEMBL4321,Q05769,cox2,cox2,cox2,,"{""parenthetical"": [], ""dropped"": [], ""mutations"": [], ""mutation_classes"": []}",,[],9606,
cpa,CHEMBL2088,P15085,cpa,cpa,cpa,,"{""parenthetical"": [], ""dropped"": [], ""mutations"": [], ""mutation_classes"": []}",,[],9606,
cpla2,CHEMBL3816,P47712,cpla2,cpla2,cpla2,,"{""parenthetical"": [], ""dropped"": [], ""mutations"": [], ""mutation_classes"": []}",,[],9606,
cpla2 - alpha,CHEMBL3816,P47712,cpla2 alpha|cpla2-alpha|cpla2alpha,cpla2 alpha|cpla2-alpha|cpla2alpha,cpla2|alpha|cpla2-alpha|cpla2alpha,,"{""parenthetical"": [], ""dropped"": [], ""mutations"": [], ""mutation_classes"": []}",,[],9606,
craf,CHEMBL1906,P04049,craf,craf,craf,,"{""parenthetical"": [], ""dropped"": [], ""mutations"": [], ""mutation_classes"": []}",,[],9606,
craf y340d / y341d mutant,CHEMBL1906,P04049,craf y340d y341d,craf y340d y341d,craf|y340d|y341d,,"{""parenthetical"": [], ""dropped"": [], ""mutations"": [""mutant""], ""mutation_classes"": [""NONE""]}",NONE,[],9606,
craf1,CHEMBL1906,P04049,craf1,craf1,craf1,,"{""parenthetical"": [], ""dropped"": [], ""mutations"": [], ""mutation_classes"": []}",,[],9606,
crbn isoform 4,CHEMBL3763007,A4TVL0,crbn 4|isoform4|isoform-4,crbn isoform 4|crbn isoform4|isoform4|crbn isoform-4|isoform-4,crbn|4|isoform4|isoform-4,,"{""parenthetical"": [], ""dropped"": [""isoform""], ""mutations"": [], ""mutation_classes"": []}",,[],9606,
crebbp,CHEMBL5747,Q92793,crebbp,crebbp,crebbp,,"{""parenthetical"": [], ""dropped"": [], ""mutations"": [], ""mutation_classes"": []}",,[],9606,
crebbpa,CHEMBL5747,Q92793,crebbpa,crebbpa,crebbpa,,"{""parenthetical"": [], ""dropped"": [], ""mutations"": [], ""mutation_classes"": []}",,[],9606,
crf - 1 receptor,CHEMBL1800,P34998,crf 1|crf-1|crf1,crf 1 receptor|crf-1 receptor|crf-1|crf1 receptor|crf1,crf|1|crf-1|crf1,,"{""parenthetical"": [], ""dropped"": [""receptor""], ""mutations"": [], ""mutation_classes"": []}",,[],9606,
crf1 receptor,CHEMBL1800,P34998,crf1,crf1 receptor,crf1,,"{""parenthetical"": [], ""dropped"": [""receptor""], ""mutations"": [], ""mutation_classes"": []}",,[],9606,
crf1 receptor,CHEMBL4649,P35353,crf1,crf1 receptor,crf1,,"{""parenthetical"": [], ""dropped"": [""receptor""], ""mutations"": [], ""mutation_classes"": []}",,[],9606,
crm1,CHEMBL5661,O14980,crm1,crm1,crm1,,"{""parenthetical"": [], ""dropped"": [], ""mutations"": [], ""mutation_classes"": []}",,[],9606,
crth2,CHEMBL5071,Q9Y5Y4,crth2,crth2,crth2,dp2 crth2 ptgdr2 gpr44,"{""parenthetical"": [], ""dropped"": [], ""mutations"": [], ""mutation_classes"": []}",,[],9606,
crth2 receptor,CHEMBL5071,Q9Y5Y4,crth2,crth2 receptor,crth2,dp2 crth2 ptgdr2 gpr44,"{""parenthetical"": [], ""dropped"": [""receptor""], ""mutations"": [], ""mutation_classes"": []}",,[],9606,
crtn,CHEMBL3813586,O07855,crtn,crtn,crtn,,"{""parenthetical"": [], ""dropped"": [], ""mutations"": [], ""mutation_classes"": []}",,[],9606,
cruzain,CHEMBL3563,P25779,cruzain,cruzain,cruzain,,"{""parenthetical"": [], ""dropped"": [], ""mutations"": [], ""mutation_classes"": []}",,[],9606,
cruzain of cruzi,CHEMBL3563,P25779,cruzain of cruzi,cruzain of cruzi,cruzain|of|cruzi,,"{""parenthetical"": [], ""dropped"": [], ""mutations"": [], ""mutation_classes"": []}",,[],9606,
cruzaine,CHEMBL3563,P25779,cruzaine,cruzaine,cruzaine,,"{""parenthetical"": [], ""dropped"": [], ""mutations"": [], ""mutation_classes"": []}",,[],9606,
cruzipain,CHEMBL3563,P25779,cruzipain,cruzipain,cruzipain,,"{""parenthetical"": [], ""dropped"": [], ""mutations"": [], ""mutation_classes"": []}",,[],9606,
csf1r,CHEMBL1844,P07333,csf1r,csf1r,csf1r,,"{""parenthetical"": [], ""dropped"": [], ""mutations"": [], ""mutation_classes"": []}",,[],9606,
csrc,CHEMBL3655,P00523,csrc,csrc,csrc,,"{""parenthetical"": [], ""dropped"": [], ""mutations"": [], ""mutation_classes"": []}",,[],9606,
csrc,CHEMBL267,P12931,csrc,csrc,csrc,,"{""parenthetical"": [], ""dropped"": [], ""mutations"": [], ""mutation_classes"": []}",,[],9606,
cx26,CHEMBL4295738,P29033,cx26,cx26,cx26,,"{""parenthetical"": [], ""dropped"": [], ""mutations"": [], ""mutation_classes"": []}",,[],9606,
cxcr1,CHEMBL4029,P25024,cxcr1,cxcr1,cxcr1,cxcr1,"{""parenthetical"": [], ""dropped"": [], ""mutations"": [], ""mutation_classes"": []}",,[],9606,
cxcr2,CHEMBL2434,P25025,cxcr2,cxcr2,cxcr2,cxcr2,"{""parenthetical"": [], ""dropped"": [], ""mutations"": [], ""mutation_classes"": []}",,[],9606,
cxcr3,CHEMBL5200,O88410,cxcr3,cxcr3,cxcr3,cxcr3,"{""parenthetical"": [], ""dropped"": [], ""mutations"": [], ""mutation_classes"": []}",,[],9606,
cxcr3,CHEMBL4441,P49682,cxcr3,cxcr3,cxcr3,cxcr3,"{""parenthetical"": [], ""dropped"": [], ""mutations"": [], ""mutation_classes"": []}",,[],9606,
cxcr3 receptor,CHEMBL4441,P49682,cxcr3,cxcr3 receptor,cxcr3,cxcr3,"{""parenthetical"": [], ""dropped"": [""receptor""], ""mutations"": [], ""mutation_classes"": []}",,[],9606,
cxcr4,CHEMBL2107,P61073,cxcr4,cxcr4,cxcr4,cxcr4,"{""parenthetical"": [], ""dropped"": [], ""mutations"": [], ""mutation_classes"": []}",,[],9606,
cxcr4 d171a mutant,CHEMBL2107,P61073,cxcr4 d171a,cxcr4 d171a,cxcr4|d171a,cxcr4,"{""parenthetical"": [], ""dropped"": [], ""mutations"": [""mutant""], ""mutation_classes"": [""NONE""]}",NONE,[],9606,
cxcr4 d187a mutant,CHEMBL2107,P61073,cxcr4 d187a,cxcr4 d187a,cxcr4|d187a,cxcr4,"{""parenthetical"": [], ""dropped"": [], ""mutations"": [""mutant""], ""mutation_classes"": [""NONE""]}",NONE,[],9606,
cxcr4 d97a mutant,CHEMBL2107,P61073,cxcr4 d97a,cxcr4 d97a,cxcr4|d97a,cxcr4,"{""parenthetical"": [], ""dropped"": [], ""mutations"": [""mutant""], ""mutation_classes"": [""NONE""]}",NONE,[],9606,
cxcr4 e288a mutant,CHEMBL2107,P61073,cxcr4 e288a,cxcr4 e288a,cxcr4|e288a,cxcr4,"{""parenthetical"": [], ""dropped"": [], ""mutations"": [""mutant""], ""mutation_classes"": [""NONE""]}",NONE,[],9606,
cxcr4 receptor,CHEMBL2107,P61073,cxcr4,cxcr4 receptor,cxcr4,cxcr4,"{""parenthetical"": [], ""dropped"": [""receptor""], ""mutations"": [], ""mutation_classes"": []}",,[],9606,
cxcr4 w94a mutant,CHEMBL2107,P61073,cxcr4 w94a,cxcr4 w94a,cxcr4|w94a,cxcr4,"{""parenthetical"": [], ""dropped"": [], ""mutations"": [""mutant""], ""mutation_classes"": [""NONE""]}",NONE,[],9606,
cxcr4 y116a mutant,CHEMBL2107,P61073,cxcr4 y116a,cxcr4 y116a,cxcr4|y116a,cxcr4,"{""parenthetical"": [], ""dropped"": [], ""mutations"": [""mutant""], ""mutation_classes"": [""NONE""]}",NONE,[],9606,
cxcr7,CHEMBL2010631,P25106,cxcr7,cxcr7,cxcr7,cxcr7,"{""parenthetical"": [], ""dropped"": [], ""mutations"": [], ""mutation_classes"": []}",,[],9606,
cyclin - dependent kinase 6 complex,CHEMBL2508,Q00534,cyclin dependent kinase 6 complex|cyclin-dependent kinase 6 complex|cyclin-dependent|cyclindependent kinase 6 complex|cyclindependent|cyclin dependent kinase6 complex|kinase6|cyclin dependent kinase-6 complex|kinase-6,cyclin dependent kinase 6 complex|cyclin-dependent kinase 6 complex|cyclin-dependent|cyclindependent kinase 6 complex|cyclindependent|cyclin dependent kinase6 complex|kinase6|cyclin dependent kinase-6 complex|kinase-6,cyclin|dependent|kinase|6|complex|cyclin-dependent|cyclindependent|kinase6|kinase-6,,"{""parenthetical"": [], ""dropped"": [], ""mutations"": [], ""mutation_classes"": []}",,[],9606,
cyclin g associated kinase,CHEMBL4355,O14976,cyclin g associated kinase,cyclin g associated kinase,cyclin|g|associated|kinase,,"{""parenthetical"": [], ""dropped"": [], ""mutations"": [], ""mutation_classes"": []}",,[],9606,
cyclooxygenase - 1,CHEMBL2949,P05979,cyclooxygenase 1|cyclooxygenase-1|cyclooxygenase1,cyclooxygenase 1|cyclooxygenase-1|cyclooxygenase1,cyclooxygenase|1|cyclooxygenase-1|cyclooxygenase1,,"{""parenthetical"": [], ""dropped"": [], ""mutations"": [], ""mutation_classes"": []}",,[],9606,
cyclooxygenase - 1,CHEMBL221,P23219,cyclooxygenase 1|cyclooxygenase-1|cyclooxygenase1,cyclooxygenase 1|cyclooxygenase-1|cyclooxygenase1,cyclooxygenase|1|cyclooxygenase-1|cyclooxygenase1,,"{""parenthetical"": [], ""dropped"": [], ""mutations"": [], ""mutation_classes"": []}",,[],9606,
cyclooxygenase - 2,CHEMBL230,P35354,cyclooxygenase 2|cyclooxygenase-2|cyclooxygenase2,cyclooxygenase 2|cyclooxygenase-2|cyclooxygenase2,cyclooxygenase|2|cyclooxygenase-2|cyclooxygenase2,,"{""parenthetical"": [], ""dropped"": [], ""mutations"": [], ""mutation_classes"": []}",,[],9606,
cyclooxygenase - 2,CHEMBL4102,P79208,cyclooxygenase 2|cyclooxygenase-2|cyclooxygenase2,cyclooxygenase 2|cyclooxygenase-2|cyclooxygenase2,cyclooxygenase|2|cyclooxygenase-2|cyclooxygenase2,,"{""parenthetical"": [], ""dropped"": [], ""mutations"": [], ""mutation_classes"": []}",,[],9606,
cyclooxygenase 1,CHEMBL2949,P05979,cyclooxygenase 1|cyclooxygenase1|cyclooxygenase-1,cyclooxygenase 1|cyclooxygenase1|cyclooxygenase-1,cyclooxygenase|1|cyclooxygenase1|cyclooxygenase-1,,"{""parenthetical"": [], ""dropped"": [], ""mutations"": [], ""mutation_classes"": []}",,[],9606,
cyclooxygenase 1,CHEMBL221,P23219,cyclooxygenase 1|cyclooxygenase1|cyclooxygenase-1,cyclooxygenase 1|cyclooxygenase1|cyclooxygenase-1,cyclooxygenase|1|cyclooxygenase1|cyclooxygenase-1,,"{""parenthetical"": [], ""dropped"": [], ""mutations"": [], ""mutation_classes"": []}",,[],9606,
cyclooxygenase 2,CHEMBL230,P35354,cyclooxygenase 2|cyclooxygenase2|cyclooxygenase-2,cyclooxygenase 2|cyclooxygenase2|cyclooxygenase-2,cyclooxygenase|2|cyclooxygenase2|cyclooxygenase-2,,"{""parenthetical"": [], ""dropped"": [], ""mutations"": [], ""mutation_classes"": []}",,[],9606,
cyclooxygenase 2,CHEMBL4102,P79208,cyclooxygenase 2|cyclooxygenase2|cyclooxygenase-2,cyclooxygenase 2|cyclooxygenase2|cyclooxygenase-2,cyclooxygenase|2|cyclooxygenase2|cyclooxygenase-2,,"{""parenthetical"": [], ""dropped"": [], ""mutations"": [], ""mutation_classes"": []}",,[],9606,
cyp11b1,CHEMBL1908,P15538,cyp11b1,cyp11b1,cyp11b1,,"{""parenthetical"": [], ""dropped"": [], ""mutations"": [], ""mutation_classes"": []}",,[],9606,
cyp11b2,CHEMBL2722,P19099,cyp11b2,cyp11b2,cyp11b2,,"{""parenthetical"": [], ""dropped"": [], ""mutations"": [], ""mutation_classes"": []}",,[],9606,
cyp17,CHEMBL3522,P05093,cyp17,cyp17,cyp17,,"{""parenthetical"": [], ""dropped"": [], ""mutations"": [], ""mutation_classes"": []}",,[],9606,
cyp17a1,CHEMBL3522,P05093,cyp17a1,cyp17a1,cyp17a1,,"{""parenthetical"": [], ""dropped"": [], ""mutations"": [], ""mutation_classes"": []}",,[],9606,
cyp17a1delta19h,CHEMBL3522,P05093,cyp17a1delta19h,cyp17a1delta19h,cyp17a1delta19h,,"{""parenthetical"": [], ""dropped"": [], ""mutations"": [], ""mutation_classes"": []}",,[],9606,
cyp19,CHEMBL1978,P11511,cyp19,cyp19,cyp19,,"{""parenthetical"": [], ""dropped"": [], ""mutations"": [], ""mutation_classes"": []}",,[],9606,
cyp19a1,CHEMBL1978,P11511,cyp19a1,cyp19a1,cyp19a1,,"{""parenthetical"": [], ""dropped"": [], ""mutations"": [], ""mutation_classes"": []}",,[],9606,
cyp1a1,CHEMBL2231,P04798,cyp1a1,cyp1a1,cyp1a1,,"{""parenthetical"": [], ""dropped"": [], ""mutations"": [], ""mutation_classes"": []}",,[],9606,
cyp1b1,CHEMBL4878,Q16678,cyp1b1,cyp1b1,cyp1b1,,"{""parenthetical"": [], ""dropped"": [], ""mutations"": [], ""mutation_classes"": []}",,[],9606,
cyp24 hydroxylase,CHEMBL4521,Q07973,cyp24 hydroxylase,cyp24 hydroxylase,cyp24|hydroxylase,,"{""parenthetical"": [], ""dropped"": [], ""mutations"": [], ""mutation_classes"": []}",,[],9606,
cyp24a1,CHEMBL4521,Q07973,cyp24a1,cyp24a1,cyp24a1,,"{""parenthetical"": [], ""dropped"": [], ""mutations"": [], ""mutation_classes"": []}",,[],9606,
cyp24a1,CHEMBL3748,Q09128,cyp24a1,cyp24a1,cyp24a1,,"{""parenthetical"": [], ""dropped"": [], ""mutations"": [], ""mutation_classes"": []}",,[],9606,
cyp26,CHEMBL5141,O43174,cyp26,cyp26,cyp26,,"{""parenthetical"": [], ""dropped"": [], ""mutations"": [], ""mutation_classes"": []}",,[],9606,
cyp26a1,CHEMBL5141,O43174,cyp26a1,cyp26a1,cyp26a1,,"{""parenthetical"": [], ""dropped"": [], ""mutations"": [], ""mutation_classes"": []}",,[],9606,
cyp27b hydroxylase,CHEMBL5993,O15528,cyp27b hydroxylase,cyp27b hydroxylase,cyp27b|hydroxylase,,"{""parenthetical"": [], ""dropped"": [], ""mutations"": [], ""mutation_classes"": []}",,[],9606,
cyp27b1,CHEMBL3329080,O35084,cyp27b1,cyp27b1,cyp27b1,,"{""parenthetical"": [], ""dropped"": [], ""mutations"": [], ""mutation_classes"": []}",,[],9606,
cyslt1,CHEMBL1798,Q9Y271,cyslt1,cyslt1,cyslt1,,"{""parenthetical"": [], ""dropped"": [], ""mutations"": [], ""mutation_classes"": []}",,[],9606,
cyslt1 receptor,CHEMBL5645,Q2NNR5,cyslt1,cyslt1 receptor,cyslt1,cysltr1,"{""parenthetical"": [], ""dropped"": [""receptor""], ""mutations"": [], ""mutation_classes"": []}",,[],9606,
cyslt1 receptor,CHEMBL1798,Q9Y271,cyslt1,cyslt1 receptor,cyslt1,cysltr1,"{""parenthetical"": [], ""dropped"": [""receptor""], ""mutations"": [], ""mutation_classes"": []}",,[],9606,
cyslt2,CHEMBL4330,Q9NS75,cyslt2,cyslt2,cyslt2,,"{""parenthetical"": [], ""dropped"": [], ""mutations"": [], ""mutation_classes"": []}",,[],9606,
cyslt2 receptor,CHEMBL4330,Q9NS75,cyslt2,cyslt2 receptor,cyslt2,cysltr2,"{""parenthetical"": [], ""dropped"": [""receptor""], ""mutations"": [], ""mutation_classes"": []}",,[],9606,
cysteine protease,CHEMBL3563,P25779,cysteine protease,cysteine protease,cysteine|protease,,"{""parenthetical"": [], ""dropped"": [], ""mutations"": [], ""mutation_classes"": []}",,[],9606,
cysteine protease ( cruzipain ),CHEMBL3563,P25779,cysteine protease,cysteine protease,cysteine|protease,,"{""parenthetical"": [""cruzipain""], ""dropped"": [], ""mutations"": [], ""mutation_classes"": []}",,[],9606,
cysteinyl leukotriene d4 receptor,CHEMBL5645,Q2NNR5,cysteinyl leukotriene d4,cysteinyl leukotriene d4 receptor,cysteinyl|leukotriene|d4,cysltr1 oxtr drd4,"{""parenthetical"": [], ""dropped"": [""receptor""], ""mutations"": [], ""mutation_classes"": []}",,[],9606,
cysteinyl leukotriene d4 receptor sites,CHEMBL5645,Q2NNR5,cysteinyl leukotriene d4 sites,cysteinyl leukotriene d4 receptor sites,cysteinyl|leukotriene|d4|sites,cysltr1 oxtr drd4,"{""parenthetical"": [], ""dropped"": [""receptor""], ""mutations"": [], ""mutation_classes"": []}",,[],9606,
cysteinyl leukotriene receptor 1,CHEMBL5645,Q2NNR5,cysteinyl leukotriene 1|receptor1|receptor-1,cysteinyl leukotriene receptor 1|cysteinyl leukotriene receptor1|receptor1|cysteinyl leukotriene receptor-1|receptor-1,cysteinyl|leukotriene|1|receptor1|receptor-1,cysltr1 oxtr,"{""parenthetical"": [], ""dropped"": [""receptor""], ""mutations"": [], ""mutation_classes"": []}",,[],9606,
cysteinyl leukotriene receptor 1,CHEMBL1798,Q9Y271,cysteinyl leukotriene 1|receptor1|receptor-1,cysteinyl leukotriene receptor 1|cysteinyl leukotriene receptor1|receptor1|cysteinyl leukotriene receptor-1|receptor-1,cysteinyl|leukotriene|1|receptor1|receptor-1,cysltr1 oxtr,"{""parenthetical"": [], ""dropped"": [""receptor""], ""mutations"": [], ""mutation_classes"": []}",,[],9606,
cytochrome p450 17,CHEMBL3522,P05093,cytochrome p450 17,cytochrome p450 17,cytochrome|p450|17,,"{""parenthetical"": [], ""dropped"": [], ""mutations"": [], ""mutation_classes"": []}",,[],9606,
cytochrome p450 17,CHEMBL4430,P11715,cytochrome p450 17,cytochrome p450 17,cytochrome|p450|17,,"{""parenthetical"": [], ""dropped"": [], ""mutations"": [], ""mutation_classes"": []}",,[],9606,
cytochrome p450 17a1,CHEMBL3522,P05093,cytochrome p450 17a1,cytochrome p450 17a1,cytochrome|p450|17a1,,"{""parenthetical"": [], ""dropped"": [], ""mutations"": [], ""mutation_classes"": []}",,[],9606,
cytochrome p450 17a1,CHEMBL4430,P11715,cytochrome p450 17a1,cytochrome p450 17a1,cytochrome|p450|17a1,,"{""parenthetical"": [], ""dropped"": [], ""mutations"": [], ""mutation_classes"": []}",,[],9606,
cytochrome p450 19,CHEMBL1978,P11511,cytochrome p450 19,cytochrome p450 19,cytochrome|p450|19,,"{""parenthetical"": [], ""dropped"": [], ""mutations"": [], ""mutation_classes"": []}",,[],9606,
cytochrome p450 19a,CHEMBL3859,P22443,cytochrome p450 19a,cytochrome p450 19a,cytochrome|p450|19a,,"{""parenthetical"": [], ""dropped"": [], ""mutations"": [], ""mutation_classes"": []}",,[],9606,
cytochrome p450 19a aromatase,CHEMBL1978,P11511,cytochrome p450 19a aromatase,cytochrome p450 19a aromatase,cytochrome|p450|19a|aromatase,,"{""parenthetical"": [], ""dropped"": [], ""mutations"": [], ""mutation_classes"": []}",,[],9606,
cytochrome p450 19a1,CHEMBL1978,P11511,cytochrome p450 19a1,cytochrome p450 19a1,cytochrome|p450|19a1,,"{""parenthetical"": [], ""dropped"": [], ""mutations"": [], ""mutation_classes"": []}",,[],9606,
cytochrome p450 19a1,CHEMBL3859,P22443,cytochrome p450 19a1,cytochrome p450 19a1,cytochrome|p450|19a1,,"{""parenthetical"": [], ""dropped"": [], ""mutations"": [], ""mutation_classes"": []}",,[],9606,
cytochrome p450 19a1 aromatase,CHEMBL1978,P11511,cytochrome p450 19a1 aromatase,cytochrome p450 19a1 aromatase,cytochrome|p450|19a1|aromatase,,"{""parenthetical"": [], ""dropped"": [], ""mutations"": [], ""mutation_classes"": []}",,[],9606,
cytoplasmic retinoic acid binding protein,CHEMBL4945,P40220,cytoplasmic retinoic acid binding,cytoplasmic retinoic acid binding protein,cytoplasmic|retinoic|acid|binding,,"{""parenthetical"": [], ""dropped"": [""protein""], ""mutations"": [], ""mutation_classes"": []}",,[],9606,
d - amino acid oxidase,CHEMBL6172,P00371,d amino acid oxidase|d-amino acid oxidase|d-amino|damino acid oxidase|damino,d amino acid oxidase|d-amino acid oxidase|d-amino|damino acid oxidase|damino,d|amino|acid|oxidase|d-amino|damino,,"{""parenthetical"": [], ""dropped"": [], ""mutations"": [], ""mutation_classes"": []}",,[],9606,
d - amino acid oxidase,CHEMBL5485,P14920,d amino acid oxidase|d-amino acid oxidase|d-amino|damino acid oxidase|damino,d amino acid oxidase|d-amino acid oxidase|d-amino|damino acid oxidase|damino,d|amino|acid|oxidase|d-amino|damino,,"{""parenthetical"": [], ""dropped"": [], ""mutations"": [], ""mutation_classes"": []}",,[],9606,
d1 dopamine receptor,CHEMBL2056,P21728,d1 dopamine,d1 dopamine receptor,d1|dopamine,drd1 drd2 drd3 drd4 drd5,"{""parenthetical"": [], ""dropped"": [""receptor""], ""mutations"": [], ""mutation_classes"": []}",,[],9606,
d1 receptor,CHEMBL2056,P21728,d1,d1 receptor,d1,drd1,"{""parenthetical"": [], ""dropped"": [""receptor""], ""mutations"": [], ""mutation_classes"": []}",,[],9606,
d1r,CHEMBL2056,P21728,d1r,d1r,d1r,,"{""parenthetical"": [], ""dropped"": [], ""mutations"": [], ""mutation_classes"": []}",,[],9606,
d2 dopamine receptor,CHEMBL217,P14416,d2 dopamine,d2 dopamine receptor,d2|dopamine,drd1 drd2 drd3 drd4 drd5,"{""parenthetical"": [], ""dropped"": [""receptor""], ""mutations"": [], ""mutation_classes"": []}",,[],9606,
d2 receptor,CHEMBL217,P14416,d2,d2 receptor,d2,drd2,"{""parenthetical"": [], ""dropped"": [""receptor""], ""mutations"": [], ""mutation_classes"": []}",,[],9606,
d2l dopamine receptor,CHEMBL217,P14416,d2l dopamine,d2l dopamine receptor,d2l|dopamine,drd1 drd2 drd3 drd4 drd5,"{""parenthetical"": [], ""dropped"": [""receptor""], ""mutations"": [], ""mutation_classes"": []}",,[],9606,
d2l receptor,CHEMBL217,P14416,d2l,d2l receptor,d2l,drd2,"{""parenthetical"": [], ""dropped"": [""receptor""], ""mutations"": [], ""mutation_classes"": []}",,[],9606,
d2lr,CHEMBL217,P14416,d2lr,d2lr,d2lr,,"{""parenthetical"": [], ""dropped"": [], ""mutations"": [], ""mutation_classes"": []}",,[],9606,
d3 dopamine receptor,CHEMBL234,P35462,d3 dopamine,d3 dopamine receptor,d3|dopamine,drd1 drd2 drd3 drd4 drd5,"{""parenthetical"": [], ""dropped"": [""receptor""], ""mutations"": [], ""mutation_classes"": []}",,[],9606,
d3 f6,CHEMBL234,P35462,d3 f6,d3 f6,d3|f6,,"{""parenthetical"": [], ""dropped"": [], ""mutations"": [], ""mutation_classes"": []}",,[],9606,
d3 receptor,CHEMBL234,P35462,d3,d3 receptor,d3,drd3,"{""parenthetical"": [], ""dropped"": [""receptor""], ""mutations"": [], ""mutation_classes"": []}",,[],9606,
d3r,CHEMBL234,P35462,d3r,d3r,d3r,,"{""parenthetical"": [], ""dropped"": [], ""mutations"": [], ""mutation_classes"": []}",,[],9606,
d4 . 4 receptor,CHEMBL219,P21917,d4.4,d4.4 receptor,d4.4,drd4,"{""parenthetical"": [], ""dropped"": [""receptor""], ""mutations"": [], ""mutation_classes"": []}",,[],9606,
d4 receptor,CHEMBL219,P21917,d4,d4 receptor,d4,drd4,"{""parenthetical"": [], ""dropped"": [""receptor""], ""mutations"": [], ""mutation_classes"": []}",,[],9606,
d5 dopamine receptor,CHEMBL1850,P21918,d5 dopamine,d5 dopamine receptor,d5|dopamine,drd5 drd1 drd2 drd3 drd4,"{""parenthetical"": [], ""dropped"": [""receptor""], ""mutations"": [], ""mutation_classes"": []}",,[],9606,
d5 receptor,CHEMBL1850,P21918,d5,d5 receptor,d5,drd5,"{""parenthetical"": [], ""dropped"": [""receptor""], ""mutations"": [], ""mutation_classes"": []}",,[],9606,
d5r,CHEMBL1850,P21918,d5r,d5r,d5r,,"{""parenthetical"": [], ""dropped"": [], ""mutations"": [], ""mutation_classes"": []}",,[],9606,
da transporter,CHEMBL238,Q01959,da transporter,da transporter,da|transporter,,"{""parenthetical"": [], ""dropped"": [], ""mutations"": [], ""mutation_classes"": []}",,[],9606,
daao,CHEMBL5485,P14920,daao,daao,daao,,"{""parenthetical"": [], ""dropped"": [], ""mutations"": [], ""mutation_classes"": []}",,[],9606,
daglalpha,CHEMBL5545,Q9Y4D2,daglalpha,daglalpha,daglalpha,,"{""parenthetical"": [], ""dropped"": [], ""mutations"": [], ""mutation_classes"": []}",,[],9606,
daglbeta,CHEMBL5521,Q8NCG7,daglbeta,daglbeta,daglbeta,,"{""parenthetical"": [], ""dropped"": [], ""mutations"": [], ""mutation_classes"": []}",,[],9606,
daglbeta,CHEMBL5656,Q91WC9,daglbeta,daglbeta,daglbeta,,"{""parenthetical"": [], ""dropped"": [], ""mutations"": [], ""mutation_classes"": []}",,[],9606,
dao,CHEMBL5485,P14920,dao,dao,dao,,"{""parenthetical"": [], ""dropped"": [], ""mutations"": [], ""mutation_classes"": []}",,[],9606,
dao y224a mutant,CHEMBL5485,P14920,dao y224a,dao y224a,dao|y224a,,"{""parenthetical"": [], ""dropped"": [], ""mutations"": [""mutant""], ""mutation_classes"": [""NONE""]}",NONE,[],9606,
dao y224f mutant,CHEMBL5485,P14920,dao y224f,dao y224f,dao|y224f,,"{""parenthetical"": [], ""dropped"": [], ""mutations"": [""mutant""], ""mutation_classes"": [""NONE""]}",NONE,[],9606,
dapk1,CHEMBL2558,P53355,dapk1,dapk1,dapk1,,"{""parenthetical"": [], ""dropped"": [], ""mutations"": [], ""mutation_classes"": []}",,[],9606,
dapk2,CHEMBL3123,Q9UIK4,dapk2,dapk2,dapk2,,"{""parenthetical"": [], ""dropped"": [], ""mutations"": [], ""mutation_classes"": []}",,[],9606,
dapk3,CHEMBL2468,O43293,dapk3,dapk3,dapk3,,"{""parenthetical"": [], ""dropped"": [], ""mutations"": [], ""mutation_classes"": []}",,[],9606,
dat,CHEMBL338,P23977,dat,dat,dat,,"{""parenthetical"": [], ""dropped"": [], ""mutations"": [], ""mutation_classes"": []}",,[],9606,
dat,CHEMBL238,Q01959,dat,dat,dat,,"{""parenthetical"": [], ""dropped"": [], ""mutations"": [], ""mutation_classes"": []}",,[],9606,
dat a480t mutant,CHEMBL238,Q01959,dat a480t,dat a480t,dat|a480t,,"{""parenthetical"": [], ""dropped"": [], ""mutations"": [""mutant""], ""mutation_classes"": [""NONE""]}",NONE,[],9606,
dat m272l / mutant,CHEMBL238,Q01959,dat m272l,dat m272l,dat|m272l,,"{""parenthetical"": [], ""dropped"": [], ""mutations"": [""mutant""], ""mutation_classes"": [""NONE""]}",NONE,[],9606,
dat m272l / r344m mutant,CHEMBL238,Q01959,dat m272l r344m,dat m272l r344m,dat|m272l|r344m,,"{""parenthetical"": [], ""dropped"": [], ""mutations"": [""mutant""], ""mutation_classes"": [""NONE""]}",NONE,[],9606,
dat r344m mutant,CHEMBL238,Q01959,dat r344m,dat r344m,dat|r344m,,"{""parenthetical"": [], ""dropped"": [], ""mutations"": [""mutant""], ""mutation_classes"": [""NONE""]}",NONE,[],9606,
dcamkl1,CHEMBL5683,O15075,dcamkl1,dcamkl1,dcamkl1,,"{""parenthetical"": [], ""dropped"": [], ""mutations"": [], ""mutation_classes"": []}",,[],9606,
dcamkl2,CHEMBL5519,Q8N568,dcamkl2,dcamkl2,dcamkl2,,"{""parenthetical"": [], ""dropped"": [], ""mutations"": [], ""mutation_classes"": []}",,[],9606,
dck,CHEMBL2447,P27707,dck,dck,dck,,"{""parenthetical"": [], ""dropped"": [], ""mutations"": [], ""mutation_classes"": []}",,[],9606,
dcn1,CHEMBL4105838,Q96GG9,dcn1,dcn1,dcn1,,"{""parenthetical"": [], ""dropped"": [], ""mutations"": [], ""mutation_classes"": []}",,[],9606,
dcps,CHEMBL1949488,Q96C86,dcps,dcps,dcps,,"{""parenthetical"": [], ""dropped"": [], ""mutations"": [], ""mutation_classes"": []}",,[],9606,
dctpase,CHEMBL3769292,Q9H773,dctpase,dctpase,dctpase,,"{""parenthetical"": [], ""dropped"": [], ""mutations"": [], ""mutation_classes"": []}",,[],9606,
dctpase 1,CHEMBL3769292,Q9H773,dctpase 1|dctpase1|dctpase-1,dctpase 1|dctpase1|dctpase-1,dctpase|1|dctpase1|dctpase-1,,"{""parenthetical"": [], ""dropped"": [], ""mutations"": [], ""mutation_classes"": []}",,[],9606,
dctpp1,CHEMBL3769292,Q9H773,dctpp1,dctpp1,dctpp1,,"{""parenthetical"": [], ""dropped"": [], ""mutations"": [], ""mutation_classes"": []}",,[],9606,
ddp4,CHEMBL284,P27487,ddp4,ddp4,ddp4,,"{""parenthetical"": [], ""dropped"": [], ""mutations"": [], ""mutation_classes"": []}",,[],9606,
ddr1,CHEMBL5319,Q08345,ddr1,ddr1,ddr1,,"{""parenthetical"": [], ""dropped"": [], ""mutations"": [], ""mutation_classes"": []}",,[],9606,
ddr2,CHEMBL5122,Q16832,ddr2,ddr2,ddr2,,"{""parenthetical"": [], ""dropped"": [], ""mutations"": [], ""mutation_classes"": []}",,[],9606,
ddr2 kinase,CHEMBL5122,Q16832,ddr2 kinase,ddr2 kinase,ddr2|kinase,,"{""parenthetical"": [], ""dropped"": [], ""mutations"": [], ""mutation_classes"": []}",,[],9606,
ddr2 t654m mutant,CHEMBL5122,Q16832,ddr2 t654m,ddr2 t654m,ddr2|t654m,,"{""parenthetical"": [], ""dropped"": [], ""mutations"": [""mutant""], ""mutation_classes"": [""NONE""]}",NONE,[],9606,
delta - ( 9 ) - desaturase,CHEMBL5555,O00767,delta desaturase 9|delta desaturase9|desaturase9|delta desaturase-9|desaturase-9|9,delta desaturase 9|delta desaturase9|desaturase9|delta desaturase-9|desaturase-9|9,delta|desaturase|9|desaturase9|desaturase-9,,"{""parenthetical"": [""9""], ""dropped"": [], ""mutations"": [], ""mutation_classes"": []}",,[],9606,
delta - 5 desaturase,CHEMBL5840,O60427,delta 5 desaturase|delta-5 desaturase|delta-5|delta5 desaturase|delta5,delta 5 desaturase|delta-5 desaturase|delta-5|delta5 desaturase|delta5,delta|5|desaturase|delta-5|delta5,,"{""parenthetical"": [], ""dropped"": [], ""mutations"": [], ""mutation_classes"": []}",,[],9606,
delta - 9 - desaturase,CHEMBL5555,O00767,delta 9 desaturase|delta-9-desaturase|delta9desaturase|delta9 desaturase|delta9|delta-9 desaturase|delta-9,delta 9 desaturase|delta-9-desaturase|delta9desaturase|delta9 desaturase|delta9|delta-9 desaturase|delta-9,delta|9|desaturase|delta-9-desaturase|delta9desaturase|delta9|delta-9,,"{""parenthetical"": [], ""dropped"": [], ""mutations"": [], ""mutation_classes"": []}",,[],9606,
delta - opioid receptor,CHEMBL236,P41143,delta opioid|delta-opioid|deltaopioid,delta opioid receptor|delta-opioid receptor|delta-opioid|deltaopioid receptor|deltaopioid,delta|opioid|delta-opioid|deltaopioid,dor oprd1 oprm1 oprk1 oprl1,"{""parenthetical"": [], ""dropped"": [""receptor""], ""mutations"": [], ""mutation_classes"": []}",,[],9606,
delta opioid receptor,CHEMBL3222,P32300,delta opioid,delta opioid receptor,delta|opioid,dor oprd1 oprm1 oprk1 oprl1,"{""parenthetical"": [], ""dropped"": [""receptor""], ""mutations"": [], ""mutation_classes"": []}",,[],9606,
delta opioid receptor,CHEMBL269,P33533,delta opioid,delta opioid receptor,delta|opioid,dor oprd1 oprm1 oprk1 oprl1,"{""parenthetical"": [], ""dropped"": [""receptor""], ""mutations"": [], ""mutation_classes"": []}",,[],9606,
delta opioid receptor,CHEMBL236,P41143,delta opioid,delta opioid receptor,delta|opioid,dor oprd1 oprm1 oprk1 oprl1,"{""parenthetical"": [], ""dropped"": [""receptor""], ""mutations"": [], ""mutation_classes"": []}",,[],9606,
delta opioid receptor delta 1,CHEMBL3222,P32300,delta opioid delta 1|delta opioid delta1|delta1|delta opioid delta-1|delta-1,delta opioid receptor 1|delta1|delta-1,delta|opioid|1|delta1|delta-1,dor oprd1 oprm1 oprk1 oprl1,"{""parenthetical"": [], ""dropped"": [""receptor""], ""mutations"": [], ""mutation_classes"": []}",,[],9606,
dfrb type dihydrofolate reductase,CHEMBL1681620,P0A017,dfrb type dihydrofolate reductase,dfrb type dihydrofolate reductase,dfrb|type|dihydrofolate|reductase,,"{""parenthetical"": [], ""dropped"": [], ""mutations"": [], ""mutation_classes"": []}",,[],9606,
dgat,CHEMBL6129,Q9ERM3,dgat,dgat,dgat,,"{""parenthetical"": [], ""dropped"": [], ""mutations"": [], ""mutation_classes"": []}",,[],9606,
dgat1,CHEMBL6009,O75907,dgat1,dgat1,dgat1,,"{""parenthetical"": [], ""dropped"": [], ""mutations"": [], ""mutation_classes"": []}",,[],9606,
dgat1,CHEMBL6129,Q9ERM3,dgat1,dgat1,dgat1,,"{""parenthetical"": [], ""dropped"": [], ""mutations"": [], ""mutation_classes"": []}",,[],9606,
dgat1,CHEMBL1075284,Q9Z2A7,dgat1,dgat1,dgat1,,"{""parenthetical"": [], ""dropped"": [], ""mutations"": [], ""mutation_classes"": []}",,[],9606,
dgat2,CHEMBL5853,Q96PD7,dgat2,dgat2,dgat2,,"{""parenthetical"": [], ""dropped"": [], ""mutations"": [], ""mutation_classes"": []}",,[],9606,
dhfr,CHEMBL5457,O30463,dhfr,dhfr,dhfr,,"{""parenthetical"": [], ""dropped"": [], ""mutations"": [], ""mutation_classes"": []}",,[],9606,
dhfr,CHEMBL202,P00374,dhfr,dhfr,dhfr,,"{""parenthetical"": [], ""dropped"": [], ""mutations"": [], ""mutation_classes"": []}",,[],9606,
dhfr,CHEMBL1075051,P00376,dhfr,dhfr,dhfr,,"{""parenthetical"": [], ""dropped"": [], ""mutations"": [], ""mutation_classes"": []}",,[],9606,
dhfr,CHEMBL2575,P00378,dhfr,dhfr,dhfr,,"{""parenthetical"": [], ""dropped"": [], ""mutations"": [], ""mutation_classes"": []}",,[],9606,
dhfr,CHEMBL2902,P00381,dhfr,dhfr,dhfr,,"{""parenthetical"": [], ""dropped"": [], ""mutations"": [], ""mutation_classes"": []}",,[],9606,
dhfr,CHEMBL1681620,P0A017,dhfr,dhfr,dhfr,,"{""parenthetical"": [], ""dropped"": [], ""mutations"": [], ""mutation_classes"": []}",,[],9606,
dhfr,CHEMBL1809,P0ABQ4,dhfr,dhfr,dhfr,,"{""parenthetical"": [], ""dropped"": [], ""mutations"": [], ""mutation_classes"": []}",,[],9606,
dhfr,CHEMBL1926,P16184,dhfr,dhfr,dhfr,,"{""parenthetical"": [], ""dropped"": [], ""mutations"": [], ""mutation_classes"": []}",,[],9606,
dhfr,CHEMBL2329,P22906,dhfr,dhfr,dhfr,,"{""parenthetical"": [], ""dropped"": [], ""mutations"": [], ""mutation_classes"": []}",,[],9606,
dhfr,CHEMBL6065,P9WNX1,dhfr,dhfr,dhfr,,"{""parenthetical"": [], ""dropped"": [], ""mutations"": [], ""mutation_classes"": []}",,[],9606,
dhfr,CHEMBL2425,Q07422,dhfr,dhfr,dhfr,,"{""parenthetical"": [], ""dropped"": [], ""mutations"": [], ""mutation_classes"": []}",,[],9606,
dhfr - ts,CHEMBL2425,Q07422,dhfr ts|dhfr-ts|dhfrts,dhfr ts|dhfr-ts|dhfrts,dhfr|ts|dhfr-ts|dhfrts,,"{""parenthetical"": [], ""dropped"": [], ""mutations"": [], ""mutation_classes"": []}",,[],9606,
dhfr ),CHEMBL5457,O30463,dhfr ),dhfr ),dhfr|),,"{""parenthetical"": [], ""dropped"": [], ""mutations"": [], ""mutation_classes"": []}",,[],9606,
dhfr ),CHEMBL2902,P00381,dhfr ),dhfr ),dhfr|),,"{""parenthetical"": [], ""dropped"": [], ""mutations"": [], ""mutation_classes"": []}",,[],9606,
dhfr ),CHEMBL3565,P04174,dhfr ),dhfr ),dhfr|),,"{""parenthetical"": [], ""dropped"": [], ""mutations"": [], ""mutation_classes"": []}",,[],9606,
dhfr ),CHEMBL1809,P0ABQ4,dhfr ),dhfr ),dhfr|),,"{""parenthetical"": [], ""dropped"": [], ""mutations"": [], ""mutation_classes"": []}",,[],9606,
dhfr ),CHEMBL1926,P16184,dhfr ),dhfr ),dhfr|),,"{""parenthetical"": [], ""dropped"": [], ""mutations"": [], ""mutation_classes"": []}",,[],9606,
dhfr ),CHEMBL2329,P22906,dhfr ),dhfr ),dhfr|),,"{""parenthetical"": [], ""dropped"": [], ""mutations"": [], ""mutation_classes"": []}",,[],9606,
dhfr ),CHEMBL2425,Q07422,dhfr ),dhfr ),dhfr|),,"{""parenthetical"": [], ""dropped"": [], ""mutations"": [], ""mutation_classes"": []}",,[],9606,
dhfr *,CHEMBL1926,P16184,dhfr *,dhfr *,dhfr|*,,"{""parenthetical"": [], ""dropped"": [], ""mutations"": [], ""mutation_classes"": []}",,[],9606,
dhfr *,CHEMBL2425,Q07422,dhfr *,dhfr *,dhfr|*,,"{""parenthetical"": [], ""dropped"": [], ""mutations"": [], ""mutation_classes"": []}",,[],9606,
dhfr f98y / h149r double mutant,CHEMBL1681620,P0A017,dhfr f98y h149r double,dhfr f98y h149r double,dhfr|f98y|h149r|double,,"{""parenthetical"": [], ""dropped"": [], ""mutations"": [""mutant""], ""mutation_classes"": [""NONE""]}",NONE,[],9606,
dhfr f98y mutant,CHEMBL1681620,P0A017,dhfr f98y,dhfr f98y,dhfr|f98y,,"{""parenthetical"": [], ""dropped"": [], ""mutations"": [""mutant""], ""mutation_classes"": [""NONE""]}",NONE,[],9606,
dhfr h149r mutant,CHEMBL1681620,P0A017,dhfr h149r,dhfr h149r,dhfr|h149r,,"{""parenthetical"": [], ""dropped"": [], ""mutations"": [""mutant""], ""mutation_classes"": [""NONE""]}",NONE,[],9606,
dhfr h30n / f98y mutant,CHEMBL1681620,P0A017,dhfr h30n f98y,dhfr h30n f98y,dhfr|h30n|f98y,,"{""parenthetical"": [], ""dropped"": [], ""mutations"": [""mutant""], ""mutation_classes"": [""NONE""]}",NONE,[],9606,
dhfr h30n mutant,CHEMBL1681620,P0A017,dhfr h30n,dhfr h30n,dhfr|h30n,,"{""parenthetical"": [], ""dropped"": [], ""mutations"": [""mutant""], ""mutation_classes"": [""NONE""]}",NONE,[],9606,
dhodh,CHEMBL2991,O35435,dhodh,dhodh,dhodh,,"{""parenthetical"": [], ""dropped"": [], ""mutations"": [], ""mutation_classes"": []}",,[],9606,
dhodh,CHEMBL1966,Q02127,dhodh,dhodh,dhodh,,"{""parenthetical"": [], ""dropped"": [], ""mutations"": [], ""mutation_classes"": []}",,[],9606,
dhodh,CHEMBL3486,Q54A96,dhodh,dhodh,dhodh,,"{""parenthetical"": [], ""dropped"": [], ""mutations"": [], ""mutation_classes"": []}",,[],9606,
dhodh,CHEMBL2383,Q63707,dhodh,dhodh,dhodh,,"{""parenthetical"": [], ""dropped"": [], ""mutations"": [], ""mutation_classes"": []}",,[],9606,
diapophytoene desaturase,CHEMBL3813586,O07855,diapophytoene desaturase,diapophytoene desaturase,diapophytoene|desaturase,,"{""parenthetical"": [], ""dropped"": [], ""mutations"": [], ""mutation_classes"": []}",,[],9606,
dihydro folate reductase,CHEMBL2902,P00381,dihydro folate reductase,dihydro folate reductase,dihydro|folate|reductase,,"{""parenthetical"": [], ""dropped"": [], ""mutations"": [], ""mutation_classes"": []}",,[],9606,
dihydrofolate reductace enzyme,CHEMBL1926,P16184,dihydrofolate reductace enzyme,dihydrofolate reductace enzyme,dihydrofolate|reductace|enzyme,,"{""parenthetical"": [], ""dropped"": [], ""mutations"": [], ""mutation_classes"": []}",,[],9606,
dihydrofolate reductace enzyme carinii,CHEMBL1926,P16184,dihydrofolate reductace enzyme carinii,dihydrofolate reductace enzyme carinii,dihydrofolate|reductace|enzyme|carinii,,"{""parenthetical"": [], ""dropped"": [], ""mutations"": [], ""mutation_classes"": []}",,[],9606,
dihydrofolate reductase,CHEMBL5457,O30463,dihydrofolate reductase,dihydrofolate reductase,dihydrofolate|reductase,,"{""parenthetical"": [], ""dropped"": [], ""mutations"": [], ""mutation_classes"": []}",,[],9606,
dihydrofolate reductase,CHEMBL202,P00374,dihydrofolate reductase,dihydrofolate reductase,dihydrofolate|reductase,,"{""parenthetical"": [], ""dropped"": [], ""mutations"": [], ""mutation_classes"": []}",,[],9606,
dihydrofolate reductase,CHEMBL1075051,P00376,dihydrofolate reductase,dihydrofolate reductase,dihydrofolate|reductase,,"{""parenthetical"": [], ""dropped"": [], ""mutations"": [], ""mutation_classes"": []}",,[],9606,
dihydrofolate reductase,CHEMBL2575,P00378,dihydrofolate reductase,dihydrofolate reductase,dihydrofolate|reductase,,"{""parenthetical"": [], ""dropped"": [], ""mutations"": [], ""mutation_classes"": []}",,[],9606,
dihydrofolate reductase,CHEMBL2902,P00381,dihydrofolate reductase,dihydrofolate reductase,dihydrofolate|reductase,,"{""parenthetical"": [], ""dropped"": [], ""mutations"": [], ""mutation_classes"": []}",,[],9606,
dihydrofolate reductase,CHEMBL3565,P04174,dihydrofolate reductase,dihydrofolate reductase,dihydrofolate|reductase,,"{""parenthetical"": [], ""dropped"": [], ""mutations"": [], ""mutation_classes"": []}",,[],9606,
dihydrofolate reductase,CHEMBL1681620,P0A017,dihydrofolate reductase,dihydrofolate reductase,dihydrofolate|reductase,,"{""parenthetical"": [], ""dropped"": [], ""mutations"": [], ""mutation_classes"": []}",,[],9606,
dihydrofolate reductase,CHEMBL1809,P0ABQ4,dihydrofolate reductase,dihydrofolate reductase,dihydrofolate|reductase,,"{""parenthetical"": [], ""dropped"": [], ""mutations"": [], ""mutation_classes"": []}",,[],9606,
dihydrofolate reductase,CHEMBL1926,P16184,dihydrofolate reductase,dihydrofolate reductase,dihydrofolate|reductase,,"{""parenthetical"": [], ""dropped"": [], ""mutations"": [], ""mutation_classes"": []}",,[],9606,
dihydrofolate reductase,CHEMBL2329,P22906,dihydrofolate reductase,dihydrofolate reductase,dihydrofolate|reductase,,"{""parenthetical"": [], ""dropped"": [], ""mutations"": [], ""mutation_classes"": []}",,[],9606,
dihydrofolate reductase,CHEMBL2425,Q07422,dihydrofolate reductase,dihydrofolate reductase,dihydrofolate|reductase,,"{""parenthetical"": [], ""dropped"": [], ""mutations"": [], ""mutation_classes"": []}",,[],9606,
dihydrofolate reductase,CHEMBL2363,Q920D2,dihydrofolate reductase,dihydrofolate reductase,dihydrofolate|reductase,,"{""parenthetical"": [], ""dropped"": [], ""mutations"": [], ""mutation_classes"": []}",,[],9606,
dihydrofolate reductase ( dhfr ),CHEMBL1809,P0ABQ4,dihydrofolate reductase,dihydrofolate reductase,dihydrofolate|reductase,,"{""parenthetical"": [""dhfr""], ""dropped"": [], ""mutations"": [], ""mutation_classes"": []}",,[],9606,
dihydrofolate reductase ( dhfr ),CHEMBL2425,Q07422,dihydrofolate reductase,dihydrofolate reductase,dihydrofolate|reductase,,"{""parenthetical"": [""dhfr""], ""dropped"": [], ""mutations"": [], ""mutation_classes"": []}",,[],9606,
dihydrofolate reductase ( dhfr ),CHEMBL2363,Q920D2,dihydrofolate reductase,dihydrofolate reductase,dihydrofolate|reductase,,"{""parenthetical"": [""dhfr""], ""dropped"": [], ""mutations"": [], ""mutation_classes"": []}",,[],9606,
dihydrofolate reductase ( dhfr ) enzyme,CHEMBL1681620,P0A017,dihydrofolate reductase enzyme,dihydrofolate reductase enzyme,dihydrofolate|reductase|enzyme,,"{""parenthetical"": [""dhfr""], ""dropped"": [], ""mutations"": [], ""mutation_classes"": []}",,[],9606,
dihydrofolate reductase ),CHEMBL2425,Q07422,dihydrofolate reductase ),dihydrofolate reductase ),dihydrofolate|reductase|),,"{""parenthetical"": [], ""dropped"": [], ""mutations"": [], ""mutation_classes"": []}",,[],9606,
dihydrofolate reductase carinii,CHEMBL1926,P16184,dihydrofolate reductase carinii,dihydrofolate reductase carinii,dihydrofolate|reductase|carinii,,"{""parenthetical"": [], ""dropped"": [], ""mutations"": [], ""mutation_classes"": []}",,[],9606,
dihydrofolate reductase dhfr,CHEMBL2425,Q07422,dihydrofolate reductase dhfr,dihydrofolate reductase dhfr,dihydrofolate|reductase|dhfr,,"{""parenthetical"": [], ""dropped"": [], ""mutations"": [], ""mutation_classes"": []}",,[],9606,
dihydrofolate reductase dihydrofolate reductase,CHEMBL1926,P16184,dihydrofolate reductase dihydrofolate reductase,dihydrofolate reductase,dihydrofolate|reductase,,"{""parenthetical"": [], ""dropped"": [], ""mutations"": [], ""mutation_classes"": []}",,[],9606,
dihydrofolate reductase enzyme,CHEMBL1809,P0ABQ4,dihydrofolate reductase enzyme,dihydrofolate reductase enzyme,dihydrofolate|reductase|enzyme,,"{""parenthetical"": [], ""dropped"": [], ""mutations"": [], ""mutation_classes"": []}",,[],9606,
dihydrofolate reductase f98y mutant,CHEMBL1681620,P0A017,dihydrofolate reductase f98y,dihydrofolate reductase f98y,dihydrofolate|reductase|f98y,,"{""parenthetical"": [], ""dropped"": [], ""mutations"": [""mutant""], ""mutation_classes"": [""NONE""]}",NONE,[],9606,
dihydrofolate reductase gondii,CHEMBL2425,Q07422,dihydrofolate reductase gondii,dihydrofolate reductase gondii,dihydrofolate|reductase|gondii,,"{""parenthetical"": [], ""dropped"": [], ""mutations"": [], ""mutation_classes"": []}",,[],9606,
dihydrofolate reductase inhibitor,CHEMBL1809,P0ABQ4,dihydrofolate reductase inhibitor,dihydrofolate reductase inhibitor,dihydrofolate|reductase|inhibitor,,"{""parenthetical"": [], ""dropped"": [], ""mutations"": [], ""mutation_classes"": []}",,[],9606,
dihydrofolate reductase of gondii,CHEMBL2425,Q07422,dihydrofolate reductase of gondii,dihydrofolate reductase of gondii,dihydrofolate|reductase|of|gondii,,"{""parenthetical"": [], ""dropped"": [], ""mutations"": [], ""mutation_classes"": []}",,[],9606,
dihydrofolate reductase pneumocystis carinii,CHEMBL1926,P16184,dihydrofolate reductase pneumocystis carinii,dihydrofolate reductase pneumocystis carinii,dihydrofolate|reductase|pneumocystis|carinii,,"{""parenthetical"": [], ""dropped"": [], ""mutations"": [], ""mutation_classes"": []}",,[],9606,
dihydrofolate reductases,CHEMBL1926,P16184,dihydrofolate reductases,dihydrofolate reductases,dihydrofolate|reductases,,"{""parenthetical"": [], ""dropped"": [], ""mutations"": [], ""mutation_classes"": []}",,[],9606,
dihydroorotate dehydrogenase,CHEMBL2991,O35435,dihydroorotate dehydrogenase,dihydroorotate dehydrogenase,dihydroorotate|dehydrogenase,,"{""parenthetical"": [], ""dropped"": [], ""mutations"": [], ""mutation_classes"": []}",,[],9606,
dihydroorotate dehydrogenase,CHEMBL1966,Q02127,dihydroorotate dehydrogenase,dihydroorotate dehydrogenase,dihydroorotate|dehydrogenase,,"{""parenthetical"": [], ""dropped"": [], ""mutations"": [], ""mutation_classes"": []}",,[],9606,
dihydroorotate dehydrogenase,CHEMBL2383,Q63707,dihydroorotate dehydrogenase,dihydroorotate dehydrogenase,dihydroorotate|dehydrogenase,,"{""parenthetical"": [], ""dropped"": [], ""mutations"": [], ""mutation_classes"": []}",,[],9606,
dipeptidyl peptidase iv,CHEMBL284,P27487,dipeptidyl peptidase 4|dipeptidyl peptidase4|peptidase4|dipeptidyl peptidase-4|peptidase-4,dipeptidyl peptidase 4|dipeptidyl peptidase4|peptidase4|dipeptidyl peptidase-4|peptidase-4,dipeptidyl|peptidase|4|peptidase4|peptidase-4,,"{""parenthetical"": [], ""dropped"": [], ""mutations"": [], ""mutation_classes"": []}",,[],9606,
dipeptidyl peptidase iv (,CHEMBL4653,P14740,dipeptidyl peptidase 4 (|dipeptidyl peptidase4 (|peptidase4|dipeptidyl peptidase-4 (|peptidase-4,dipeptidyl peptidase 4 (|dipeptidyl peptidase4 (|peptidase4|dipeptidyl peptidase-4 (|peptidase-4,dipeptidyl|peptidase|4|(|peptidase4|peptidase-4,,"{""parenthetical"": [], ""dropped"": [], ""mutations"": [], ""mutation_classes"": []}",,[],9606,
dipeptidyl peptidase iv ( dp - iv ),CHEMBL4653,P14740,dipeptidyl peptidase 4 dp 4|dipeptidyl peptidase 4 dp-4|dp-4|dipeptidyl peptidase 4 dp4|dp4|dipeptidyl peptidase4 dp 4|peptidase4|dipeptidyl peptidase-4 dp 4|peptidase-4|dp - 4,dipeptidyl peptidase 4 dp|dp-4|dp4|dipeptidyl peptidase4 dp|peptidase4|dipeptidyl peptidase-4 dp|peptidase-4|dp - 4,dipeptidyl|peptidase|4|dp|dp-4|dp4|peptidase4|peptidase-4,dp1 ptgdr,"{""parenthetical"": [""dp - 4""], ""dropped"": [], ""mutations"": [], ""mutation_classes"": []}",,[],9606,
dipeptidylpeptidase iv,CHEMBL284,P27487,dipeptidylpeptidase 4|dipeptidylpeptidase4|dipeptidylpeptidase-4,dipeptidylpeptidase 4|dipeptidylpeptidase4|dipeptidylpeptidase-4,dipeptidylpeptidase|4|dipeptidylpeptidase4|dipeptidylpeptidase-4,,"{""parenthetical"": [], ""dropped"": [], ""mutations"": [], ""mutation_classes"": []}",,[],9606,
dlk,CHEMBL5671,P80370,dlk,dlk,dlk,,"{""parenthetical"": [], ""dropped"": [], ""mutations"": [], ""mutation_classes"": []}",,[],9606,
dlk,CHEMBL1908389,Q12852,dlk,dlk,dlk,,"{""parenthetical"": [], ""dropped"": [], ""mutations"": [], ""mutation_classes"": []}",,[],9606,
dmpk,CHEMBL5320,Q09013,dmpk,dmpk,dmpk,,"{""parenthetical"": [], ""dropped"": [], ""mutations"": [], ""mutation_classes"": []}",,[],9606,
dmpk2,CHEMBL5615,Q6DT37,dmpk2,dmpk2,dmpk2,,"{""parenthetical"": [], ""dropped"": [], ""mutations"": [], ""mutation_classes"": []}",,[],9606,
dna - dependent protein kinase,CHEMBL3142,P78527,dna dependent kinase|dna-dependent kinase|dna-dependent|dnadependent kinase|dnadependent,dna dependent protein kinase|dna-dependent protein kinase|dna-dependent|dnadependent protein kinase|dnadependent,dna|dependent|kinase|dna-dependent|dnadependent,,"{""parenthetical"": [], ""dropped"": [""protein""], ""mutations"": [], ""mutation_classes"": []}",,[],9606,
dna - dependent protein kinase ( dna - pk ),CHEMBL3142,P78527,dna dependent kinase|dna-dependent kinase|dna-dependent|dnadependent kinase|dnadependent,dna dependent protein kinase|dna-dependent protein kinase|dna-dependent|dnadependent protein kinase|dnadependent,dna|dependent|kinase|dna-dependent|dnadependent,,"{""parenthetical"": [""dna - pk""], ""dropped"": [""protein""], ""mutations"": [], ""mutation_classes"": []}",,[],9606,
dna - dependent protein kinase receptor,CHEMBL3142,P78527,dna dependent kinase|dna-dependent kinase|dna-dependent|dnadependent kinase|dnadependent,dna dependent protein kinase receptor|dna-dependent protein kinase receptor|dna-dependent|dnadependent protein kinase receptor|dnadependent,dna|dependent|kinase|dna-dependent|dnadependent,,"{""parenthetical"": [], ""dropped"": [""protein"", ""receptor""], ""mutations"": [], ""mutation_classes"": []}",,[],9606,
dna - pk,CHEMBL3142,P78527,dna pk|dna-pk|dnapk,dna pk|dna-pk|dnapk,dna|pk|dna-pk|dnapk,,"{""parenthetical"": [], ""dropped"": [], ""mutations"": [], ""mutation_classes"": []}",,[],9606,
dna - pk ),CHEMBL3142,P78527,dna pk )|dna-pk )|dna-pk|dnapk )|dnapk,dna pk )|dna-pk )|dna-pk|dnapk )|dnapk,dna|pk|)|dna-pk|dnapk,,"{""parenthetical"": [], ""dropped"": [], ""mutations"": [], ""mutation_classes"": []}",,[],9606,
dna - pk catalytic subunit,CHEMBL3142,P78527,dna pk catalytic|dna-pk catalytic|dna-pk|dnapk catalytic|dnapk,dna pk catalytic subunit|dna-pk catalytic subunit|dna-pk|dnapk catalytic subunit|dnapk,dna|pk|catalytic|dna-pk|dnapk,,"{""parenthetical"": [], ""dropped"": [""subunit""], ""mutations"": [], ""mutation_classes"": []}",,[],9606,
dna dependent protein kinase,CHEMBL3142,P78527,dna dependent kinase,dna dependent protein kinase,dna|dependent|kinase,,"{""parenthetical"": [], ""dropped"": [""protein""], ""mutations"": [], ""mutation_classes"": []}",,[],9606,
dna gyrase b,CHEMBL1921666,P0A0K8,dna gyrase b,dna gyrase b,dna|gyrase|b,,"{""parenthetical"": [], ""dropped"": [], ""mutations"": [], ""mutation_classes"": []}",,[],9606,
dna gyrase b,CHEMBL1826,P0AES6,dna gyrase b,dna gyrase b,dna|gyrase|b,,"{""parenthetical"": [], ""dropped"": [], ""mutations"": [], ""mutation_classes"": []}",,[],9606,
dna gyrase b,CHEMBL3085613,P0C559,dna gyrase b,dna gyrase b,dna|gyrase|b,,"{""parenthetical"": [], ""dropped"": [], ""mutations"": [], ""mutation_classes"": []}",,[],9606,
dna gyraseb,CHEMBL1921666,P0A0K8,dna gyraseb,dna gyraseb,dna|gyraseb,,"{""parenthetical"": [], ""dropped"": [], ""mutations"": [], ""mutation_classes"": []}",,[],9606,
dna gyrb,CHEMBL3085613,P0C559,dna gyrb,dna gyrb,dna|gyrb,,"{""parenthetical"": [], ""dropped"": [], ""mutations"": [], ""mutation_classes"": []}",,[],9606,
dna gyrb domain,CHEMBL3085613,P0C559,dna gyrb domain,dna gyrb domain,dna|gyrb|domain,,"{""parenthetical"": [], ""dropped"": [], ""mutations"": [], ""mutation_classes"": []}",,[],9606,
dna polymerase alpha,CHEMBL1828,P09884,dna polymerase alpha,dna polymerase alpha,dna|polymerase|alpha,,"{""parenthetical"": [], ""dropped"": [], ""mutations"": [], ""mutation_classes"": []}",,[],9606,
dna topoisomerase - 2alpha,CHEMBL1806,P11388,dna topoisomerase 2alpha|dna topoisomerase-2alpha|topoisomerase-2alpha|dna topoisomerase2alpha|topoisomerase2alpha,dna topoisomerase 2alpha|dna topoisomerase-2alpha|topoisomerase-2alpha|dna topoisomerase2alpha|topoisomerase2alpha,dna|topoisomerase|2alpha|topoisomerase-2alpha|topoisomerase2alpha,,"{""parenthetical"": [], ""dropped"": [], ""mutations"": [], ""mutation_classes"": []}",,[],9606,
dna topoisomerase 2alpha,CHEMBL1806,P11388,dna topoisomerase 2alpha,dna topoisomerase 2alpha,dna|topoisomerase|2alpha,,"{""parenthetical"": [], ""dropped"": [], ""mutations"": [], ""mutation_classes"": []}",,[],9606,
dna topoisomerase 2beta,CHEMBL3396,Q02880,dna topoisomerase 2beta,dna topoisomerase 2beta,dna|topoisomerase|2beta,,"{""parenthetical"": [], ""dropped"": [], ""mutations"": [], ""mutation_classes"": []}",,[],9606,
dnase gamma,CHEMBL1649048,Q13609,dnase gamma,dnase gamma,dnase|gamma,,"{""parenthetical"": [], ""dropped"": [], ""mutations"": [], ""mutation_classes"": []}",,[],9606,
dnmt1,CHEMBL1993,P26358,dnmt1,dnmt1,dnmt1,,"{""parenthetical"": [], ""dropped"": [], ""mutations"": [], ""mutation_classes"": []}",,[],9606,
dnmt3b,CHEMBL6095,Q9UBC3,dnmt3b,dnmt3b,dnmt3b,,"{""parenthetical"": [], ""dropped"": [], ""mutations"": [], ""mutation_classes"": []}",,[],9606,
dnmt3b2,CHEMBL6095,Q9UBC3,dnmt3b2,dnmt3b2,dnmt3b2,,"{""parenthetical"": [], ""dropped"": [], ""mutations"": [], ""mutation_classes"": []}",,[],9606,
dopamine ( d2 ) receptor,CHEMBL339,P61169,dopamine d2|d2,dopamine receptor d2|d2,dopamine|d2,drd2 drd1 drd3 drd4 drd5,"{""parenthetical"": [""d2""], ""dropped"": [""receptor""], ""mutations"": [], ""mutation_classes"": []}",,[],9606,
dopamine d1 receptor,CHEMBL265,P18901,dopamine d1,dopamine d1 receptor,dopamine|d1,drd1,"{""parenthetical"": [], ""dropped"": [""receptor""], ""mutations"": [], ""mutation_classes"": []}",,[],9606,
dopamine d1 receptor,CHEMBL2056,P21728,dopamine d1,dopamine d1 receptor,dopamine|d1,drd1,"{""parenthetical"": [], ""dropped"": [""receptor""], ""mutations"": [], ""mutation_classes"": []}",,[],9606,
dopamine d1 receptor,CHEMBL5067,P50130,dopamine d1,dopamine d1 receptor,dopamine|d1,drd1,"{""parenthetical"": [], ""dropped"": [""receptor""], ""mutations"": [], ""mutation_classes"": []}",,[],9606,
dopamine d2,CHEMBL217,P14416,dopamine d2,dopamine d2,dopamine|d2,drd2,"{""parenthetical"": [], ""dropped"": [], ""mutations"": [], ""mutation_classes"": []}",,[],9606,
dopamine d2 ( high,CHEMBL217,P14416,dopamine d2 ( high,dopamine d2 ( high,dopamine|d2|(|high,drd2,"{""parenthetical"": [], ""dropped"": [], ""mutations"": [], ""mutation_classes"": []}",,[],9606,
dopamine d2 ( high ) receptor,CHEMBL217,P14416,dopamine d2,dopamine d2,dopamine|d2,drd2,"{""parenthetical"": [""high""], ""dropped"": [], ""mutations"": [], ""mutation_classes"": []}",,"[""dopamine\\s+d2\\s+receptor""]",9606,
dopamine d2 ( long ) receptor,CHEMBL217,P14416,dopamine d2,dopamine d2,dopamine|d2,drd2,"{""parenthetical"": [""long""], ""dropped"": [], ""mutations"": [], ""mutation_classes"": []}",,"[""dopamine\\s+d2\\s+receptor""]",9606,
dopamine d2 ( low,CHEMBL217,P14416,dopamine d2 ( low,dopamine d2 ( low,dopamine|d2|(|low,drd2,"{""parenthetical"": [], ""dropped"": [], ""mutations"": [], ""mutation_classes"": []}",,[],9606,
dopamine d2 ( low ) receptor,CHEMBL217,P14416,dopamine d2 low|low,dopamine d2 low|low,dopamine|d2|low,drd2,"{""parenthetical"": [""low""], ""dropped"": [], ""mutations"": [], ""mutation_classes"": []}",,"[""dopamine\\s+d2\\s+receptor""]",9606,
dopamine d2 ( short,CHEMBL217,P14416,dopamine d2 ( short,dopamine d2 ( short,dopamine|d2|(|short,drd2,"{""parenthetical"": [], ""dropped"": [], ""mutations"": [], ""mutation_classes"": []}",,[],9606,
dopamine d2 ( short ) receptor,CHEMBL217,P14416,dopamine d2,dopamine d2,dopamine|d2,drd2,"{""parenthetical"": [""short""], ""dropped"": [], ""mutations"": [], ""mutation_classes"": []}",,"[""dopamine\\s+d2\\s+receptor""]",9606,
dopamine d2 long receptor,CHEMBL217,P14416,dopamine d2 long,dopamine d2 long receptor,dopamine|d2|long,drd2,"{""parenthetical"": [], ""dropped"": [""receptor""], ""mutations"": [], ""mutation_classes"": []}",,[],9606,
dopamine d2 receptor,CHEMBL217,P14416,dopamine d2,dopamine d2,dopamine|d2,drd2,"{""parenthetical"": [], ""dropped"": [], ""mutations"": [], ""mutation_classes"": []}",,"[""dopamine\\s+d2\\s+receptor""]",9606,
dopamine d2 receptor,CHEMBL339,P61169,dopamine d2,dopamine d2,dopamine|d2,drd2,"{""parenthetical"": [], ""dropped"": [], ""mutations"": [], ""mutation_classes"": []}",,"[""dopamine\\s+d2\\s+receptor""]",9606,
dopamine d2 receptor long isoform,CHEMBL217,P14416,dopamine d2 long,dopamine d2 long isoform,dopamine|d2|long,drd2,"{""parenthetical"": [], ""dropped"": [""isoform""], ""mutations"": [], ""mutation_classes"": []}",,"[""dopamine\\s+d2\\s+receptor""]",9606,
dopamine d2 receptor short form,CHEMBL217,P14416,dopamine d2 short form,dopamine d2 short form,dopamine|d2|short|form,drd2,"{""parenthetical"": [], ""dropped"": [], ""mutations"": [], ""mutation_classes"": []}",,"[""dopamine\\s+d2\\s+receptor""]",9606,
dopamine d2 receptors,CHEMBL339,P61169,dopamine d2s,dopamine d2s,dopamine|d2s,drd2,"{""parenthetical"": [], ""dropped"": [], ""mutations"": [], ""mutation_classes"": []}",,"[""dopamine\\s+d2\\s+receptor""]",9606,
dopamine d2 short receptor,CHEMBL217,P14416,dopamine d2 short,dopamine d2 short receptor,dopamine|d2|short,drd2,"{""parenthetical"": [], ""dropped"": [""receptor""], ""mutations"": [], ""mutation_classes"": []}",,[],9606,
dopamine d2l receptor,CHEMBL217,P14416,dopamine d2l,dopamine d2l receptor,dopamine|d2l,drd2,"{""parenthetical"": [], ""dropped"": [""receptor""], ""mutations"": [], ""mutation_classes"": []}",,[],9606,
dopamine d2s receptor,CHEMBL217,P14416,dopamine d2s,dopamine d2s receptor,dopamine|d2s,drd2,"{""parenthetical"": [], ""dropped"": [""receptor""], ""mutations"": [], ""mutation_classes"": []}",,[],9606,
dopamine d3 opioid receptor,CHEMBL234,P35462,dopamine d3 opioid,dopamine d3 opioid receptor,dopamine|d3|opioid,oprm1 oprk1 oprd1 oprl1 drd3,"{""parenthetical"": [], ""dropped"": [""receptor""], ""mutations"": [], ""mutation_classes"": []}",,[],9606,
dopamine d3 receptor,CHEMBL3138,P19020,dopamine d3,dopamine d3 receptor,dopamine|d3,drd3,"{""parenthetical"": [], ""dropped"": [""receptor""], ""mutations"": [], ""mutation_classes"": []}",,[],9606,
dopamine d3 receptor,CHEMBL234,P35462,dopamine d3,dopamine d3 receptor,dopamine|d3,drd3,"{""parenthetical"": [], ""dropped"": [""receptor""], ""mutations"": [], ""mutation_classes"": []}",,[],9606,
dopamine d3 receptor s5,CHEMBL234,P35462,dopamine d3 s5,dopamine d3 receptor s5,dopamine|d3|s5,drd3,"{""parenthetical"": [], ""dropped"": [""receptor""], ""mutations"": [], ""mutation_classes"": []}",,[],9606,
dopamine d3 receptor v2,CHEMBL234,P35462,dopamine d3 v2,dopamine d3 receptor v2,dopamine|d3|v2,drd3,"{""parenthetical"": [], ""dropped"": [""receptor""], ""mutations"": [], ""mutation_classes"": []}",,[],9606,
dopamine d3 receptors,CHEMBL3138,P19020,dopamine d3 receptors,dopamine d3 receptors,dopamine|d3|receptors,drd3,"{""parenthetical"": [], ""dropped"": [], ""mutations"": [], ""mutation_classes"": []}",,[],9606,
dopamine d4 . 2 receptor,CHEMBL219,P21917,dopamine d4.2,dopamine d4.2 receptor,dopamine|d4.2,drd4,"{""parenthetical"": [], ""dropped"": [""receptor""], ""mutations"": [], ""mutation_classes"": []}",,[],9606,
dopamine d4 . 4,CHEMBL219,P21917,dopamine d4.4,dopamine d4.4,dopamine|d4.4,drd4,"{""parenthetical"": [], ""dropped"": [], ""mutations"": [], ""mutation_classes"": []}",,[],9606,
dopamine d4 . 4 receptor,CHEMBL219,P21917,dopamine d4.4,dopamine d4.4 receptor,dopamine|d4.4,drd4,"{""parenthetical"": [], ""dropped"": [""receptor""], ""mutations"": [], ""mutation_classes"": []}",,[],9606,
dopamine d4 receptor,CHEMBL219,P21917,dopamine d4,dopamine d4 receptor,dopamine|d4,drd4,"{""parenthetical"": [], ""dropped"": [""receptor""], ""mutations"": [], ""mutation_classes"": []}",,[],9606,
dopamine d5 receptor,CHEMBL1850,P21918,dopamine d5,dopamine d5 receptor,dopamine|d5,drd5,"{""parenthetical"": [], ""dropped"": [""receptor""], ""mutations"": [], ""mutation_classes"": []}",,[],9606,
dopamine receptor 2 ( long ),CHEMBL217,P14416,dopamine 2|receptor2|receptor-2,dopamine receptor 2|dopamine receptor2|receptor2|dopamine receptor-2|receptor-2,dopamine|2|receptor2|receptor-2,drd1 drd2 drd3 drd4 drd5,"{""parenthetical"": [""long""], ""dropped"": [""receptor""], ""mutations"": [], ""mutation_classes"": []}",,[],9606,
dopamine receptor 2 ( short ),CHEMBL217,P14416,dopamine 2|receptor2|receptor-2,dopamine receptor 2|dopamine receptor2|receptor2|dopamine receptor-2|receptor-2,dopamine|2|receptor2|receptor-2,drd1 drd2 drd3 drd4 drd5,"{""parenthetical"": [""short""], ""dropped"": [""receptor""], ""mutations"": [], ""mutation_classes"": []}",,[],9606,
dopamine receptor 2 long,CHEMBL217,P14416,dopamine 2 long|receptor2|receptor-2,dopamine receptor 2 long|dopamine receptor2 long|receptor2|dopamine receptor-2 long|receptor-2,dopamine|2|long|receptor2|receptor-2,drd1 drd2 drd3 drd4 drd5,"{""parenthetical"": [], ""dropped"": [""receptor""], ""mutations"": [], ""mutation_classes"": []}",,[],9606,
dopamine receptor 2 long,CHEMBL2056,P21728,dopamine 2 long|receptor2|receptor-2,dopamine receptor 2 long|dopamine receptor2 long|receptor2|dopamine receptor-2 long|receptor-2,dopamine|2|long|receptor2|receptor-2,drd1 drd2 drd3 drd4 drd5,"{""parenthetical"": [], ""dropped"": [""receptor""], ""mutations"": [], ""mutation_classes"": []}",,[],9606,
dopamine receptor 4 . 4,CHEMBL219,P21917,dopamine 4.4,dopamine receptor 4.4,dopamine|4.4,drd4 drd1 drd2 drd3 drd5,"{""parenthetical"": [], ""dropped"": [""receptor""], ""mutations"": [], ""mutation_classes"": []}",,[],9606,
dopamine receptor d 4 . 4,CHEMBL219,P21917,,,dopamine|d|4.4,,"{""parenthetical"": [], ""dropped"": [""receptor""], ""mutations"": [], ""mutation_classes"": []}",,[],9606,
dopamine receptor d1,CHEMBL265,P18901,dopamine d1,dopamine receptor d1,dopamine|d1,drd1 drd2 drd3 drd4 drd5,"{""parenthetical"": [], ""dropped"": [""receptor""], ""mutations"": [], ""mutation_classes"": []}",,[],9606,
dopamine receptor d1,CHEMBL2056,P21728,dopamine d1,dopamine receptor d1,dopamine|d1,drd1 drd2 drd3 drd4 drd5,"{""parenthetical"": [], ""dropped"": [""receptor""], ""mutations"": [], ""mutation_classes"": []}",,[],9606,
dopamine receptor d2,CHEMBL217,P14416,dopamine d2,dopamine receptor d2,dopamine|d2,drd2 drd1 drd3 drd4 drd5,"{""parenthetical"": [], ""dropped"": [""receptor""], ""mutations"": [], ""mutation_classes"": []}",,[],9606,
dopamine receptor d2,CHEMBL339,P61169,dopamine d2,dopamine receptor d2,dopamine|d2,drd2 drd1 drd3 drd4 drd5,"{""parenthetical"": [], ""dropped"": [""receptor""], ""mutations"": [], ""mutation_classes"": []}",,[],9606,
dopamine receptor d2 ( long ),CHEMBL217,P14416,dopamine d2,dopamine receptor d2,dopamine|d2,drd2 drd1 drd3 drd4 drd5,"{""parenthetical"": [""long""], ""dropped"": [""receptor""], ""mutations"": [], ""mutation_classes"": []}",,[],9606,
dopamine receptor d2 ( short ),CHEMBL217,P14416,dopamine d2,dopamine receptor d2,dopamine|d2,drd2 drd1 drd3 drd4 drd5,"{""parenthetical"": [""short""], ""dropped"": [""receptor""], ""mutations"": [], ""mutation_classes"": []}",,[],9606,
dopamine receptor d2 isoform,CHEMBL217,P14416,dopamine d2,dopamine receptor d2 isoform,dopamine|d2,drd2 drd1 drd3 drd4 drd5,"{""parenthetical"": [], ""dropped"": [""receptor"", ""isoform""], ""mutations"": [], ""mutation_classes"": []}",,[],9606,
dopamine receptor d2 isoform long,CHEMBL217,P14416,dopamine d2 long,dopamine receptor d2 isoform long,dopamine|d2|long,drd2 drd1 drd3 drd4 drd5,"{""parenthetical"": [], ""dropped"": [""receptor"", ""isoform""], ""mutations"": [], ""mutation_classes"": []}",,[],9606,
dopamine receptor d2 like,CHEMBL3998,P20288,dopamine d2,dopamine receptor d2 like,dopamine|d2,drd2 drd1 drd3 drd4 drd5,"{""parenthetical"": [], ""dropped"": [""receptor"", ""like""], ""mutations"": [], ""mutation_classes"": []}",,[],9606,
dopamine receptor d2 long,CHEMBL217,P14416,dopamine d2 long,dopamine receptor d2 long,dopamine|d2|long,drd2 drd1 drd3 drd4 drd5,"{""parenthetical"": [], ""dropped"": [""receptor""], ""mutations"": [], ""mutation_classes"": []}",,[],9606,
dopamine receptor d2l,CHEMBL217,P14416,dopamine d2l,dopamine receptor d2l,dopamine|d2l,drd2 drd1 drd3 drd4 drd5,"{""parenthetical"": [], ""dropped"": [""receptor""], ""mutations"": [], ""mutation_classes"": []}",,[],9606,
dopamine receptor d2s,CHEMBL217,P14416,dopamine d2s,dopamine receptor d2s,dopamine|d2s,drd2 drd1 drd3 drd4 drd5,"{""parenthetical"": [], ""dropped"": [""receptor""], ""mutations"": [], ""mutation_classes"": []}",,[],9606,
dopamine receptor d3,CHEMBL234,P35462,dopamine d3,dopamine receptor d3,dopamine|d3,drd1 drd2 drd3 drd4 drd5,"{""parenthetical"": [], ""dropped"": [""receptor""], ""mutations"": [], ""mutation_classes"": []}",,[],9606,
dopamine receptor d4,CHEMBL219,P21917,dopamine d4,dopamine receptor d4,dopamine|d4,drd1 drd2 drd3 drd4 drd5,"{""parenthetical"": [], ""dropped"": [""receptor""], ""mutations"": [], ""mutation_classes"": []}",,[],9606,
dopamine receptor d4 . 2,CHEMBL219,P21917,dopamine d4.2,dopamine receptor d4.2,dopamine|d4.2,drd1 drd2 drd3 drd4 drd5,"{""parenthetical"": [], ""dropped"": [""receptor""], ""mutations"": [], ""mutation_classes"": []}",,[],9606,
dopamine receptor d4 . 4,CHEMBL219,P21917,dopamine d4.4,dopamine receptor d4.4,dopamine|d4.4,drd1 drd2 drd3 drd4 drd5,"{""parenthetical"": [], ""dropped"": [""receptor""], ""mutations"": [], ""mutation_classes"": []}",,[],9606,
dopamine receptor d5,CHEMBL1850,P21918,dopamine d5,dopamine receptor d5,dopamine|d5,drd1 drd2 drd3 drd4 drd5,"{""parenthetical"": [], ""dropped"": [""receptor""], ""mutations"": [], ""mutation_classes"": []}",,[],9606,
dopamine transporter,CHEMBL238,Q01959,dopamine transporter,dopamine transporter,dopamine|transporter,,"{""parenthetical"": [], ""dropped"": [], ""mutations"": [], ""mutation_classes"": []}",,[],9606,
dopamine transporter ( dat ),CHEMBL338,P23977,dopamine transporter dat|dat,dopamine transporter dat|dat,dopamine|transporter|dat,,"{""parenthetical"": [""dat""], ""dropped"": [], ""mutations"": [], ""mutation_classes"": []}",,[],9606,
dopamine transporter ( hdat ),CHEMBL238,Q01959,dopamine transporter,dopamine transporter,dopamine|transporter,,"{""parenthetical"": [""hdat""], ""dropped"": [], ""mutations"": [], ""mutation_classes"": []}",,[],9606,
dopamine transporters,CHEMBL338,P23977,dopamine transporters,dopamine transporters,dopamine|transporters,,"{""parenthetical"": [], ""dropped"": [], ""mutations"": [], ""mutation_classes"": []}",,[],9606,
dopmaine d2l receptor,CHEMBL217,P14416,dopmaine d2l,dopmaine d2l receptor,dopmaine|d2l,drd2,"{""parenthetical"": [], ""dropped"": [""receptor""], ""mutations"": [], ""mutation_classes"": []}",,[],9606,
dor,CHEMBL3222,P32300,dor,dor,dor,,"{""parenthetical"": [], ""dropped"": [], ""mutations"": [], ""mutation_classes"": []}",,[],9606,
dor,CHEMBL236,P41143,dor,dor,dor,,"{""parenthetical"": [], ""dropped"": [], ""mutations"": [], ""mutation_classes"": []}",,[],9606,
dot1 - like histone h3 methyltransferase,CHEMBL1795117,Q8TEK3,dot1 histone h3 methyltransferase|dot1-like|dot1like,dot1 like histone h3 methyltransferase|dot1-like histone h3 methyltransferase|dot1-like|dot1like histone h3 methyltransferase|dot1like,dot1|histone|h3|methyltransferase|dot1-like|dot1like,,"{""parenthetical"": [], ""dropped"": [""like""], ""mutations"": [], ""mutation_classes"": []}",,[],9606,
dot1l,CHEMBL1795117,Q8TEK3,dot1l,dot1l,dot1l,,"{""parenthetical"": [], ""dropped"": [], ""mutations"": [], ""mutation_classes"": []}",,[],9606,
dp receptor,CHEMBL3933,P70263,dp,dp receptor,dp,dp1 ptgdr,"{""parenthetical"": [], ""dropped"": [""receptor""], ""mutations"": [], ""mutation_classes"": []}",,[],9606,
dpp - 4,CHEMBL284,P27487,dpp 4|dpp-4|dpp4,dpp 4|dpp-4|dpp4,dpp|4|dpp-4|dpp4,,"{""parenthetical"": [], ""dropped"": [], ""mutations"": [], ""mutation_classes"": []}",,[],9606,
dpp - 8,CHEMBL4657,Q6V1X1,dpp 8|dpp-8|dpp8,dpp 8|dpp-8|dpp8,dpp|8|dpp-8|dpp8,,"{""parenthetical"": [], ""dropped"": [], ""mutations"": [], ""mutation_classes"": []}",,[],9606,
dpp - ii,CHEMBL3976,Q9UHL4,dpp 2|dpp-2|dpp2,dpp 2|dpp-2|dpp2,dpp|2|dpp-2|dpp2,,"{""parenthetical"": [], ""dropped"": [], ""mutations"": [], ""mutation_classes"": []}",,[],9606,
dpp1,CHEMBL2252,P53634,dpp1,dpp1,dpp1,,"{""parenthetical"": [], ""dropped"": [], ""mutations"": [], ""mutation_classes"": []}",,[],9606,
dpp2,CHEMBL3976,Q9UHL4,dpp2,dpp2,dpp2,,"{""parenthetical"": [], ""dropped"": [], ""mutations"": [], ""mutation_classes"": []}",,[],9606,
dpp4,CHEMBL4653,P14740,dpp4,dpp4,dpp4,,"{""parenthetical"": [], ""dropped"": [], ""mutations"": [], ""mutation_classes"": []}",,[],9606,
dpp4,CHEMBL284,P27487,dpp4,dpp4,dpp4,,"{""parenthetical"": [], ""dropped"": [], ""mutations"": [], ""mutation_classes"": []}",,[],9606,
dpp4,CHEMBL3883,P28843,dpp4,dpp4,dpp4,,"{""parenthetical"": [], ""dropped"": [], ""mutations"": [], ""mutation_classes"": []}",,[],9606,
dpp8,CHEMBL4657,Q6V1X1,dpp8,dpp8,dpp8,,"{""parenthetical"": [], ""dropped"": [], ""mutations"": [], ""mutation_classes"": []}",,[],9606,
dpp9,CHEMBL4793,Q86TI2,dpp9,dpp9,dpp9,,"{""parenthetical"": [], ""dropped"": [], ""mutations"": [], ""mutation_classes"": []}",,[],9606,
drak1,CHEMBL4525,Q9UEE5,drak1,drak1,drak1,,"{""parenthetical"": [], ""dropped"": [], ""mutations"": [], ""mutation_classes"": []}",,[],9606,
drak2,CHEMBL3980,O94768,drak2,drak2,drak2,,"{""parenthetical"": [], ""dropped"": [], ""mutations"": [], ""mutation_classes"": []}",,[],9606,
drd2 receptor,CHEMBL217,P14416,drd2,drd2 receptor,drd2,drd2,"{""parenthetical"": [], ""dropped"": [""receptor""], ""mutations"": [], ""mutation_classes"": []}",,[],9606,
drd3 receptor,CHEMBL3138,P19020,drd3,drd3 receptor,drd3,drd3,"{""parenthetical"": [], ""dropped"": [""receptor""], ""mutations"": [], ""mutation_classes"": []}",,[],9606,
drd3 receptor,CHEMBL234,P35462,drd3,drd3 receptor,drd3,drd3,"{""parenthetical"": [], ""dropped"": [""receptor""], ""mutations"": [], ""mutation_classes"": []}",,[],9606,
dtmp synthetase,CHEMBL5328,P00469,dtmp synthetase,dtmp synthetase,dtmp|synthetase,,"{""parenthetical"": [], ""dropped"": [], ""mutations"": [], ""mutation_classes"": []}",,[],9606,
dxr,CHEMBL5630,P9WNS1,dxr,dxr,dxr,,"{""parenthetical"": [], ""dropped"": [], ""mutations"": [], ""mutation_classes"": []}",,[],9606,
dyrk1a,CHEMBL2292,Q13627,dyrk1a,dyrk1a,dyrk1a,,"{""parenthetical"": [], ""dropped"": [], ""mutations"": [], ""mutation_classes"": []}",,[],9606,
dyrk1a,CHEMBL5508,Q63470,dyrk1a,dyrk1a,dyrk1a,,"{""parenthetical"": [], ""dropped"": [], ""mutations"": [], ""mutation_classes"": []}",,[],9606,
dyrk1a - gst,CHEMBL5508,Q63470,dyrk1a gst|dyrk1a-gst|dyrk1agst,dyrk1a gst|dyrk1a-gst|dyrk1agst,dyrk1a|gst|dyrk1a-gst|dyrk1agst,,"{""parenthetical"": [], ""dropped"": [], ""mutations"": [], ""mutation_classes"": []}",,[],9606,
dyrk1a kinase,CHEMBL2292,Q13627,dyrk1a kinase,dyrk1a kinase,dyrk1a|kinase,,"{""parenthetical"": [], ""dropped"": [], ""mutations"": [], ""mutation_classes"": []}",,[],9606,
dyrk1b,CHEMBL5543,Q9Y463,dyrk1b,dyrk1b,dyrk1b,,"{""parenthetical"": [], ""dropped"": [], ""mutations"": [], ""mutation_classes"": []}",,[],9606,
dyrk2,CHEMBL4376,Q92630,dyrk2,dyrk2,dyrk2,,"{""parenthetical"": [], ""dropped"": [], ""mutations"": [], ""mutation_classes"": []}",,[],9606,
dyrk3,CHEMBL4575,O43781,dyrk3,dyrk3,dyrk3,,"{""parenthetical"": [], ""dropped"": [], ""mutations"": [], ""mutation_classes"": []}",,[],9606,
dyrk4,CHEMBL1075115,Q9NR20,dyrk4,dyrk4,dyrk4,,"{""parenthetical"": [], ""dropped"": [], ""mutations"": [], ""mutation_classes"": []}",,[],9606,
eaat1,CHEMBL3085,P43003,eaat1,eaat1,eaat1,,"{""parenthetical"": [], ""dropped"": [], ""mutations"": [], ""mutation_classes"": []}",,[],9606,
ece - 1,CHEMBL4791,P42892,ece 1|ece-1|ece1,ece 1|ece-1|ece1,ece|1|ece-1|ece1,,"{""parenthetical"": [], ""dropped"": [], ""mutations"": [], ""mutation_classes"": []}",,[],9606,
ece1,CHEMBL4791,P42892,ece1,ece1,ece1,,"{""parenthetical"": [], ""dropped"": [], ""mutations"": [], ""mutation_classes"": []}",,[],9606,
eck,CHEMBL2068,P29317,eck,eck,eck,,"{""parenthetical"": [], ""dropped"": [], ""mutations"": [], ""mutation_classes"": []}",,[],9606,
edema factor,CHEMBL5396,P40136,edema factor,edema factor,edema|factor,,"{""parenthetical"": [], ""dropped"": [], ""mutations"": [], ""mutation_classes"": []}",,[],9606,
eed,CHEMBL2189117,O75530,eed,eed,eed,,"{""parenthetical"": [], ""dropped"": [], ""mutations"": [], ""mutation_classes"": []}",,[],9606,
eed in prc2 complex,CHEMBL2189117,O75530,eed in prc2 complex,eed in prc2 complex,eed|in|prc2|complex,,"{""parenthetical"": [], ""dropped"": [], ""mutations"": [], ""mutation_classes"": []}",,[],9606,
eef2k,CHEMBL5026,O00418,eef2k,eef2k,eef2k,,"{""parenthetical"": [], ""dropped"": [], ""mutations"": [], ""mutation_classes"": []}",,[],9606,
efgr,CHEMBL203,P00533,efgr,efgr,efgr,,"{""parenthetical"": [], ""dropped"": [], ""mutations"": [], ""mutation_classes"": []}",,[],9606,
eg5,CHEMBL4581,P52732,eg5,eg5,eg5,,"{""parenthetical"": [], ""dropped"": [], ""mutations"": [], ""mutation_classes"": []}",,[],9606,
eg5 a133d mutant,CHEMBL4581,P52732,eg5 a133d,eg5 a133d,eg5|a133d,,"{""parenthetical"": [], ""dropped"": [], ""mutations"": [""mutant""], ""mutation_classes"": [""NONE""]}",NONE,[],9606,
eg5 d130v mutant,CHEMBL4581,P52732,eg5 d130v,eg5 d130v,eg5|d130v,,"{""parenthetical"": [], ""dropped"": [], ""mutations"": [""mutant""], ""mutation_classes"": [""NONE""]}",NONE,[],9606,
eg5 motor,CHEMBL4581,P52732,eg5 motor,eg5 motor,eg5|motor,,"{""parenthetical"": [], ""dropped"": [], ""mutations"": [], ""mutation_classes"": []}",,[],9606,
eg5 motor domain,CHEMBL4581,P52732,eg5 motor domain,eg5 motor domain,eg5|motor|domain,,"{""parenthetical"": [], ""dropped"": [], ""mutations"": [], ""mutation_classes"": []}",,[],9606,
egf receptor,CHEMBL203,P00533,egf,egf receptor,egf,egfr,"{""parenthetical"": [], ""dropped"": [""receptor""], ""mutations"": [], ""mutation_classes"": []}",,[],9606,
egfr,CHEMBL203,P00533,egfr,egfr,egfr,,"{""parenthetical"": [], ""dropped"": [], ""mutations"": [], ""mutation_classes"": []}",,[],9606,
egfr,CHEMBL5331,Q12866,egfr,egfr,egfr,,"{""parenthetical"": [], ""dropped"": [], ""mutations"": [], ""mutation_classes"": []}",,[],9606,
egfr - t790m / l858 mutant,CHEMBL203,P00533,egfr t790m l858|egfr-t790m l858|egfr-t790m|egfrt790m l858|egfrt790m,egfr t790m l858|egfr-t790m l858|egfr-t790m|egfrt790m l858|egfrt790m,egfr|t790m|l858|egfr-t790m|egfrt790m,,"{""parenthetical"": [], ""dropped"": [], ""mutations"": [""mutant""], ""mutation_classes"": [""NONE""]}",NONE,[],9606,
egfr - tk,CHEMBL203,P00533,egfr tk|egfr-tk|egfrtk,egfr tk|egfr-tk|egfrtk,egfr|tk|egfr-tk|egfrtk,,"{""parenthetical"": [], ""dropped"": [], ""mutations"": [], ""mutation_classes"": []}",,[],9606,
egfr ),CHEMBL203,P00533,egfr ),egfr ),egfr|),,"{""parenthetical"": [], ""dropped"": [], ""mutations"": [], ""mutation_classes"": []}",,[],9606,
egfr 19d / t790m / c797s mutant,CHEMBL203,P00533,egfr 19d t790m c797s,egfr 19d t790m c797s,egfr|19d|t790m|c797s,,"{""parenthetical"": [], ""dropped"": [], ""mutations"": [""mutant""], ""mutation_classes"": [""NONE""]}",NONE,[],9606,
egfr a763 _ y764insfhea mutant,CHEMBL203,P00533,egfr a763,egfr a763,egfr|a763,,"{""parenthetical"": [], ""dropped"": [], ""mutations"": [""y764insfhea"", ""mutant""], ""mutation_classes"": [""INDEL_LIKE"", ""NONE""]}",INDEL_LIKE|NONE,[],9606,
egfr cytoplasmic domain,CHEMBL203,P00533,egfr cytoplasmic domain,egfr cytoplasmic domain,egfr|cytoplasmic|domain,,"{""parenthetical"": [], ""dropped"": [], ""mutations"": [], ""mutation_classes"": []}",,[],9606,
egfr cytoplasmic domain l858r / t790m mutant,CHEMBL203,P00533,egfr cytoplasmic domain l858r t790m,egfr cytoplasmic domain l858r t790m,egfr|cytoplasmic|domain|l858r|t790m,,"{""parenthetical"": [], ""dropped"": [], ""mutations"": [""mutant""], ""mutation_classes"": [""NONE""]}",NONE,[],9606,
egfr cytoplasmic domain mutant,CHEMBL203,P00533,egfr cytoplasmic domain,egfr cytoplasmic domain,egfr|cytoplasmic|domain,,"{""parenthetical"": [], ""dropped"": [], ""mutations"": [""mutant""], ""mutation_classes"": [""NONE""]}",NONE,[],9606,
egfr cytoplasmic domain t790m / c797s mutant,CHEMBL203,P00533,egfr cytoplasmic domain t790m c797s,egfr cytoplasmic domain t790m c797s,egfr|cytoplasmic|domain|t790m|c797s,,"{""parenthetical"": [], ""dropped"": [], ""mutations"": [""mutant""], ""mutation_classes"": [""NONE""]}",NONE,[],9606,
egfr d746 - 750 / t790m / c797s mutant,CHEMBL203,P00533,egfr d746 750 t790m c797s|egfr d746-750 t790m c797s|d746-750|egfr d746750 t790m c797s|d746750,egfr d746 750 t790m c797s|egfr d746-750 t790m c797s|d746-750|egfr d746750 t790m c797s|d746750,egfr|d746|750|t790m|c797s|d746-750|d746750,,"{""parenthetical"": [], ""dropped"": [], ""mutations"": [""mutant""], ""mutation_classes"": [""NONE""]}",NONE,[],9606,
egfr d770 _ n771insnpg mutant,CHEMBL203,P00533,egfr d770,egfr d770,egfr|d770,,"{""parenthetical"": [], ""dropped"": [], ""mutations"": [""n771insnpg"", ""mutant""], ""mutation_classes"": [""INDEL_LIKE"", ""NONE""]}",INDEL_LIKE|NONE,[],9606,
egfr del19,CHEMBL203,P00533,egfr del19,egfr del19,egfr|del19,,"{""parenthetical"": [], ""dropped"": [], ""mutations"": [], ""mutation_classes"": []}",,[],9606,
egfr del19 / t790m / c797s triple mutant,CHEMBL203,P00533,egfr del19 t790m c797s triple,egfr del19 t790m c797s triple,egfr|del19|t790m|c797s|triple,,"{""parenthetical"": [], ""dropped"": [], ""mutations"": [""mutant""], ""mutation_classes"": [""NONE""]}",NONE,[],9606,
egfr deletion / t790m mutant,CHEMBL203,P00533,egfr deletion t790m,egfr deletion t790m,egfr|deletion|t790m,,"{""parenthetical"": [], ""dropped"": [], ""mutations"": [""mutant""], ""mutation_classes"": [""NONE""]}",NONE,[],9606,
egfr domain,CHEMBL203,P00533,egfr domain,egfr domain,egfr|domain,,"{""parenthetical"": [], ""dropped"": [], ""mutations"": [], ""mutation_classes"": []}",,[],9606,
egfr e746 _ a750 deletion / t790m mutant,CHEMBL203,P00533,egfr e746 a750 deletion t790m,egfr e746 a750 deletion t790m,egfr|e746|a750|deletion|t790m,,"{""parenthetical"": [], ""dropped"": [], ""mutations"": [""mutant""], ""mutation_classes"": [""NONE""]}",NONE,[],9606,
egfr e746 _ a750 deletion mutant,CHEMBL203,P00533,egfr e746 a750 deletion,egfr e746 a750 deletion,egfr|e746|a750|deletion,,"{""parenthetical"": [], ""dropped"": [], ""mutations"": [""mutant""], ""mutation_classes"": [""NONE""]}",NONE,[],9606,
egfr ex19del mutant,CHEMBL203,P00533,egfr ex19del,egfr ex19del,egfr|ex19del,,"{""parenthetical"": [], ""dropped"": [], ""mutations"": [""mutant""], ""mutation_classes"": [""NONE""]}",NONE,[],9606,
egfr exon 19 deletion,CHEMBL203,P00533,egfr exon 19 deletion|egfr exon19 deletion|exon19|egfr exon-19 deletion|exon-19,egfr exon 19 deletion|egfr exon19 deletion|exon19|egfr exon-19 deletion|exon-19,egfr|exon|19|deletion|exon19|exon-19,,"{""parenthetical"": [], ""dropped"": [], ""mutations"": [], ""mutation_classes"": []}",,[],9606,
egfr exon 19 deletion and l858r mutant,CHEMBL203,P00533,egfr exon 19 deletion and l858r|egfr exon19 deletion and l858r|exon19|egfr exon-19 deletion and l858r|exon-19,egfr exon 19 deletion and l858r|egfr exon19 deletion and l858r|exon19|egfr exon-19 deletion and l858r|exon-19,egfr|exon|19|deletion|and|l858r|exon19|exon-19,,"{""parenthetical"": [], ""dropped"": [], ""mutations"": [""mutant""], ""mutation_classes"": [""NONE""]}",NONE,[],9606,
egfr exon 19 deletion mutant,CHEMBL203,P00533,egfr exon 19 deletion|egfr exon19 deletion|exon19|egfr exon-19 deletion|exon-19,egfr exon 19 deletion|egfr exon19 deletion|exon19|egfr exon-19 deletion|exon-19,egfr|exon|19|deletion|exon19|exon-19,,"{""parenthetical"": [], ""dropped"": [], ""mutations"": [""mutant""], ""mutation_classes"": [""NONE""]}",NONE,[],9606,
egfr extracellular / transmembrane domain - mer intracellular domain,CHEMBL5331,Q12866,egfr extracellular transmembrane domain mer intracellular domain|egfr extracellular transmembrane domain-mer intracellular domain|domain-mer|egfr extracellular transmembrane domainmer intracellular domain|domainmer,egfr extracellular transmembrane domain mer intracellular|egfr extracellular transmembrane domain-mer intracellular|domain-mer|egfr extracellular transmembrane domainmer intracellular|domainmer,egfr|extracellular|transmembrane|domain|mer|intracellular|domain-mer|domainmer,,"{""parenthetical"": [], ""dropped"": [], ""mutations"": [], ""mutation_classes"": []}",,[],9606,
egfr kinase,CHEMBL203,P00533,egfr kinase,egfr kinase,egfr|kinase,,"{""parenthetical"": [], ""dropped"": [], ""mutations"": [], ""mutation_classes"": []}",,[],9606,
egfr kinase cytoplasmic domain,CHEMBL203,P00533,egfr kinase cytoplasmic domain,egfr kinase cytoplasmic domain,egfr|kinase|cytoplasmic|domain,,"{""parenthetical"": [], ""dropped"": [], ""mutations"": [], ""mutation_classes"": []}",,[],9606,
egfr kinase domain,CHEMBL203,P00533,egfr kinase domain,egfr kinase domain,egfr|kinase|domain,,"{""parenthetical"": [], ""dropped"": [], ""mutations"": [], ""mutation_classes"": []}",,[],9606,
egfr kinase domain i858r / t790m mutant,CHEMBL203,P00533,egfr kinase domain i858r t790m,egfr kinase domain i858r t790m,egfr|kinase|domain|i858r|t790m,,"{""parenthetical"": [], ""dropped"": [], ""mutations"": [""mutant""], ""mutation_classes"": [""NONE""]}",NONE,[],9606,
egfr kinase domain l858r / t790m mutant,CHEMBL203,P00533,egfr kinase domain l858r t790m,egfr kinase domain l858r t790m,egfr|kinase|domain|l858r|t790m,,"{""parenthetical"": [], ""dropped"": [], ""mutations"": [""mutant""], ""mutation_classes"": [""NONE""]}",NONE,[],9606,
egfr l,CHEMBL203,P00533,egfr l,egfr l,egfr|l,,"{""parenthetical"": [], ""dropped"": [], ""mutations"": [], ""mutation_classes"": []}",,[],9606,
egfr l858,CHEMBL203,P00533,egfr l858,egfr l858,egfr|l858,,"{""parenthetical"": [], ""dropped"": [], ""mutations"": [], ""mutation_classes"": []}",,[],9606,
egfr l858r,CHEMBL203,P00533,egfr l858r,egfr l858r,egfr|l858r,,"{""parenthetical"": [], ""dropped"": [], ""mutations"": [], ""mutation_classes"": []}",,[],9606,
egfr l858r / t790m,CHEMBL203,P00533,egfr l858r t790m,egfr l858r t790m,egfr|l858r|t790m,,"{""parenthetical"": [], ""dropped"": [], ""mutations"": [], ""mutation_classes"": []}",,[],9606,
egfr l858r / t790m / c797s,CHEMBL203,P00533,egfr l858r t790m c797s,egfr l858r t790m c797s,egfr|l858r|t790m|c797s,,"{""parenthetical"": [], ""dropped"": [], ""mutations"": [], ""mutation_classes"": []}",,[],9606,
egfr l858r / t790m / c797s mutant,CHEMBL203,P00533,egfr l858r t790m c797s,egfr l858r t790m c797s,egfr|l858r|t790m|c797s,,"{""parenthetical"": [], ""dropped"": [], ""mutations"": [""mutant""], ""mutation_classes"": [""NONE""]}",NONE,[],9606,
egfr l858r / t790m / c797s triple mutant,CHEMBL203,P00533,egfr l858r t790m c797s triple,egfr l858r t790m c797s triple,egfr|l858r|t790m|c797s|triple,,"{""parenthetical"": [], ""dropped"": [], ""mutations"": [""mutant""], ""mutation_classes"": [""NONE""]}",NONE,[],9606,
egfr l858r / t790m double mutant,CHEMBL203,P00533,egfr l858r t790m double,egfr l858r t790m double,egfr|l858r|t790m|double,,"{""parenthetical"": [], ""dropped"": [], ""mutations"": [""mutant""], ""mutation_classes"": [""NONE""]}",NONE,[],9606,
egfr l858r / t790m double mutant cytoplasmic domain,CHEMBL203,P00533,egfr l858r t790m double cytoplasmic domain,egfr l858r t790m double cytoplasmic domain,egfr|l858r|t790m|double|cytoplasmic|domain,,"{""parenthetical"": [], ""dropped"": [], ""mutations"": [""mutant""], ""mutation_classes"": [""NONE""]}",NONE,[],9606,
egfr l858r / t790m mutant,CHEMBL203,P00533,egfr l858r t790m,egfr l858r t790m,egfr|l858r|t790m,,"{""parenthetical"": [], ""dropped"": [], ""mutations"": [""mutant""], ""mutation_classes"": [""NONE""]}",NONE,[],9606,
egfr l858r / t790m mutant cytoplasmic domain,CHEMBL203,P00533,egfr l858r t790m cytoplasmic domain,egfr l858r t790m cytoplasmic domain,egfr|l858r|t790m|cytoplasmic|domain,,"{""parenthetical"": [], ""dropped"": [], ""mutations"": [""mutant""], ""mutation_classes"": [""NONE""]}",NONE,[],9606,
egfr l858r / t90m double mutant,CHEMBL203,P00533,egfr l858r t90m double,egfr l858r t90m double,egfr|l858r|t90m|double,,"{""parenthetical"": [], ""dropped"": [], ""mutations"": [""mutant""], ""mutation_classes"": [""NONE""]}",NONE,[],9606,
egfr l858r / t970m double mutant,CHEMBL203,P00533,egfr l858r t970m double,egfr l858r t970m double,egfr|l858r|t970m|double,,"{""parenthetical"": [], ""dropped"": [], ""mutations"": [""mutant""], ""mutation_classes"": [""NONE""]}",NONE,[],9606,
egfr l858r c797s mutant,CHEMBL203,P00533,egfr l858r c797s,egfr l858r c797s,egfr|l858r|c797s,,"{""parenthetical"": [], ""dropped"": [], ""mutations"": [""mutant""], ""mutation_classes"": [""NONE""]}",NONE,[],9606,
egfr l858r mutant,CHEMBL203,P00533,egfr l858r,egfr l858r,egfr|l858r,,"{""parenthetical"": [], ""dropped"": [], ""mutations"": [""mutant""], ""mutation_classes"": [""NONE""]}",NONE,[],9606,
egfr l858r mutant cytoplasmic domain,CHEMBL203,P00533,egfr l858r cytoplasmic domain,egfr l858r cytoplasmic domain,egfr|l858r|cytoplasmic|domain,,"{""parenthetical"": [], ""dropped"": [], ""mutations"": [""mutant""], ""mutation_classes"": [""NONE""]}",NONE,[],9606,
egfr l861q mutant,CHEMBL203,P00533,egfr l861q,egfr l861q,egfr|l861q,,"{""parenthetical"": [], ""dropped"": [], ""mutations"": [""mutant""], ""mutation_classes"": [""NONE""]}",NONE,[],9606,
egfr mutant,CHEMBL203,P00533,egfr,egfr,egfr,,"{""parenthetical"": [], ""dropped"": [], ""mutations"": [""mutant""], ""mutation_classes"": [""NONE""]}",NONE,[],9606,
egfr ptp1b,CHEMBL203,P00533,egfr ptp1b,egfr ptp1b,egfr|ptp1b,,"{""parenthetical"": [], ""dropped"": [], ""mutations"": [], ""mutation_classes"": []}",,[],9606,
egfr t790m,CHEMBL203,P00533,egfr t790m,egfr t790m,egfr|t790m,,"{""parenthetical"": [], ""dropped"": [], ""mutations"": [], ""mutation_classes"": []}",,[],9606,
egfr t790m / c797s double mutant,CHEMBL203,P00533,egfr t790m c797s double,egfr t790m c797s double,egfr|t790m|c797s|double,,"{""parenthetical"": [], ""dropped"": [], ""mutations"": [""mutant""], ""mutation_classes"": [""NONE""]}",NONE,[],9606,
egfr t790m / del746,CHEMBL203,P00533,egfr t790m del746,egfr t790m del746,egfr|t790m|del746,,"{""parenthetical"": [], ""dropped"": [], ""mutations"": [], ""mutation_classes"": []}",,[],9606,
egfr t790m / dele746 _ a750 double mutant,CHEMBL203,P00533,egfr t790m dele746 a750 double,egfr t790m dele746 a750 double,egfr|t790m|dele746|a750|double,,"{""parenthetical"": [], ""dropped"": [], ""mutations"": [""mutant""], ""mutation_classes"": [""NONE""]}",NONE,[],9606,
egfr t790m / deletion mutant,CHEMBL203,P00533,egfr t790m deletion,egfr t790m deletion,egfr|t790m|deletion,,"{""parenthetical"": [], ""dropped"": [], ""mutations"": [""mutant""], ""mutation_classes"": [""NONE""]}",NONE,[],9606,
egfr t790m / exon 19 deletion mutant,CHEMBL203,P00533,egfr t790m exon 19 deletion|egfr t790m exon19 deletion|exon19|egfr t790m exon-19 deletion|exon-19,egfr t790m exon 19 deletion|egfr t790m exon19 deletion|exon19|egfr t790m exon-19 deletion|exon-19,egfr|t790m|exon|19|deletion|exon19|exon-19,,"{""parenthetical"": [], ""dropped"": [], ""mutations"": [""mutant""], ""mutation_classes"": [""NONE""]}",NONE,[],9606,
egfr t790m / l858r double mutant,CHEMBL203,P00533,egfr t790m l858r double,egfr t790m l858r double,egfr|t790m|l858r|double,,"{""parenthetical"": [], ""dropped"": [], ""mutations"": [""mutant""], ""mutation_classes"": [""NONE""]}",NONE,[],9606,
egfr t790m / l858r double mutant cytoplasmic domain,CHEMBL203,P00533,egfr t790m l858r double cytoplasmic domain,egfr t790m l858r double cytoplasmic domain,egfr|t790m|l858r|double|cytoplasmic|domain,,"{""parenthetical"": [], ""dropped"": [], ""mutations"": [""mutant""], ""mutation_classes"": [""NONE""]}",NONE,[],9606,
egfr t790m / l858r mutant,CHEMBL203,P00533,egfr t790m l858r,egfr t790m l858r,egfr|t790m|l858r,,"{""parenthetical"": [], ""dropped"": [], ""mutations"": [""mutant""], ""mutation_classes"": [""NONE""]}",NONE,[],9606,
egfr t790m mutant,CHEMBL203,P00533,egfr t790m,egfr t790m,egfr|t790m,,"{""parenthetical"": [], ""dropped"": [], ""mutations"": [""mutant""], ""mutation_classes"": [""NONE""]}",NONE,[],9606,
egfr t790m mutant cytoplasmic domain,CHEMBL203,P00533,egfr t790m cytoplasmic domain,egfr t790m cytoplasmic domain,egfr|t790m|cytoplasmic|domain,,"{""parenthetical"": [], ""dropped"": [], ""mutations"": [""mutant""], ""mutation_classes"": [""NONE""]}",NONE,[],9606,
egfr tk domain,CHEMBL203,P00533,egfr tk domain,egfr tk domain,egfr|tk|domain,,"{""parenthetical"": [], ""dropped"": [], ""mutations"": [], ""mutation_classes"": []}",,[],9606,
egfr tyrosine kinase,CHEMBL203,P00533,egfr tyrosine kinase,egfr tyrosine kinase,egfr|tyrosine|kinase,,"{""parenthetical"": [], ""dropped"": [], ""mutations"": [], ""mutation_classes"": []}",,[],9606,
egfr1,CHEMBL203,P00533,egfr1,egfr1,egfr1,,"{""parenthetical"": [], ""dropped"": [], ""mutations"": [], ""mutation_classes"": []}",,[],9606,
egfr2,CHEMBL1824,P04626,egfr2,egfr2,egfr2,,"{""parenthetical"": [], ""dropped"": [], ""mutations"": [], ""mutation_classes"": []}",,[],9606,
egln - 1,CHEMBL5697,Q9GZT9,egln 1|egln-1|egln1,egln 1|egln-1|egln1,egln|1|egln-1|egln1,,"{""parenthetical"": [], ""dropped"": [], ""mutations"": [], ""mutation_classes"": []}",,[],9606,
egln1,CHEMBL5697,Q9GZT9,egln1,egln1,egln1,,"{""parenthetical"": [], ""dropped"": [], ""mutations"": [], ""mutation_classes"": []}",,[],9606,
eh,CHEMBL2409,P34913,eh,eh,eh,,"{""parenthetical"": [], ""dropped"": [], ""mutations"": [], ""mutation_classes"": []}",,[],9606,
ehmt1,CHEMBL6031,Q9H9B1,ehmt1,ehmt1,ehmt1,,"{""parenthetical"": [], ""dropped"": [], ""mutations"": [], ""mutation_classes"": []}",,[],9606,
eif4a1,CHEMBL2052028,P60842,eif4a1,eif4a1,eif4a1,,"{""parenthetical"": [], ""dropped"": [], ""mutations"": [], ""mutation_classes"": []}",,[],9606,
eif4e,CHEMBL5636,P29338,eif4e,eif4e,eif4e,,"{""parenthetical"": [], ""dropped"": [], ""mutations"": [], ""mutation_classes"": []}",,[],9606,
endothelial growth factor,CHEMBL203,P00533,endothelial growth factor,endothelial growth factor,endothelial|growth|factor,,"{""parenthetical"": [], ""dropped"": [], ""mutations"": [], ""mutation_classes"": []}",,[],9606,
endothelial lipase,CHEMBL2380190,Q9WVG5,endothelial lipase,endothelial lipase,endothelial|lipase,,"{""parenthetical"": [], ""dropped"": [], ""mutations"": [], ""mutation_classes"": []}",,[],9606,
endothelial lipase,CHEMBL5080,Q9Y5X9,endothelial lipase,endothelial lipase,endothelial|lipase,,"{""parenthetical"": [], ""dropped"": [], ""mutations"": [], ""mutation_classes"": []}",,[],9606,
endothelial nitric oxide synthase,CHEMBL4803,P29474,endothelial nitric oxide synthase,endothelial nitric oxide synthase,endothelial|nitric|oxide|synthase,,"{""parenthetical"": [], ""dropped"": [], ""mutations"": [], ""mutation_classes"": []}",,[],9606,
endothelin receptor subtype a,CHEMBL252,P25101,endothelin subtype a,endothelin receptor subtype a,endothelin|subtype|a,,"{""parenthetical"": [], ""dropped"": [""receptor""], ""mutations"": [], ""mutation_classes"": []}",,[],9606,
endothelin receptor type a,CHEMBL252,P25101,endothelin type a,endothelin receptor type a,endothelin|type|a,ednra,"{""parenthetical"": [], ""dropped"": [""receptor""], ""mutations"": [], ""mutation_classes"": []}",,[],9606,
enkephalinase,CHEMBL3768,P08049,enkephalinase,enkephalinase,enkephalinase,,"{""parenthetical"": [], ""dropped"": [], ""mutations"": [], ""mutation_classes"": []}",,[],9606,
enos,CHEMBL4802,P29473,enos,enos,enos,,"{""parenthetical"": [], ""dropped"": [], ""mutations"": [], ""mutation_classes"": []}",,[],9606,
enos,CHEMBL4803,P29474,enos,enos,enos,,"{""parenthetical"": [], ""dropped"": [], ""mutations"": [], ""mutation_classes"": []}",,[],9606,
enoyl - acp reductase fabi,CHEMBL3994,Q6GI75,enoyl acp reductase fabi|enoyl-acp reductase fabi|enoyl-acp|enoylacp reductase fabi|enoylacp,enoyl acp reductase fabi|enoyl-acp reductase fabi|enoyl-acp|enoylacp reductase fabi|enoylacp,enoyl|acp|reductase|fabi|enoyl-acp|enoylacp,,"{""parenthetical"": [], ""dropped"": [], ""mutations"": [], ""mutation_classes"": []}",,[],9606,
enoyl - acp reductase fabk,CHEMBL1075024,Q9FBC5,enoyl acp reductase fabk|enoyl-acp reductase fabk|enoyl-acp|enoylacp reductase fabk|enoylacp,enoyl acp reductase fabk|enoyl-acp reductase fabk|enoyl-acp|enoylacp reductase fabk|enoylacp,enoyl|acp|reductase|fabk|enoyl-acp|enoylacp,,"{""parenthetical"": [], ""dropped"": [], ""mutations"": [], ""mutation_classes"": []}",,[],9606,
enoyl - acyl carrier protein reductase,CHEMBL4150,Q965D5,enoyl acyl carrier reductase|enoyl-acyl carrier reductase|enoyl-acyl|enoylacyl carrier reductase|enoylacyl,enoyl acyl carrier protein reductase|enoyl-acyl carrier protein reductase|enoyl-acyl|enoylacyl carrier protein reductase|enoylacyl,enoyl|acyl|carrier|reductase|enoyl-acyl|enoylacyl,,"{""parenthetical"": [], ""dropped"": [""protein""], ""mutations"": [], ""mutation_classes"": []}",,[],9606,
enoyl acp reductase,CHEMBL4150,Q965D5,enoyl acp reductase,enoyl acp reductase,enoyl|acp|reductase,,"{""parenthetical"": [], ""dropped"": [], ""mutations"": [], ""mutation_classes"": []}",,[],9606,
enoyl acyl - carrier protein reductase,CHEMBL1250368,Q6UCJ9,enoyl acyl carrier reductase|enoyl acyl-carrier reductase|acyl-carrier|enoyl acylcarrier reductase|acylcarrier,enoyl acyl carrier protein reductase|enoyl acyl-carrier protein reductase|acyl-carrier|enoyl acylcarrier protein reductase|acylcarrier,enoyl|acyl|carrier|reductase|acyl-carrier|acylcarrier,,"{""parenthetical"": [], ""dropped"": [""protein""], ""mutations"": [], ""mutation_classes"": []}",,[],9606,
enpp2,CHEMBL3691,Q13822,enpp2,enpp2,enpp2,,"{""parenthetical"": [], ""dropped"": [], ""mutations"": [], ""mutation_classes"": []}",,[],9606,
enr,CHEMBL4150,Q965D5,enr,enr,enr,,"{""parenthetical"": [], ""dropped"": [], ""mutations"": [], ""mutation_classes"": []}",,[],9606,
ent1,CHEMBL1997,Q99808,ent1,ent1,ent1,,"{""parenthetical"": [], ""dropped"": [], ""mutations"": [], ""mutation_classes"": []}",,[],9606,
eosinophil,CHEMBL288,Q08499,eosinophil,eosinophil,eosinophil,,"{""parenthetical"": [], ""dropped"": [], ""mutations"": [], ""mutation_classes"": []}",,[],9606,
eosinophil peroxidase,CHEMBL2438,P11678,eosinophil peroxidase,eosinophil peroxidase,eosinophil|peroxidase,,"{""parenthetical"": [], ""dropped"": [], ""mutations"": [], ""mutation_classes"": []}",,[],9606,
eosinophils,CHEMBL3473,P51677,eosinophils,eosinophils,eosinophils,,"{""parenthetical"": [], ""dropped"": [], ""mutations"": [], ""mutation_classes"": []}",,[],9606,
eotaxin,CHEMBL288,Q08499,eotaxin,eotaxin,eotaxin,,"{""parenthetical"": [], ""dropped"": [], ""mutations"": [], ""mutation_classes"": []}",,[],9606,
ep1 receptor,CHEMBL1811,P34995,ep1,ep1 receptor,ep1,ep1 ptger1,"{""parenthetical"": [], ""dropped"": [""receptor""], ""mutations"": [], ""mutation_classes"": []}",,[],9606,
ep1 receptor,CHEMBL5068,P70597,ep1,ep1 receptor,ep1,ep1 ptger1,"{""parenthetical"": [], ""dropped"": [""receptor""], ""mutations"": [], ""mutation_classes"": []}",,[],9606,
ep2 receptor,CHEMBL1881,P43116,ep2,ep2 receptor,ep2,ep2 ptger2,"{""parenthetical"": [], ""dropped"": [""receptor""], ""mutations"": [], ""mutation_classes"": []}",,[],9606,
ep2 receptor,CHEMBL2488,Q62053,ep2,ep2 receptor,ep2,ep2 ptger2,"{""parenthetical"": [], ""dropped"": [""receptor""], ""mutations"": [], ""mutation_classes"": []}",,[],9606,
ep2 receptor,CHEMBL4909,Q62928,ep2,ep2 receptor,ep2,ep2 ptger2,"{""parenthetical"": [], ""dropped"": [""receptor""], ""mutations"": [], ""mutation_classes"": []}",,[],9606,
ep3 receptor,CHEMBL4336,P30557,ep3,ep3 receptor,ep3,ep3 ptger3,"{""parenthetical"": [], ""dropped"": [""receptor""], ""mutations"": [], ""mutation_classes"": []}",,[],9606,
ep3 receptor,CHEMBL3710,P43115,ep3,ep3 receptor,ep3,ep3 ptger3,"{""parenthetical"": [], ""dropped"": [""receptor""], ""mutations"": [], ""mutation_classes"": []}",,[],9606,
ep3alpha receptor,CHEMBL4336,P30557,ep3alpha,ep3alpha receptor,ep3alpha,ep3 ptger3,"{""parenthetical"": [], ""dropped"": [""receptor""], ""mutations"": [], ""mutation_classes"": []}",,[],9606,
ep4,CHEMBL1836,P35408,ep4,ep4,ep4,ep4 ptger4,"{""parenthetical"": [], ""dropped"": [], ""mutations"": [], ""mutation_classes"": []}",,[],9606,
ep4 receptor,CHEMBL2489,P32240,ep4,ep4 receptor,ep4,ep4 ptger4,"{""parenthetical"": [], ""dropped"": [""receptor""], ""mutations"": [], ""mutation_classes"": []}",,[],9606,
ep4 receptor,CHEMBL1836,P35408,ep4,ep4 receptor,ep4,ep4 ptger4,"{""parenthetical"": [], ""dropped"": [""receptor""], ""mutations"": [], ""mutation_classes"": []}",,[],9606,
ep4 receptor,CHEMBL4086,P43114,ep4,ep4 receptor,ep4,ep4 ptger4,"{""parenthetical"": [], ""dropped"": [""receptor""], ""mutations"": [], ""mutation_classes"": []}",,[],9606,
epac1,CHEMBL2029197,O95398,epac1,epac1,epac1,,"{""parenthetical"": [], ""dropped"": [], ""mutations"": [], ""mutation_classes"": []}",,[],9606,
epac2,CHEMBL2029198,Q8WZA2,epac2,epac2,epac2,,"{""parenthetical"": [], ""dropped"": [], ""mutations"": [], ""mutation_classes"": []}",,[],9606,
epha1,CHEMBL5810,P21709,epha1,epha1,epha1,,"{""parenthetical"": [], ""dropped"": [], ""mutations"": [], ""mutation_classes"": []}",,[],9606,
epha2 fc,CHEMBL4105859,Q03145,epha2 fc,epha2 fc,epha2|fc,,"{""parenthetical"": [], ""dropped"": [], ""mutations"": [], ""mutation_classes"": []}",,[],9606,
epha2 fc chimera protein,CHEMBL4105859,Q03145,epha2 fc chimera,epha2 fc chimera protein,epha2|fc|chimera,,"{""parenthetical"": [], ""dropped"": [""protein""], ""mutations"": [], ""mutation_classes"": []}",,[],9606,
epha3,CHEMBL4954,P29320,epha3,epha3,epha3,,"{""parenthetical"": [], ""dropped"": [], ""mutations"": [], ""mutation_classes"": []}",,[],9606,
ephb1,CHEMBL5072,P54762,ephb1,ephb1,ephb1,,"{""parenthetical"": [], ""dropped"": [], ""mutations"": [], ""mutation_classes"": []}",,[],9606,
ephb2,CHEMBL3290,P29323,ephb2,ephb2,ephb2,,"{""parenthetical"": [], ""dropped"": [], ""mutations"": [], ""mutation_classes"": []}",,[],9606,
ephb4,CHEMBL5147,P54760,ephb4,ephb4,ephb4,,"{""parenthetical"": [], ""dropped"": [], ""mutations"": [], ""mutation_classes"": []}",,[],9606,
ephb4 receptor,CHEMBL5147,P54760,ephb4,ephb4 receptor,ephb4,,"{""parenthetical"": [], ""dropped"": [""receptor""], ""mutations"": [], ""mutation_classes"": []}",,[],9606,
epidermal growth factor receptor,CHEMBL203,P00533,epidermal growth factor,epidermal growth factor receptor,epidermal|growth|factor,egfr,"{""parenthetical"": [], ""dropped"": [""receptor""], ""mutations"": [], ""mutation_classes"": []}",,[],9606,
epidermal growth factor receptor - 2,CHEMBL1824,P04626,epidermal growth factor 2|receptor-2|receptor2,epidermal growth factor receptor 2|epidermal growth factor receptor-2|receptor-2|epidermal growth factor receptor2|receptor2,epidermal|growth|factor|2|receptor-2|receptor2,egfr,"{""parenthetical"": [], ""dropped"": [""receptor""], ""mutations"": [], ""mutation_classes"": []}",,[],9606,
epidermal growth factor receptor kinase,CHEMBL203,P00533,epidermal growth factor kinase,epidermal growth factor receptor kinase,epidermal|growth|factor|kinase,egfr,"{""parenthetical"": [], ""dropped"": [""receptor""], ""mutations"": [], ""mutation_classes"": []}",,[],9606,
epidermal growth factor receptor tyrosine kinase,CHEMBL203,P00533,epidermal growth factor tyrosine kinase,epidermal growth factor receptor tyrosine kinase,epidermal|growth|factor|tyrosine|kinase,egfr,"{""parenthetical"": [], ""dropped"": [""receptor""], ""mutations"": [], ""mutation_classes"": []}",,[],9606,
epoxide hydrolase,CHEMBL2409,P34913,epoxide hydrolase,epoxide hydrolase,epoxide|hydrolase,,"{""parenthetical"": [], ""dropped"": [], ""mutations"": [], ""mutation_classes"": []}",,[],9606,
epoxide hydrolase,CHEMBL4140,P34914,epoxide hydrolase,epoxide hydrolase,epoxide|hydrolase,,"{""parenthetical"": [], ""dropped"": [], ""mutations"": [], ""mutation_classes"": []}",,[],9606,
epoxide hydrolase,CHEMBL5669,P80299,epoxide hydrolase,epoxide hydrolase,epoxide|hydrolase,,"{""parenthetical"": [], ""dropped"": [], ""mutations"": [], ""mutation_classes"": []}",,[],9606,
epoxide hydroxylase,CHEMBL2409,P34913,epoxide hydroxylase,epoxide hydroxylase,epoxide|hydroxylase,,"{""parenthetical"": [], ""dropped"": [], ""mutations"": [], ""mutation_classes"": []}",,[],9606,
epsin - 1 enth domain,CHEMBL3259465,Q9Y6I3,epsin 1 enth domain|epsin-1 enth domain|epsin-1|epsin1 enth domain|epsin1,epsin 1 enth domain|epsin-1 enth domain|epsin-1|epsin1 enth domain|epsin1,epsin|1|enth|domain|epsin-1|epsin1,,"{""parenthetical"": [], ""dropped"": [], ""mutations"": [], ""mutation_classes"": []}",,[],9606,
epsin1 enth domain,CHEMBL3259465,Q9Y6I3,epsin1 enth domain,epsin1 enth domain,epsin1|enth|domain,,"{""parenthetical"": [], ""dropped"": [], ""mutations"": [], ""mutation_classes"": []}",,[],9606,
er - alpha,CHEMBL206,P03372,er alpha|er-alpha|eralpha,er alpha|er-alpha|eralpha,er|alpha|er-alpha|eralpha,,"{""parenthetical"": [], ""dropped"": [], ""mutations"": [], ""mutation_classes"": []}",,[],9606,
er - alpha binding domain,CHEMBL206,P03372,er alpha binding domain|er-alpha binding domain|er-alpha|eralpha binding domain|eralpha,er alpha binding domain|er-alpha binding domain|er-alpha|eralpha binding domain|eralpha,er|alpha|binding|domain|er-alpha|eralpha,,"{""parenthetical"": [], ""dropped"": [], ""mutations"": [], ""mutation_classes"": []}",,[],9606,
er - beta,CHEMBL242,Q92731,er beta|er-beta|erbeta,er beta|er-beta|erbeta,er|beta|er-beta|erbeta,,"{""parenthetical"": [], ""dropped"": [], ""mutations"": [], ""mutation_classes"": []}",,[],9606,
er - beta binding domain,CHEMBL242,Q92731,er beta binding domain|er-beta binding domain|er-beta|erbeta binding domain|erbeta,er beta binding domain|er-beta binding domain|er-beta|erbeta binding domain|erbeta,er|beta|binding|domain|er-beta|erbeta,,"{""parenthetical"": [], ""dropped"": [], ""mutations"": [], ""mutation_classes"": []}",,[],9606,
er alpha,CHEMBL206,P03372,er alpha,er alpha,er|alpha,,"{""parenthetical"": [], ""dropped"": [], ""mutations"": [], ""mutation_classes"": []}",,[],9606,
er alpha lbd,CHEMBL206,P03372,er alpha lbd,er alpha lbd,er|alpha|lbd,,"{""parenthetical"": [], ""dropped"": [], ""mutations"": [], ""mutation_classes"": []}",,[],9606,
er alpha ligand - binding domain,CHEMBL206,P03372,er alpha ligand binding domain|er alpha ligand-binding domain|ligand-binding|er alpha ligandbinding domain|ligandbinding,er alpha ligand binding domain|er alpha ligand-binding domain|ligand-binding|er alpha ligandbinding domain|ligandbinding,er|alpha|ligand|binding|domain|ligand-binding|ligandbinding,,"{""parenthetical"": [], ""dropped"": [], ""mutations"": [], ""mutation_classes"": []}",,[],9606,
er beta,CHEMBL242,Q92731,er beta,er beta,er|beta,,"{""parenthetical"": [], ""dropped"": [], ""mutations"": [], ""mutation_classes"": []}",,[],9606,
eralpha,CHEMBL206,P03372,eralpha,eralpha,eralpha,,"{""parenthetical"": [], ""dropped"": [], ""mutations"": [], ""mutation_classes"": []}",,[],9606,
eralpha,CHEMBL3429,P11474,eralpha,eralpha,eralpha,,"{""parenthetical"": [], ""dropped"": [], ""mutations"": [], ""mutation_classes"": []}",,[],9606,
eralpha - lbd,CHEMBL206,P03372,eralpha lbd|eralpha-lbd|eralphalbd,eralpha lbd|eralpha-lbd|eralphalbd,eralpha|lbd|eralpha-lbd|eralphalbd,,"{""parenthetical"": [], ""dropped"": [], ""mutations"": [], ""mutation_classes"": []}",,[],9606,
eralpha e353a mutant,CHEMBL206,P03372,eralpha e353a,eralpha e353a,eralpha|e353a,,"{""parenthetical"": [], ""dropped"": [], ""mutations"": [""mutant""], ""mutation_classes"": [""NONE""]}",NONE,[],9606,
eralpha l384m / m421g mutant,CHEMBL206,P03372,eralpha l384m m421g,eralpha l384m m421g,eralpha|l384m|m421g,,"{""parenthetical"": [], ""dropped"": [], ""mutations"": [""mutant""], ""mutation_classes"": [""NONE""]}",NONE,[],9606,
eralpha lbd,CHEMBL206,P03372,eralpha lbd,eralpha lbd,eralpha|lbd,,"{""parenthetical"": [], ""dropped"": [], ""mutations"": [], ""mutation_classes"": []}",,[],9606,
eralpha ligand binding domain,CHEMBL206,P03372,eralpha ligand binding domain,eralpha ligand binding domain,eralpha|ligand|binding|domain,,"{""parenthetical"": [], ""dropped"": [], ""mutations"": [], ""mutation_classes"": []}",,[],9606,
eralpha receptor,CHEMBL206,P03372,eralpha,eralpha receptor,eralpha,er alpha esr1,"{""parenthetical"": [], ""dropped"": [""receptor""], ""mutations"": [], ""mutation_classes"": []}",,[],9606,
eralpha receptor lbd,CHEMBL206,P03372,eralpha lbd,eralpha receptor lbd,eralpha|lbd,er alpha esr1,"{""parenthetical"": [], ""dropped"": [""receptor""], ""mutations"": [], ""mutation_classes"": []}",,[],9606,
erap1,CHEMBL5939,Q9NZ08,erap1,erap1,erap1,,"{""parenthetical"": [], ""dropped"": [], ""mutations"": [], ""mutation_classes"": []}",,[],9606,
erap2,CHEMBL5043,Q6P179,erap2,erap2,erap2,,"{""parenthetical"": [], ""dropped"": [], ""mutations"": [], ""mutation_classes"": []}",,[],9606,
erbb,CHEMBL1824,P04626,erbb,erbb,erbb,,"{""parenthetical"": [], ""dropped"": [], ""mutations"": [], ""mutation_classes"": []}",,[],9606,
erbb1,CHEMBL203,P00533,erbb1,erbb1,erbb1,,"{""parenthetical"": [], ""dropped"": [], ""mutations"": [], ""mutation_classes"": []}",,[],9606,
erbb1,CHEMBL1824,P04626,erbb1,erbb1,erbb1,,"{""parenthetical"": [], ""dropped"": [], ""mutations"": [], ""mutation_classes"": []}",,[],9606,
erbb2,CHEMBL1824,P04626,erbb2,erbb2,erbb2,,"{""parenthetical"": [], ""dropped"": [], ""mutations"": [], ""mutation_classes"": []}",,[],9606,
erbb2 tyrosine kinase,CHEMBL1824,P04626,erbb2 tyrosine kinase,erbb2 tyrosine kinase,erbb2|tyrosine|kinase,,"{""parenthetical"": [], ""dropped"": [], ""mutations"": [], ""mutation_classes"": []}",,[],9606,
erbb4,CHEMBL3009,Q15303,erbb4,erbb4,erbb4,,"{""parenthetical"": [], ""dropped"": [], ""mutations"": [], ""mutation_classes"": []}",,[],9606,
erbeta,CHEMBL3751,O95718,erbeta,erbeta,erbeta,,"{""parenthetical"": [], ""dropped"": [], ""mutations"": [], ""mutation_classes"": []}",,[],9606,
erbeta,CHEMBL242,Q92731,erbeta,erbeta,erbeta,,"{""parenthetical"": [], ""dropped"": [], ""mutations"": [], ""mutation_classes"": []}",,[],9606,
erbeta - lbd,CHEMBL242,Q92731,erbeta lbd|erbeta-lbd|erbetalbd,erbeta lbd|erbeta-lbd|erbetalbd,erbeta|lbd|erbeta-lbd|erbetalbd,,"{""parenthetical"": [], ""dropped"": [], ""mutations"": [], ""mutation_classes"": []}",,[],9606,
erbeta e305a mutant,CHEMBL242,Q92731,erbeta e305a,erbeta e305a,erbeta|e305a,,"{""parenthetical"": [], ""dropped"": [], ""mutations"": [""mutant""], ""mutation_classes"": [""NONE""]}",NONE,[],9606,
erbeta lbd,CHEMBL242,Q92731,erbeta lbd,erbeta lbd,erbeta|lbd,,"{""parenthetical"": [], ""dropped"": [], ""mutations"": [], ""mutation_classes"": []}",,[],9606,
erbeta receptor,CHEMBL242,Q92731,erbeta,erbeta receptor,erbeta,er beta esr2 ednra,"{""parenthetical"": [], ""dropped"": [""receptor""], ""mutations"": [], ""mutation_classes"": []}",,[],9606,
erbeta receptor lbd,CHEMBL242,Q92731,erbeta lbd,erbeta receptor lbd,erbeta|lbd,er beta esr2 ednra,"{""parenthetical"": [], ""dropped"": [""receptor""], ""mutations"": [], ""mutation_classes"": []}",,[],9606,
erg,CHEMBL240,Q12809,erg,erg,erg,,"{""parenthetical"": [], ""dropped"": [], ""mutations"": [], ""mutation_classes"": []}",,[],9606,
erg channel,CHEMBL240,Q12809,erg,erg channel,erg,kcnh2 kv11.1 herg,"{""parenthetical"": [], ""dropped"": [""channel""], ""mutations"": [], ""mutation_classes"": []}",,[],9606,
erg f656a mutant,CHEMBL240,Q12809,erg f656a,erg f656a,erg|f656a,,"{""parenthetical"": [], ""dropped"": [], ""mutations"": [""mutant""], ""mutation_classes"": [""NONE""]}",NONE,[],9606,
erg potassium channel,CHEMBL240,Q12809,erg potassium,erg potassium channel,erg|potassium,kcnh2 kv11.1 herg,"{""parenthetical"": [], ""dropped"": [""channel""], ""mutations"": [], ""mutation_classes"": []}",,[],9606,
erg s624a mutant,CHEMBL240,Q12809,erg s624a,erg s624a,erg|s624a,,"{""parenthetical"": [], ""dropped"": [], ""mutations"": [""mutant""], ""mutation_classes"": [""NONE""]}",NONE,[],9606,
erg y652a mutant,CHEMBL240,Q12809,erg y652a,erg y652a,erg|y652a,,"{""parenthetical"": [], ""dropped"": [], ""mutations"": [""mutant""], ""mutation_classes"": [""NONE""]}",NONE,[],9606,
erk1,CHEMBL3385,P27361,erk1,erk1,erk1,,"{""parenthetical"": [], ""dropped"": [], ""mutations"": [], ""mutation_classes"": []}",,[],9606,
erk2,CHEMBL4040,P28482,erk2,erk2,erk2,,"{""parenthetical"": [], ""dropped"": [], ""mutations"": [], ""mutation_classes"": []}",,[],9606,
erk2,CHEMBL2207,P63085,erk2,erk2,erk2,,"{""parenthetical"": [], ""dropped"": [], ""mutations"": [], ""mutation_classes"": []}",,[],9606,
erk5,CHEMBL5332,Q13164,erk5,erk5,erk5,,"{""parenthetical"": [], ""dropped"": [], ""mutations"": [], ""mutation_classes"": []}",,[],9606,
erk7,CHEMBL5198,Q8TD08,erk7,erk7,erk7,,"{""parenthetical"": [], ""dropped"": [], ""mutations"": [], ""mutation_classes"": []}",,[],9606,
ern1,CHEMBL1163101,O75460,ern1,ern1,ern1,,"{""parenthetical"": [], ""dropped"": [], ""mutations"": [], ""mutation_classes"": []}",,[],9606,
ern2,CHEMBL4105932,Q76MJ5,ern2,ern2,ern2,,"{""parenthetical"": [], ""dropped"": [], ""mutations"": [], ""mutation_classes"": []}",,[],9606,
erralpha,CHEMBL3429,P11474,erralpha,erralpha,erralpha,,"{""parenthetical"": [], ""dropped"": [], ""mutations"": [], ""mutation_classes"": []}",,[],9606,
erralpha - lbd,CHEMBL3429,P11474,erralpha lbd|erralpha-lbd|erralphalbd,erralpha lbd|erralpha-lbd|erralphalbd,erralpha|lbd|erralpha-lbd|erralphalbd,,"{""parenthetical"": [], ""dropped"": [], ""mutations"": [], ""mutation_classes"": []}",,[],9606,
errbeta,CHEMBL3751,O95718,errbeta,errbeta,errbeta,,"{""parenthetical"": [], ""dropped"": [], ""mutations"": [], ""mutation_classes"": []}",,[],9606,
errbeta lbd,CHEMBL3751,O95718,errbeta lbd,errbeta lbd,errbeta|lbd,,"{""parenthetical"": [], ""dropped"": [], ""mutations"": [], ""mutation_classes"": []}",,[],9606,
errgamma,CHEMBL3429,P11474,errgamma,errgamma,errgamma,,"{""parenthetical"": [], ""dropped"": [], ""mutations"": [], ""mutation_classes"": []}",,[],9606,
errgamma,CHEMBL4245,P62508,errgamma,errgamma,errgamma,,"{""parenthetical"": [], ""dropped"": [], ""mutations"": [], ""mutation_classes"": []}",,[],9606,
errgamma lbd,CHEMBL4245,P62508,errgamma lbd,errgamma lbd,errgamma|lbd,,"{""parenthetical"": [], ""dropped"": [], ""mutations"": [], ""mutation_classes"": []}",,[],9606,
estrogen receptor,CHEMBL206,P03372,estrogen,estrogen receptor,estrogen,,"{""parenthetical"": [], ""dropped"": [""receptor""], ""mutations"": [], ""mutation_classes"": []}",,[],9606,
estrogen receptor - alpha,CHEMBL206,P03372,estrogen alpha|receptor-alpha|receptoralpha,estrogen receptor alpha|estrogen receptor-alpha|receptor-alpha|estrogen receptoralpha|receptoralpha,estrogen|alpha|receptor-alpha|receptoralpha,er alpha esr1,"{""parenthetical"": [], ""dropped"": [""receptor""], ""mutations"": [], ""mutation_classes"": []}",,[],9606,
estrogen receptor - beta,CHEMBL242,Q92731,estrogen beta|receptor-beta|receptorbeta,estrogen receptor beta|estrogen receptor-beta|receptor-beta|estrogen receptorbeta|receptorbeta,estrogen|beta|receptor-beta|receptorbeta,er beta esr2,"{""parenthetical"": [], ""dropped"": [""receptor""], ""mutations"": [], ""mutation_classes"": []}",,[],9606,
estrogen receptor 2,CHEMBL242,Q92731,estrogen 2|receptor2|receptor-2,estrogen receptor 2|estrogen receptor2|receptor2|estrogen receptor-2|receptor-2,estrogen|2|receptor2|receptor-2,er beta esr2,"{""parenthetical"": [], ""dropped"": [""receptor""], ""mutations"": [], ""mutation_classes"": []}",,[],9606,
estrogen receptor alpha,CHEMBL206,P03372,estrogen alpha,estrogen receptor alpha,estrogen|alpha,er alpha esr1,"{""parenthetical"": [], ""dropped"": [""receptor""], ""mutations"": [], ""mutation_classes"": []}",,[],9606,
estrogen receptor alpha src1,CHEMBL206,P03372,estrogen alpha src1,estrogen receptor alpha src1,estrogen|alpha|src1,er alpha esr1,"{""parenthetical"": [], ""dropped"": [""receptor""], ""mutations"": [], ""mutation_classes"": []}",,[],9606,
estrogen receptor beta,CHEMBL206,P03372,estrogen beta,estrogen receptor beta,estrogen|beta,er beta esr2,"{""parenthetical"": [], ""dropped"": [""receptor""], ""mutations"": [], ""mutation_classes"": []}",,[],9606,
estrogen receptor beta,CHEMBL242,Q92731,estrogen beta,estrogen receptor beta,estrogen|beta,er beta esr2,"{""parenthetical"": [], ""dropped"": [""receptor""], ""mutations"": [], ""mutation_classes"": []}",,[],9606,
estrogen related receptor gamma,CHEMBL4245,P62508,estrogen related gamma,estrogen related receptor gamma,estrogen|related|gamma,esrrg,"{""parenthetical"": [], ""dropped"": [""receptor""], ""mutations"": [], ""mutation_classes"": []}",,[],9606,
estrone sulfatase,CHEMBL3559,P08842,estrone sulfatase,estrone sulfatase,estrone|sulfatase,,"{""parenthetical"": [], ""dropped"": [], ""mutations"": [], ""mutation_classes"": []}",,[],9606,
et - a receptor,CHEMBL252,P25101,et a|et-a|eta,et a receptor|et-a receptor|et-a|eta receptor|eta,et|a|et-a|eta,ednra,"{""parenthetical"": [], ""dropped"": [""receptor""], ""mutations"": [], ""mutation_classes"": []}",,[],9606,
et - b receptor,CHEMBL1785,P24530,et b|et-b|etb,et b receptor|et-b receptor|et-b|etb receptor|etb,et|b|et-b|etb,ednrb,"{""parenthetical"": [], ""dropped"": [""receptor""], ""mutations"": [], ""mutation_classes"": []}",,[],9606,
et - pkg,CHEMBL5036,Q8MMZ8,et pkg|et-pkg|etpkg,et pkg|et-pkg|etpkg,et|pkg|et-pkg|etpkg,,"{""parenthetical"": [], ""dropped"": [], ""mutations"": [], ""mutation_classes"": []}",,[],9606,
eta receptor,CHEMBL252,P25101,eta,eta receptor,eta,ednra,"{""parenthetical"": [], ""dropped"": [""receptor""], ""mutations"": [], ""mutation_classes"": []}",,[],9606,
etb receptor,CHEMBL1785,P24530,etb,etb receptor,etb,ednrb,"{""parenthetical"": [], ""dropped"": [""receptor""], ""mutations"": [], ""mutation_classes"": []}",,[],9606,
excitatory amino acid transporter 1,CHEMBL3085,P43003,excitatory amino acid transporter 1|excitatory amino acid transporter1|transporter1|excitatory amino acid transporter-1|transporter-1,excitatory amino acid transporter 1|excitatory amino acid transporter1|transporter1|excitatory amino acid transporter-1|transporter-1,excitatory|amino|acid|transporter|1|transporter1|transporter-1,,"{""parenthetical"": [], ""dropped"": [], ""mutations"": [], ""mutation_classes"": []}",,[],9606,
excitatory amino acid transporter 2,CHEMBL4973,P43004,excitatory amino acid transporter 2|excitatory amino acid transporter2|transporter2|excitatory amino acid transporter-2|transporter-2,excitatory amino acid transporter 2|excitatory amino acid transporter2|transporter2|excitatory amino acid transporter-2|transporter-2,excitatory|amino|acid|transporter|2|transporter2|transporter-2,,"{""parenthetical"": [], ""dropped"": [], ""mutations"": [], ""mutation_classes"": []}",,[],9606,
excitatory amino acid transporter 3,CHEMBL2721,P43005,excitatory amino acid transporter 3|excitatory amino acid transporter3|transporter3|excitatory amino acid transporter-3|transporter-3,excitatory amino acid transporter 3|excitatory amino acid transporter3|transporter3|excitatory amino acid transporter-3|transporter-3,excitatory|amino|acid|transporter|3|transporter3|transporter-3,,"{""parenthetical"": [], ""dropped"": [], ""mutations"": [], ""mutation_classes"": []}",,[],9606,
ezh2,CHEMBL2189110,Q15910,ezh2,ezh2,ezh2,,"{""parenthetical"": [], ""dropped"": [], ""mutations"": [], ""mutation_classes"": []}",,[],9606,
ezh2 y641f mutant,CHEMBL2189110,Q15910,ezh2 y641f,ezh2 y641f,ezh2|y641f,,"{""parenthetical"": [], ""dropped"": [], ""mutations"": [""mutant""], ""mutation_classes"": [""NONE""]}",NONE,[],9606,
ezh2 y641n mutant,CHEMBL2189110,Q15910,ezh2 y641n,ezh2 y641n,ezh2|y641n,,"{""parenthetical"": [], ""dropped"": [], ""mutations"": [""mutant""], ""mutation_classes"": [""NONE""]}",NONE,[],9606,
f10a,CHEMBL5062,O19045,f10a,f10a,f10a,,"{""parenthetical"": [], ""dropped"": [], ""mutations"": [], ""mutation_classes"": []}",,[],9606,
f10a,CHEMBL244,P00742,f10a,f10a,f10a,,"{""parenthetical"": [], ""dropped"": [], ""mutations"": [], ""mutation_classes"": []}",,[],9606,
f2a,CHEMBL204,P00734,f2a,f2a,f2a,,"{""parenthetical"": [], ""dropped"": [], ""mutations"": [], ""mutation_classes"": []}",,[],9606,
f9a,CHEMBL2016,P00740,f9a,f9a,f9a,,"{""parenthetical"": [], ""dropped"": [], ""mutations"": [], ""mutation_classes"": []}",,[],9606,
faah,CHEMBL2243,O00519,faah,faah,faah,,"{""parenthetical"": [], ""dropped"": [], ""mutations"": [], ""mutation_classes"": []}",,[],9606,
faah,CHEMBL3455,O08914,faah,faah,faah,,"{""parenthetical"": [], ""dropped"": [], ""mutations"": [], ""mutation_classes"": []}",,[],9606,
faah,CHEMBL3229,P97612,faah,faah,faah,,"{""parenthetical"": [], ""dropped"": [], ""mutations"": [], ""mutation_classes"": []}",,[],9606,
faah ),CHEMBL3229,P97612,faah ),faah ),faah|),,"{""parenthetical"": [], ""dropped"": [], ""mutations"": [], ""mutation_classes"": []}",,[],9606,
faah1,CHEMBL2243,O00519,faah1,faah1,faah1,,"{""parenthetical"": [], ""dropped"": [], ""mutations"": [], ""mutation_classes"": []}",,[],9606,
fabi,CHEMBL3994,Q6GI75,fabi,fabi,fabi,,"{""parenthetical"": [], ""dropped"": [], ""mutations"": [], ""mutation_classes"": []}",,[],9606,
fabi,CHEMBL4150,Q965D5,fabi,fabi,fabi,,"{""parenthetical"": [], ""dropped"": [], ""mutations"": [], ""mutation_classes"": []}",,[],9606,
fabi ),CHEMBL3994,Q6GI75,fabi ),fabi ),fabi|),,"{""parenthetical"": [], ""dropped"": [], ""mutations"": [], ""mutation_classes"": []}",,[],9606,
fabk,CHEMBL1075024,Q9FBC5,fabk,fabk,fabk,,"{""parenthetical"": [], ""dropped"": [], ""mutations"": [], ""mutation_classes"": []}",,[],9606,
fabp3,CHEMBL3344,P05413,fabp3,fabp3,fabp3,,"{""parenthetical"": [], ""dropped"": [], ""mutations"": [], ""mutation_classes"": []}",,[],9606,
fabp4,CHEMBL3344,P05413,fabp4,fabp4,fabp4,,"{""parenthetical"": [], ""dropped"": [], ""mutations"": [], ""mutation_classes"": []}",,[],9606,
fabp4,CHEMBL2083,P15090,fabp4,fabp4,fabp4,,"{""parenthetical"": [], ""dropped"": [], ""mutations"": [], ""mutation_classes"": []}",,[],9606,
fabz,CHEMBL4512,Q965D7,fabz,fabz,fabz,,"{""parenthetical"": [], ""dropped"": [], ""mutations"": [], ""mutation_classes"": []}",,[],9606,
factor - 10a,CHEMBL244,P00742,factor 10a|factor-10a|factor10a,factor 10a|factor-10a|factor10a,factor|10a|factor-10a|factor10a,,"{""parenthetical"": [], ""dropped"": [], ""mutations"": [], ""mutation_classes"": []}",,[],9606,
factor 10a,CHEMBL5062,O19045,factor 10a,factor 10a,factor|10a,,"{""parenthetical"": [], ""dropped"": [], ""mutations"": [], ""mutation_classes"": []}",,[],9606,
factor 10a,CHEMBL244,P00742,factor 10a,factor 10a,factor|10a,,"{""parenthetical"": [], ""dropped"": [], ""mutations"": [], ""mutation_classes"": []}",,[],9606,
factor 11a,CHEMBL2820,P03951,factor 11a,factor 11a,factor|11a,,"{""parenthetical"": [], ""dropped"": [], ""mutations"": [], ""mutation_classes"": []}",,[],9606,
factor 12a,CHEMBL2821,P00748,factor 12a,factor 12a,factor|12a,,"{""parenthetical"": [], ""dropped"": [], ""mutations"": [], ""mutation_classes"": []}",,[],9606,
factor 2a,CHEMBL204,P00734,factor 2a,factor 2a,factor|2a,,"{""parenthetical"": [], ""dropped"": [], ""mutations"": [], ""mutation_classes"": []}",,[],9606,
factor 7a,CHEMBL3991,P08709,factor 7a,factor 7a,factor|7a,,"{""parenthetical"": [], ""dropped"": [], ""mutations"": [], ""mutation_classes"": []}",,[],9606,
factor 9a,CHEMBL2016,P00740,factor 9a,factor 9a,factor|9a,,"{""parenthetical"": [], ""dropped"": [], ""mutations"": [], ""mutation_classes"": []}",,[],9606,
factor d,CHEMBL2176771,P00746,factor d,factor d,factor|d,,"{""parenthetical"": [], ""dropped"": [], ""mutations"": [], ""mutation_classes"": []}",,[],9606,
factor ixa,CHEMBL2016,P00740,factor ixa,factor ixa,factor|ixa,,"{""parenthetical"": [], ""dropped"": [], ""mutations"": [], ""mutation_classes"": []}",,[],9606,
factor xa,CHEMBL5062,O19045,factor xa,factor xa,factor|xa,,"{""parenthetical"": [], ""dropped"": [], ""mutations"": [], ""mutation_classes"": []}",,[],9606,
factor xa,CHEMBL244,P00742,factor xa,factor xa,factor|xa,,"{""parenthetical"": [], ""dropped"": [], ""mutations"": [], ""mutation_classes"": []}",,[],9606,
fak,CHEMBL2695,Q05397,fak,fak,fak,,"{""parenthetical"": [], ""dropped"": [], ""mutations"": [], ""mutation_classes"": []}",,[],9606,
fak ( 31 - 686 ),CHEMBL2695,Q05397,fak,fak,fak,,"{""parenthetical"": [""31 - 686""], ""dropped"": [], ""mutations"": [], ""mutation_classes"": []}",,[],9606,
fak cytoplasmic domain,CHEMBL2695,Q05397,fak cytoplasmic domain,fak cytoplasmic domain,fak|cytoplasmic|domain,,"{""parenthetical"": [], ""dropped"": [], ""mutations"": [], ""mutation_classes"": []}",,[],9606,
fak kinase domain,CHEMBL2695,Q05397,fak kinase domain,fak kinase domain,fak|kinase|domain,,"{""parenthetical"": [], ""dropped"": [], ""mutations"": [], ""mutation_classes"": []}",,[],9606,
falcipain - 2,CHEMBL5800,Q9N6S8,falcipain 2|falcipain-2|falcipain2,falcipain 2|falcipain-2|falcipain2,falcipain|2|falcipain-2|falcipain2,,"{""parenthetical"": [], ""dropped"": [], ""mutations"": [], ""mutation_classes"": []}",,[],9606,
falcipain - 3,CHEMBL4510,Q9NBA7,falcipain 3|falcipain-3|falcipain3,falcipain 3|falcipain-3|falcipain3,falcipain|3|falcipain-3|falcipain3,,"{""parenthetical"": [], ""dropped"": [], ""mutations"": [], ""mutation_classes"": []}",,[],9606,
falcipain2,CHEMBL5800,Q9N6S8,falcipain2,falcipain2,falcipain2,,"{""parenthetical"": [], ""dropped"": [], ""mutations"": [], ""mutation_classes"": []}",,[],9606,
falcipain3,CHEMBL4510,Q9NBA7,falcipain3,falcipain3,falcipain3,,"{""parenthetical"": [], ""dropped"": [], ""mutations"": [], ""mutation_classes"": []}",,[],9606,
fap,CHEMBL4683,Q12884,fap,fap,fap,,"{""parenthetical"": [], ""dropped"": [], ""mutations"": [], ""mutation_classes"": []}",,[],9606,
fas,CHEMBL4158,P49327,fas,fas,fas,,"{""parenthetical"": [], ""dropped"": [], ""mutations"": [], ""mutation_classes"": []}",,[],9606,
fasn,CHEMBL1795136,P12276,fasn,fasn,fasn,,"{""parenthetical"": [], ""dropped"": [], ""mutations"": [], ""mutation_classes"": []}",,[],9606,
fasn,CHEMBL4158,P49327,fasn,fasn,fasn,,"{""parenthetical"": [], ""dropped"": [], ""mutations"": [], ""mutation_classes"": []}",,[],9606,
fasn thioesterase,CHEMBL4158,P49327,fasn thioesterase,fasn thioesterase,fasn|thioesterase,,"{""parenthetical"": [], ""dropped"": [], ""mutations"": [], ""mutation_classes"": []}",,[],9606,
fatp1 acyl - coa synthetase,CHEMBL2052039,Q60714,fatp1 acyl coa synthetase|fatp1 acyl-coa synthetase|acyl-coa|fatp1 acylcoa synthetase|acylcoa,fatp1 acyl coa synthetase|fatp1 acyl-coa synthetase|acyl-coa|fatp1 acylcoa synthetase|acylcoa,fatp1|acyl|coa|synthetase|acyl-coa|acylcoa,,"{""parenthetical"": [], ""dropped"": [], ""mutations"": [], ""mutation_classes"": []}",,[],9606,
fatp1 acyl - coa synthetase,CHEMBL2052038,Q6PCB7,fatp1 acyl coa synthetase|fatp1 acyl-coa synthetase|acyl-coa|fatp1 acylcoa synthetase|acylcoa,fatp1 acyl coa synthetase|fatp1 acyl-coa synthetase|acyl-coa|fatp1 acylcoa synthetase|acylcoa,fatp1|acyl|coa|synthetase|acyl-coa|acylcoa,,"{""parenthetical"": [], ""dropped"": [], ""mutations"": [], ""mutation_classes"": []}",,[],9606,
fatty - acid amide hydrolase,CHEMBL2243,O00519,fatty acid amide hydrolase|fatty-acid amide hydrolase|fatty-acid|fattyacid amide hydrolase|fattyacid,fatty acid amide hydrolase|fatty-acid amide hydrolase|fatty-acid|fattyacid amide hydrolase|fattyacid,fatty|acid|amide|hydrolase|fatty-acid|fattyacid,,"{""parenthetical"": [], ""dropped"": [], ""mutations"": [], ""mutation_classes"": []}",,[],9606,
fatty - acid amide hydrolase,CHEMBL3229,P97612,fatty acid amide hydrolase|fatty-acid amide hydrolase|fatty-acid|fattyacid amide hydrolase|fattyacid,fatty acid amide hydrolase|fatty-acid amide hydrolase|fatty-acid|fattyacid amide hydrolase|fattyacid,fatty|acid|amide|hydrolase|fatty-acid|fattyacid,,"{""parenthetical"": [], ""dropped"": [], ""mutations"": [], ""mutation_classes"": []}",,[],9606,
fatty acid amide hydrolase,CHEMBL2243,O00519,fatty acid amide hydrolase,fatty acid amide hydrolase,fatty|acid|amide|hydrolase,,"{""parenthetical"": [], ""dropped"": [], ""mutations"": [], ""mutation_classes"": []}",,[],9606,
fatty acid amide hydrolase,CHEMBL3229,P97612,fatty acid amide hydrolase,fatty acid amide hydrolase,fatty|acid|amide|hydrolase,,"{""parenthetical"": [], ""dropped"": [], ""mutations"": [], ""mutation_classes"": []}",,[],9606,
fatty acid synthase,CHEMBL4158,P49327,fatty acid synthase,fatty acid synthase,fatty|acid|synthase,,"{""parenthetical"": [], ""dropped"": [], ""mutations"": [], ""mutation_classes"": []}",,[],9606,
fatty acid synthase ke domain,CHEMBL4158,P49327,fatty acid synthase ke domain,fatty acid synthase ke domain,fatty|acid|synthase|ke|domain,,"{""parenthetical"": [], ""dropped"": [], ""mutations"": [], ""mutation_classes"": []}",,[],9606,
fbp,CHEMBL3975,P09467,fbp,fbp,fbp,,"{""parenthetical"": [], ""dropped"": [], ""mutations"": [], ""mutation_classes"": []}",,[],9606,
fbp1,CHEMBL3975,P09467,fbp1,fbp1,fbp1,,"{""parenthetical"": [], ""dropped"": [], ""mutations"": [], ""mutation_classes"": []}",,[],9606,
fbpase,CHEMBL3975,P09467,fbpase,fbpase,fbpase,,"{""parenthetical"": [], ""dropped"": [], ""mutations"": [], ""mutation_classes"": []}",,[],9606,
fbpase 1,CHEMBL3975,P09467,fbpase 1|fbpase1|fbpase-1,fbpase 1|fbpase1|fbpase-1,fbpase|1|fbpase1|fbpase-1,,"{""parenthetical"": [], ""dropped"": [], ""mutations"": [], ""mutation_classes"": []}",,[],9606,
fbpase c116s mutant,CHEMBL3975,P09467,fbpase c116s,fbpase c116s,fbpase|c116s,,"{""parenthetical"": [], ""dropped"": [], ""mutations"": [""mutant""], ""mutation_classes"": [""NONE""]}",NONE,[],9606,
fbpase c179s mutant,CHEMBL3975,P09467,fbpase c179s,fbpase c179s,fbpase|c179s,,"{""parenthetical"": [], ""dropped"": [], ""mutations"": [""mutant""], ""mutation_classes"": [""NONE""]}",NONE,[],9606,
fbpase c183s mutant,CHEMBL3975,P09467,fbpase c183s,fbpase c183s,fbpase|c183s,,"{""parenthetical"": [], ""dropped"": [], ""mutations"": [""mutant""], ""mutation_classes"": [""NONE""]}",NONE,[],9606,
fbpase c281s mutant,CHEMBL3975,P09467,fbpase c281s,fbpase c281s,fbpase|c281s,,"{""parenthetical"": [], ""dropped"": [], ""mutations"": [""mutant""], ""mutation_classes"": [""NONE""]}",NONE,[],9606,
fbpase c38s mutant,CHEMBL3975,P09467,fbpase c38s,fbpase c38s,fbpase|c38s,,"{""parenthetical"": [], ""dropped"": [], ""mutations"": [""mutant""], ""mutation_classes"": [""NONE""]}",NONE,[],9606,
fbpase c92s mutant,CHEMBL3975,P09467,fbpase c92s,fbpase c92s,fbpase|c92s,,"{""parenthetical"": [], ""dropped"": [], ""mutations"": [""mutant""], ""mutation_classes"": [""NONE""]}",NONE,[],9606,
fbpase d127a mutant,CHEMBL3975,P09467,fbpase d127a,fbpase d127a,fbpase|d127a,,"{""parenthetical"": [], ""dropped"": [], ""mutations"": [""mutant""], ""mutation_classes"": [""NONE""]}",NONE,[],9606,
fbpase r243a mutant,CHEMBL3975,P09467,fbpase r243a,fbpase r243a,fbpase|r243a,,"{""parenthetical"": [], ""dropped"": [], ""mutations"": [""mutant""], ""mutation_classes"": [""NONE""]}",NONE,[],9606,
fbpase r254a mutant,CHEMBL3975,P09467,fbpase r254a,fbpase r254a,fbpase|r254a,,"{""parenthetical"": [], ""dropped"": [], ""mutations"": [""mutant""], ""mutation_classes"": [""NONE""]}",NONE,[],9606,
fbpase s124a mutant,CHEMBL3975,P09467,fbpase s124a,fbpase s124a,fbpase|s124a,,"{""parenthetical"": [], ""dropped"": [], ""mutations"": [""mutant""], ""mutation_classes"": [""NONE""]}",NONE,[],9606,
fbpase y258a mutant,CHEMBL3975,P09467,fbpase y258a,fbpase y258a,fbpase|y258a,,"{""parenthetical"": [], ""dropped"": [], ""mutations"": [""mutant""], ""mutation_classes"": [""NONE""]}",NONE,[],9606,
fbpase1,CHEMBL3975,P09467,fbpase1,fbpase1,fbpase1,,"{""parenthetical"": [], ""dropped"": [], ""mutations"": [], ""mutation_classes"": []}",,[],9606,
fbxl11,CHEMBL1938210,Q9Y2K7,fbxl11,fbxl11,fbxl11,,"{""parenthetical"": [], ""dropped"": [], ""mutations"": [], ""mutation_classes"": []}",,[],9606,
fdps,CHEMBL1782,P14324,fdps,fdps,fdps,,"{""parenthetical"": [], ""dropped"": [], ""mutations"": [], ""mutation_classes"": []}",,[],9606,
fer,CHEMBL3982,P16591,fer,fer,fer,,"{""parenthetical"": [], ""dropped"": [], ""mutations"": [], ""mutation_classes"": []}",,[],9606,
fes,CHEMBL5455,P07332,fes,fes,fes,,"{""parenthetical"": [], ""dropped"": [], ""mutations"": [], ""mutation_classes"": []}",,[],9606,
ffah,CHEMBL2243,O00519,ffah,ffah,ffah,,"{""parenthetical"": [], ""dropped"": [], ""mutations"": [], ""mutation_classes"": []}",,[],9606,
ffah,CHEMBL3229,P97612,ffah,ffah,ffah,,"{""parenthetical"": [], ""dropped"": [], ""mutations"": [], ""mutation_classes"": []}",,[],9606,
fgfr - 1,CHEMBL3650,P11362,fgfr 1|fgfr-1|fgfr1,fgfr 1|fgfr-1|fgfr1,fgfr|1|fgfr-1|fgfr1,,"{""parenthetical"": [], ""dropped"": [], ""mutations"": [], ""mutation_classes"": []}",,[],9606,
fgfr1,CHEMBL3650,P11362,fgfr1,fgfr1,fgfr1,,"{""parenthetical"": [], ""dropped"": [], ""mutations"": [], ""mutation_classes"": []}",,[],9606,
fgfr1 kinase,CHEMBL3650,P11362,fgfr1 kinase,fgfr1 kinase,fgfr1|kinase,,"{""parenthetical"": [], ""dropped"": [], ""mutations"": [], ""mutation_classes"": []}",,[],9606,
fgfr1op2,CHEMBL3650,P11362,fgfr1op2,fgfr1op2,fgfr1op2,,"{""parenthetical"": [], ""dropped"": [], ""mutations"": [], ""mutation_classes"": []}",,[],9606,
fgfr2,CHEMBL4142,P21802,fgfr2,fgfr2,fgfr2,,"{""parenthetical"": [], ""dropped"": [], ""mutations"": [], ""mutation_classes"": []}",,[],9606,
fgfr3,CHEMBL2742,P22607,fgfr3,fgfr3,fgfr3,,"{""parenthetical"": [], ""dropped"": [], ""mutations"": [], ""mutation_classes"": []}",,[],9606,
fgfr4,CHEMBL3973,P22455,fgfr4,fgfr4,fgfr4,,"{""parenthetical"": [], ""dropped"": [], ""mutations"": [], ""mutation_classes"": []}",,[],9606,
fgfr4,CHEMBL3839,Q03142,fgfr4,fgfr4,fgfr4,,"{""parenthetical"": [], ""dropped"": [], ""mutations"": [], ""mutation_classes"": []}",,[],9606,
fgfr4 c477a,CHEMBL3973,P22455,fgfr4 c477a,fgfr4 c477a,fgfr4|c477a,,"{""parenthetical"": [], ""dropped"": [], ""mutations"": [], ""mutation_classes"": []}",,[],9606,
fgfr4 kinase domain,CHEMBL3973,P22455,fgfr4 kinase domain,fgfr4 kinase domain,fgfr4|kinase|domain,,"{""parenthetical"": [], ""dropped"": [], ""mutations"": [], ""mutation_classes"": []}",,[],9606,
fkbp12,CHEMBL2842,P42345,fkbp12,fkbp12,fkbp12,,"{""parenthetical"": [], ""dropped"": [], ""mutations"": [], ""mutation_classes"": []}",,[],9606,
fkbp12,CHEMBL1902,P62942,fkbp12,fkbp12,fkbp12,,"{""parenthetical"": [], ""dropped"": [], ""mutations"": [], ""mutation_classes"": []}",,[],9606,
fkbp51,CHEMBL2052031,Q13451,fkbp51,fkbp51,fkbp51,,"{""parenthetical"": [], ""dropped"": [], ""mutations"": [], ""mutation_classes"": []}",,[],9606,
fkbp51 fk1 domain,CHEMBL2052031,Q13451,fkbp51 fk1 domain,fkbp51 fk1 domain,fkbp51|fk1|domain,,"{""parenthetical"": [], ""dropped"": [], ""mutations"": [], ""mutation_classes"": []}",,[],9606,fk1
fkbp52 fk1 domain,CHEMBL4050,Q02790,fkbp52 fk1 domain,fkbp52 fk1 domain,fkbp52|fk1|domain,,"{""parenthetical"": [], ""dropped"": [], ""mutations"": [], ""mutation_classes"": []}",,[],9606,fk1
fl3 itd,CHEMBL1974,P36888,fl3 itd,fl3 itd,fl3|itd,,"{""parenthetical"": [], ""dropped"": [], ""mutations"": [], ""mutation_classes"": []}",,[],9606,
fl3 itd mutant,CHEMBL1974,P36888,fl3 itd,fl3 itd,fl3|itd,,"{""parenthetical"": [], ""dropped"": [], ""mutations"": [""mutant""], ""mutation_classes"": [""NONE""]}",NONE,[],9606,
flap,CHEMBL4550,P20292,flap,flap,flap,,"{""parenthetical"": [], ""dropped"": [], ""mutations"": [], ""mutation_classes"": []}",,[],9606,
flt,CHEMBL1974,P36888,flt,flt,flt,,"{""parenthetical"": [], ""dropped"": [], ""mutations"": [], ""mutation_classes"": []}",,[],9606,
flt - 1,CHEMBL1868,P17948,flt 1|flt-1|flt1,flt 1|flt-1|flt1,flt|1|flt-1|flt1,,"{""parenthetical"": [], ""dropped"": [], ""mutations"": [], ""mutation_classes"": []}",,[],9606,
flt d835y mutant,CHEMBL1974,P36888,flt d835y,flt d835y,flt|d835y,,"{""parenthetical"": [], ""dropped"": [], ""mutations"": [""mutant""], ""mutation_classes"": [""NONE""]}",NONE,[],9606,
flt1,CHEMBL1868,P17948,flt1,flt1,flt1,,"{""parenthetical"": [], ""dropped"": [], ""mutations"": [], ""mutation_classes"": []}",,[],9606,
flt1 kinase,CHEMBL1868,P17948,flt1 kinase,flt1 kinase,flt1|kinase,,"{""parenthetical"": [], ""dropped"": [], ""mutations"": [], ""mutation_classes"": []}",,[],9606,
flt2,CHEMBL3650,P11362,flt2,flt2,flt2,,"{""parenthetical"": [], ""dropped"": [], ""mutations"": [], ""mutation_classes"": []}",,[],9606,
flt3,CHEMBL1974,P36888,flt3,flt3,flt3,,"{""parenthetical"": [], ""dropped"": [], ""mutations"": [], ""mutation_classes"": []}",,[],9606,
flt3 - itd mutant,CHEMBL1974,P36888,flt3 itd|flt3-itd|flt3itd,flt3 itd|flt3-itd|flt3itd,flt3|itd|flt3-itd|flt3itd,,"{""parenthetical"": [], ""dropped"": [], ""mutations"": [""mutant""], ""mutation_classes"": [""NONE""]}",NONE,[],9606,
flt3 cytoplasmic domain,CHEMBL1974,P36888,flt3 cytoplasmic domain,flt3 cytoplasmic domain,flt3|cytoplasmic|domain,,"{""parenthetical"": [], ""dropped"": [], ""mutations"": [], ""mutation_classes"": []}",,[],9606,
flt3 d835h mutant,CHEMBL1974,P36888,flt3 d835h,flt3 d835h,flt3|d835h,,"{""parenthetical"": [], ""dropped"": [], ""mutations"": [""mutant""], ""mutation_classes"": [""NONE""]}",NONE,[],9606,
flt3 d835y,CHEMBL1974,P36888,flt3 d835y,flt3 d835y,flt3|d835y,,"{""parenthetical"": [], ""dropped"": [], ""mutations"": [], ""mutation_classes"": []}",,[],9606,
flt3 d835y mutant,CHEMBL1974,P36888,flt3 d835y,flt3 d835y,flt3|d835y,,"{""parenthetical"": [], ""dropped"": [], ""mutations"": [""mutant""], ""mutation_classes"": [""NONE""]}",NONE,[],9606,
flt3 domain,CHEMBL1974,P36888,flt3 domain,flt3 domain,flt3|domain,,"{""parenthetical"": [], ""dropped"": [], ""mutations"": [], ""mutation_classes"": []}",,[],9606,
flt3 f594 _ r595insr mutant,CHEMBL1974,P36888,flt3 f594,flt3 f594,flt3|f594,,"{""parenthetical"": [], ""dropped"": [], ""mutations"": [""r595insr"", ""mutant""], ""mutation_classes"": [""INDEL_LIKE"", ""NONE""]}",INDEL_LIKE|NONE,[],9606,
flt3 f594 _ r595insrey mutant,CHEMBL1974,P36888,flt3 f594,flt3 f594,flt3|f594,,"{""parenthetical"": [], ""dropped"": [], ""mutations"": [""r595insrey"", ""mutant""], ""mutation_classes"": [""INDEL_LIKE"", ""NONE""]}",INDEL_LIKE|NONE,[],9606,
flt3 itd,CHEMBL1974,P36888,flt3 itd,flt3 itd,flt3|itd,,"{""parenthetical"": [], ""dropped"": [], ""mutations"": [], ""mutation_classes"": []}",,[],9606,
flt3 itd - npos mutant,CHEMBL1974,P36888,flt3 itd npos|flt3 itd-npos|itd-npos|flt3 itdnpos|itdnpos,flt3 itd npos|flt3 itd-npos|itd-npos|flt3 itdnpos|itdnpos,flt3|itd|npos|itd-npos|itdnpos,,"{""parenthetical"": [], ""dropped"": [], ""mutations"": [""mutant""], ""mutation_classes"": [""NONE""]}",NONE,[],9606,
flt3 itd - w51 mutant,CHEMBL1974,P36888,flt3 itd w51|flt3 itd-w51|itd-w51|flt3 itdw51|itdw51,flt3 itd w51|flt3 itd-w51|itd-w51|flt3 itdw51|itdw51,flt3|itd|w51|itd-w51|itdw51,,"{""parenthetical"": [], ""dropped"": [], ""mutations"": [""mutant""], ""mutation_classes"": [""NONE""]}",NONE,[],9606,
flt3 itd / d835h double mutant,CHEMBL1974,P36888,flt3 itd d835h double,flt3 itd d835h double,flt3|itd|d835h|double,,"{""parenthetical"": [], ""dropped"": [], ""mutations"": [""mutant""], ""mutation_classes"": [""NONE""]}",NONE,[],9606,
flt3 itd / d835y double mutant,CHEMBL1974,P36888,flt3 itd d835y double,flt3 itd d835y double,flt3|itd|d835y|double,,"{""parenthetical"": [], ""dropped"": [], ""mutations"": [""mutant""], ""mutation_classes"": [""NONE""]}",NONE,[],9606,
flt3 itd / f691l double mutant,CHEMBL1974,P36888,flt3 itd f691l double,flt3 itd f691l double,flt3|itd|f691l|double,,"{""parenthetical"": [], ""dropped"": [], ""mutations"": [""mutant""], ""mutation_classes"": [""NONE""]}",NONE,[],9606,
flt3 itd d835y mutant,CHEMBL1974,P36888,flt3 itd d835y,flt3 itd d835y,flt3|itd|d835y,,"{""parenthetical"": [], ""dropped"": [], ""mutations"": [""mutant""], ""mutation_classes"": [""NONE""]}",NONE,[],9606,
flt3 itd f691l mutant,CHEMBL1974,P36888,flt3 itd f691l,flt3 itd f691l,flt3|itd|f691l,,"{""parenthetical"": [], ""dropped"": [], ""mutations"": [""mutant""], ""mutation_classes"": [""NONE""]}",NONE,[],9606,
flt3 itd mutant,CHEMBL1974,P36888,flt3 itd,flt3 itd,flt3|itd,,"{""parenthetical"": [], ""dropped"": [], ""mutations"": [""mutant""], ""mutation_classes"": [""NONE""]}",NONE,[],9606,
flt3 kinase,CHEMBL1974,P36888,flt3 kinase,flt3 kinase,flt3|kinase,,"{""parenthetical"": [], ""dropped"": [], ""mutations"": [], ""mutation_classes"": []}",,[],9606,
flt3 kinase domain,CHEMBL1974,P36888,flt3 kinase domain,flt3 kinase domain,flt3|kinase|domain,,"{""parenthetical"": [], ""dropped"": [], ""mutations"": [], ""mutation_classes"": []}",,[],9606,
flt3 r595 _ e596 mutant,CHEMBL1974,P36888,flt3 r595 e596,flt3 r595 e596,flt3|r595|e596,,"{""parenthetical"": [], ""dropped"": [], ""mutations"": [""mutant""], ""mutation_classes"": [""NONE""]}",NONE,[],9606,
flt3 y591 - v592 mutant,CHEMBL1974,P36888,flt3 y591 v592|flt3 y591-v592|y591-v592|flt3 y591v592|y591v592,flt3 y591 v592|flt3 y591-v592|y591-v592|flt3 y591v592|y591v592,flt3|y591|v592|y591-v592|y591v592,,"{""parenthetical"": [], ""dropped"": [], ""mutations"": [""mutant""], ""mutation_classes"": [""NONE""]}",NONE,[],9606,
flt4,CHEMBL1955,P35916,flt4,flt4,flt4,,"{""parenthetical"": [], ""dropped"": [], ""mutations"": [], ""mutation_classes"": []}",,[],9606,
fms,CHEMBL1844,P07333,fms,fms,fms,,"{""parenthetical"": [], ""dropped"": [], ""mutations"": [], ""mutation_classes"": []}",,[],9606,
focal adhesion kinase,CHEMBL2695,Q05397,focal adhesion kinase,focal adhesion kinase,focal|adhesion|kinase,,"{""parenthetical"": [], ""dropped"": [], ""mutations"": [], ""mutation_classes"": []}",,[],9606,
fp2a,CHEMBL5800,Q9N6S8,fp2a,fp2a,fp2a,,"{""parenthetical"": [], ""dropped"": [], ""mutations"": [], ""mutation_classes"": []}",,[],9606,
fpp synthase,CHEMBL1782,P14324,fpp synthase,fpp synthase,fpp|synthase,,"{""parenthetical"": [], ""dropped"": [], ""mutations"": [], ""mutation_classes"": []}",,[],9606,
fpps,CHEMBL1782,P14324,fpps,fpps,fpps,,"{""parenthetical"": [], ""dropped"": [], ""mutations"": [], ""mutation_classes"": []}",,[],9606,
fpps,CHEMBL5831,Q197X6,fpps,fpps,fpps,,"{""parenthetical"": [], ""dropped"": [], ""mutations"": [], ""mutation_classes"": []}",,[],9606,
fpps,CHEMBL4752,Q8WS26,fpps,fpps,fpps,,"{""parenthetical"": [], ""dropped"": [], ""mutations"": [], ""mutation_classes"": []}",,[],9606,
fpr1,CHEMBL3359,P21462,fpr1,fpr1,fpr1,fpr1,"{""parenthetical"": [], ""dropped"": [], ""mutations"": [], ""mutation_classes"": []}",,[],9606,
fr - alpha receptor,CHEMBL2121,P15328,fr alpha|fr-alpha|fralpha,fr alpha receptor|fr-alpha receptor|fr-alpha|fralpha receptor|fralpha,fr|alpha|fr-alpha|fralpha,,"{""parenthetical"": [], ""dropped"": [""receptor""], ""mutations"": [], ""mutation_classes"": []}",,[],9606,
fr - beta receptor,CHEMBL5064,P14207,fr beta|fr-beta|frbeta,fr beta receptor|fr-beta receptor|fr-beta|frbeta receptor|frbeta,fr|beta|fr-beta|frbeta,ednra,"{""parenthetical"": [], ""dropped"": [""receptor""], ""mutations"": [], ""mutation_classes"": []}",,[],9606,
fr2,CHEMBL5064,P14207,fr2,fr2,fr2,,"{""parenthetical"": [], ""dropped"": [], ""mutations"": [], ""mutation_classes"": []}",,[],9606,
fralpha,CHEMBL2121,P15328,fralpha,fralpha,fralpha,,"{""parenthetical"": [], ""dropped"": [], ""mutations"": [], ""mutation_classes"": []}",,[],9606,
frbeta,CHEMBL5064,P14207,frbeta,frbeta,frbeta,,"{""parenthetical"": [], ""dropped"": [], ""mutations"": [], ""mutation_classes"": []}",,[],9606,
"fructose - 1 , 6 - bisphosphatase",CHEMBL3975,P09467,"fructose 1,6 bisphosphatase|fructose-1,6 bisphosphatase|fructose-1|fructose1,6 bisphosphatase|fructose1|fructose 1,6-bisphosphatase|6-bisphosphatase|fructose 1,6bisphosphatase|6bisphosphatase","fructose 1,6 bisphosphatase|fructose-1,6 bisphosphatase|fructose-1|fructose1,6 bisphosphatase|fructose1|fructose 1,6-bisphosphatase|6-bisphosphatase|fructose 1,6bisphosphatase|6bisphosphatase","fructose|1,6|bisphosphatase|fructose-1|fructose1|6-bisphosphatase|6bisphosphatase",,"{""parenthetical"": [], ""dropped"": [], ""mutations"": [], ""mutation_classes"": []}",,[],9606,
ftsz,CHEMBL5096,P0A031,ftsz,ftsz,ftsz,,"{""parenthetical"": [], ""dropped"": [], ""mutations"": [], ""mutation_classes"": []}",,[],9606,
fxa,CHEMBL5062,O19045,fxa,fxa,fxa,,"{""parenthetical"": [], ""dropped"": [], ""mutations"": [], ""mutation_classes"": []}",,[],9606,
fxa,CHEMBL244,P00742,fxa,fxa,fxa,,"{""parenthetical"": [], ""dropped"": [], ""mutations"": [], ""mutation_classes"": []}",,[],9606,
fxr,CHEMBL2047,Q96RI1,fxr,fxr,fxr,,"{""parenthetical"": [], ""dropped"": [], ""mutations"": [], ""mutation_classes"": []}",,[],9606,
fxr - lbd,CHEMBL2047,Q96RI1,fxr lbd|fxr-lbd|fxrlbd,fxr lbd|fxr-lbd|fxrlbd,fxr|lbd|fxr-lbd|fxrlbd,,"{""parenthetical"": [], ""dropped"": [], ""mutations"": [], ""mutation_classes"": []}",,[],9606,
fxr lbd,CHEMBL2047,Q96RI1,fxr lbd,fxr lbd,fxr|lbd,,"{""parenthetical"": [], ""dropped"": [], ""mutations"": [], ""mutation_classes"": []}",,[],9606,
fxr t396e mutant,CHEMBL2047,Q96RI1,fxr t396e,fxr t396e,fxr|t396e,,"{""parenthetical"": [], ""dropped"": [], ""mutations"": [""mutant""], ""mutation_classes"": [""NONE""]}",NONE,[],9606,
fxralpha,CHEMBL2047,Q96RI1,fxralpha,fxralpha,fxralpha,,"{""parenthetical"": [], ""dropped"": [], ""mutations"": [], ""mutation_classes"": []}",,[],9606,
fxralpha lbd,CHEMBL2047,Q96RI1,fxralpha lbd,fxralpha lbd,fxralpha|lbd,,"{""parenthetical"": [], ""dropped"": [], ""mutations"": [], ""mutation_classes"": []}",,[],9606,
fyn,CHEMBL1841,P06241,fyn,fyn,fyn,,"{""parenthetical"": [], ""dropped"": [], ""mutations"": [], ""mutation_classes"": []}",,[],9606,
fyn a,CHEMBL1841,P06241,fyn a,fyn a,fyn|a,,"{""parenthetical"": [], ""dropped"": [], ""mutations"": [], ""mutation_classes"": []}",,[],9606,
g9a,CHEMBL6032,Q96KQ7,g9a,g9a,g9a,,"{""parenthetical"": [], ""dropped"": [], ""mutations"": [], ""mutation_classes"": []}",,[],9606,
g9a,CHEMBL2169718,Q9Z148,g9a,g9a,g9a,,"{""parenthetical"": [], ""dropped"": [], ""mutations"": [], ""mutation_classes"": []}",,[],9606,
g9a catalytic set,CHEMBL6032,Q96KQ7,g9a catalytic set,g9a catalytic set,g9a|catalytic|set,,"{""parenthetical"": [], ""dropped"": [], ""mutations"": [], ""mutation_classes"": []}",,[],9606,
g9a set domain,CHEMBL6032,Q96KQ7,g9a set domain,g9a set domain,g9a|set|domain,,"{""parenthetical"": [], ""dropped"": [], ""mutations"": [], ""mutation_classes"": []}",,[],9606,
gaba - a alpha - 2 - beta - 2 - gamma - 2 receptor,CHEMBL341,P23576,gaba a alpha 2 beta 2 gamma 2|gaba-a alpha 2 beta 2 gamma 2|gaba-a|gabaa alpha 2 beta 2 gamma 2|gabaa|gaba a alpha-2-beta-2-gamma-2|alpha-2-beta-2-gamma-2|gaba a alpha2beta2gamma2|alpha2beta2gamma2|gaba a alpha2 beta 2 gamma 2|alpha2|gaba a alpha-2 beta 2 gamma 2|alpha-2|gaba a alpha 2 beta2 gamma 2|beta2|gaba a alpha 2 beta-2 gamma 2|beta-2|gaba a alpha 2 beta 2 gamma2|gamma2|gaba a alpha 2 beta 2 gamma-2|gamma-2,gaba a alpha 2 beta gamma receptor|gaba-a alpha 2 beta gamma receptor|gaba-a|gabaa alpha 2 beta gamma receptor|gabaa|alpha-2-beta-2-gamma-2|alpha2beta2gamma2|gaba a alpha2 beta gamma receptor|alpha2|gaba a alpha-2 beta gamma receptor|alpha-2|beta2|beta-2|gamma2|gamma-2,gaba|a|alpha|2|beta|gamma|gaba-a|gabaa|alpha-2-beta-2-gamma-2|alpha2beta2gamma2|alpha2|alpha-2|beta2|beta-2|gamma2|gamma-2,,"{""parenthetical"": [], ""dropped"": [""receptor""], ""mutations"": [], ""mutation_classes"": []}",,[],9606,
gaba - a alpha1,CHEMBL1962,P14867,gaba a alpha1|gaba-a alpha1|gaba-a|gabaa alpha1|gabaa,gaba a alpha1|gaba-a alpha1|gaba-a|gabaa alpha1|gabaa,gaba|a|alpha1|gaba-a|gabaa,gabra1,"{""parenthetical"": [], ""dropped"": [], ""mutations"": [], ""mutation_classes"": []}",,[],9606,
gaba - a alpha2,CHEMBL4956,P47869,gaba a alpha2|gaba-a alpha2|gaba-a|gabaa alpha2|gabaa,gaba a alpha2|gaba-a alpha2|gaba-a|gabaa alpha2|gabaa,gaba|a|alpha2|gaba-a|gabaa,gabra2,"{""parenthetical"": [], ""dropped"": [], ""mutations"": [], ""mutation_classes"": []}",,[],9606,
gaba - a alpha3,CHEMBL3026,P34903,gaba a alpha3|gaba-a alpha3|gaba-a|gabaa alpha3|gabaa,gaba a alpha3|gaba-a alpha3|gaba-a|gabaa alpha3|gabaa,gaba|a|alpha3|gaba-a|gabaa,gabra3,"{""parenthetical"": [], ""dropped"": [], ""mutations"": [], ""mutation_classes"": []}",,[],9606,
gaba - a alpha5,CHEMBL5112,P31644,gaba a alpha5|gaba-a alpha5|gaba-a|gabaa alpha5|gabaa,gaba a alpha5|gaba-a alpha5|gaba-a|gabaa alpha5|gabaa,gaba|a|alpha5|gaba-a|gabaa,gabra5,"{""parenthetical"": [], ""dropped"": [], ""mutations"": [], ""mutation_classes"": []}",,[],9606,
gaba transporter 1tm2,CHEMBL4054,P23978,gaba transporter 1tm2,gaba transporter 1tm2,gaba|transporter|1tm2,,"{""parenthetical"": [], ""dropped"": [], ""mutations"": [], ""mutation_classes"": []}",,[],9606,
gaba transporter 1tm3,CHEMBL4054,P23978,gaba transporter 1tm3,gaba transporter 1tm3,gaba|transporter|1tm3,,"{""parenthetical"": [], ""dropped"": [], ""mutations"": [], ""mutation_classes"": []}",,[],9606,
gabaa alpha1,CHEMBL1962,P14867,gabaa alpha1,gabaa alpha1,gabaa|alpha1,,"{""parenthetical"": [], ""dropped"": [], ""mutations"": [], ""mutation_classes"": []}",,[],9606,
gabaa alpha2,CHEMBL4956,P47869,gabaa alpha2,gabaa alpha2,gabaa|alpha2,,"{""parenthetical"": [], ""dropped"": [], ""mutations"": [], ""mutation_classes"": []}",,[],9606,
gabaa alpha3,CHEMBL3026,P34903,gabaa alpha3,gabaa alpha3,gabaa|alpha3,,"{""parenthetical"": [], ""dropped"": [], ""mutations"": [], ""mutation_classes"": []}",,[],9606,
gabaa alpha5,CHEMBL5112,P31644,gabaa alpha5,gabaa alpha5,gabaa|alpha5,,"{""parenthetical"": [], ""dropped"": [], ""mutations"": [], ""mutation_classes"": []}",,[],9606,
gabac rho - 1 receptor,CHEMBL3561,P24046,gabac rho 1|gabac rho-1|rho-1|gabac rho1|rho1,gabac rho 1 receptor|gabac rho-1 receptor|rho-1|gabac rho1 receptor|rho1,gabac|rho|1|rho-1|rho1,gabrr1,"{""parenthetical"": [], ""dropped"": [""receptor""], ""mutations"": [], ""mutation_classes"": []}",,[],9606,
gabac rho1 receptor,CHEMBL3561,P24046,gabac rho1,gabac rho1 receptor,gabac|rho1,gabrr1,"{""parenthetical"": [], ""dropped"": [""receptor""], ""mutations"": [], ""mutation_classes"": []}",,[],9606,
gac,CHEMBL2146302,O94925,gac,gac,gac,,"{""parenthetical"": [], ""dropped"": [], ""mutations"": [], ""mutation_classes"": []}",,[],9606,
gak,CHEMBL4355,O14976,gak,gak,gak,,"{""parenthetical"": [], ""dropped"": [], ""mutations"": [], ""mutation_classes"": []}",,[],9606,
gar tfase,CHEMBL3972,P22102,gar tfase,gar tfase,gar|tfase,,"{""parenthetical"": [], ""dropped"": [], ""mutations"": [], ""mutation_classes"": []}",,[],9606,
gar transformylase,CHEMBL3972,P22102,gar transformylase,gar transformylase,gar|transformylase,,"{""parenthetical"": [], ""dropped"": [], ""mutations"": [], ""mutation_classes"": []}",,[],9606,
gardos channel,CHEMBL4305,O15554,gardos,gardos channel,gardos,kcnn4 kca3.1,"{""parenthetical"": [], ""dropped"": [""channel""], ""mutations"": [], ""mutation_classes"": []}",,[],9606,
garftase,CHEMBL3972,P22102,garftase,garftase,garftase,,"{""parenthetical"": [], ""dropped"": [], ""mutations"": [], ""mutation_classes"": []}",,[],9606,
gat1,CHEMBL1903,P30531,gat1,gat1,gat1,,"{""parenthetical"": [], ""dropped"": [], ""mutations"": [], ""mutation_classes"": []}",,[],9606,
gat1,CHEMBL5445,P31648,gat1,gat1,gat1,,"{""parenthetical"": [], ""dropped"": [], ""mutations"": [], ""mutation_classes"": []}",,[],9606,
gat1 receptor,CHEMBL5445,P31648,gat1,gat1 receptor,gat1,slc6a1,"{""parenthetical"": [], ""dropped"": [""receptor""], ""mutations"": [], ""mutation_classes"": []}",,[],9606,
gat2,CHEMBL4889,P31646,gat2,gat2,gat2,,"{""parenthetical"": [], ""dropped"": [], ""mutations"": [], ""mutation_classes"": []}",,[],9606,
gba2,CHEMBL3761,Q9HCG7,gba2,gba2,gba2,,"{""parenthetical"": [], ""dropped"": [], ""mutations"": [], ""mutation_classes"": []}",,[],9606,
gcase enzyme alfa,CHEMBL2179,P04062,gcase enzyme alfa,gcase enzyme alfa,gcase|enzyme|alfa,,"{""parenthetical"": [], ""dropped"": [], ""mutations"": [], ""mutation_classes"": []}",,[],9606,
gcgr,CHEMBL1985,P47871,gcgr,gcgr,gcgr,,"{""parenthetical"": [], ""dropped"": [], ""mutations"": [], ""mutation_classes"": []}",,[],9606,
gck,CHEMBL3820,P35557,gck,gck,gck,,"{""parenthetical"": [], ""dropped"": [], ""mutations"": [], ""mutation_classes"": []}",,[],9606,
gcn5,CHEMBL5501,Q92830,gcn5,gcn5,gcn5,,"{""parenthetical"": [], ""dropped"": [], ""mutations"": [], ""mutation_classes"": []}",,[],9606,
gcp - 2,CHEMBL1892,Q04609,gcp 2|gcp-2|gcp2,gcp 2|gcp-2|gcp2,gcp|2|gcp-2|gcp2,,"{""parenthetical"": [], ""dropped"": [], ""mutations"": [], ""mutation_classes"": []}",,[],9606,
gcp2,CHEMBL1892,Q04609,gcp2,gcp2,gcp2,,"{""parenthetical"": [], ""dropped"": [], ""mutations"": [], ""mutation_classes"": []}",,[],9606,
gcpii,CHEMBL1892,Q04609,gcpii,gcpii,gcpii,,"{""parenthetical"": [], ""dropped"": [], ""mutations"": [], ""mutation_classes"": []}",,[],9606,
gcs,CHEMBL2063,Q16739,gcs,gcs,gcs,,"{""parenthetical"": [], ""dropped"": [], ""mutations"": [], ""mutation_classes"": []}",,[],9606,
gelatinase - a (,CHEMBL333,P08253,gelatinase a (|gelatinase-a (|gelatinase-a|gelatinasea (|gelatinasea,gelatinase a (|gelatinase-a (|gelatinase-a|gelatinasea (|gelatinasea,gelatinase|a|(|gelatinase-a|gelatinasea,,"{""parenthetical"": [], ""dropped"": [], ""mutations"": [], ""mutation_classes"": []}",,[],9606,
gelatinase - a ( matrix metalloprotease - 2 ),CHEMBL333,P08253,gelatinase a|gelatinase-a|gelatinasea,gelatinase a|gelatinase-a|gelatinasea,gelatinase|a|gelatinase-a|gelatinasea,,"{""parenthetical"": [""matrix metalloprotease - 2""], ""dropped"": [], ""mutations"": [], ""mutation_classes"": []}",,[],9606,
gelatinase - b,CHEMBL321,P14780,gelatinase b|gelatinase-b|gelatinaseb,gelatinase b|gelatinase-b|gelatinaseb,gelatinase|b|gelatinase-b|gelatinaseb,,"{""parenthetical"": [], ""dropped"": [], ""mutations"": [], ""mutation_classes"": []}",,[],9606,
gelatinase - b ( matrix metalloprotease - 9 ),CHEMBL321,P14780,gelatinase b|gelatinase-b|gelatinaseb,gelatinase b|gelatinase-b|gelatinaseb,gelatinase|b|gelatinase-b|gelatinaseb,,"{""parenthetical"": [""matrix metalloprotease - 9""], ""dropped"": [], ""mutations"": [], ""mutation_classes"": []}",,[],9606,
gelatinase b,CHEMBL321,P14780,gelatinase b,gelatinase b,gelatinase|b,,"{""parenthetical"": [], ""dropped"": [], ""mutations"": [], ""mutation_classes"": []}",,[],9606,
gelatinase b ( matrix metalloprotease - 9 ),CHEMBL321,P14780,gelatinase b,gelatinase b,gelatinase|b,,"{""parenthetical"": [""matrix metalloprotease - 9""], ""dropped"": [], ""mutations"": [], ""mutation_classes"": []}",,[],9606,
ggdps,CHEMBL4769,O95749,ggdps,ggdps,ggdps,,"{""parenthetical"": [], ""dropped"": [], ""mutations"": [], ""mutation_classes"": []}",,[],9606,
ggpps,CHEMBL4769,O95749,ggpps,ggpps,ggpps,,"{""parenthetical"": [], ""dropped"": [], ""mutations"": [], ""mutation_classes"": []}",,[],9606,
ggpps y246d mutant,CHEMBL4769,O95749,ggpps y246d,ggpps y246d,ggpps|y246d,,"{""parenthetical"": [], ""dropped"": [], ""mutations"": [""mutant""], ""mutation_classes"": [""NONE""]}",NONE,[],9606,
gh secretagogue hghsr ) receptor,CHEMBL4616,Q92847,gh secretagogue hghsr ),gh secretagogue hghsr ) receptor,gh|secretagogue|hghsr|),,"{""parenthetical"": [], ""dropped"": [""receptor""], ""mutations"": [], ""mutation_classes"": []}",,[],9606,
ghs receptor,CHEMBL4616,Q92847,ghs,ghs receptor,ghs,ghsr ghsr1a,"{""parenthetical"": [], ""dropped"": [""receptor""], ""mutations"": [], ""mutation_classes"": []}",,[],9606,
ghsr,CHEMBL4616,Q92847,ghsr,ghsr,ghsr,ghsr,"{""parenthetical"": [], ""dropped"": [], ""mutations"": [], ""mutation_classes"": []}",,[],9606,
ghsr1a receptor,CHEMBL4616,Q92847,ghsr1a,ghsr1a receptor,ghsr1a,ghsr ghsr1a,"{""parenthetical"": [], ""dropped"": [""receptor""], ""mutations"": [], ""mutation_classes"": []}",,[],9606,
gk3beta,CHEMBL262,P49841,gk3beta,gk3beta,gk3beta,,"{""parenthetical"": [], ""dropped"": [], ""mutations"": [], ""mutation_classes"": []}",,[],9606,
gk3beta h350l mutant,CHEMBL262,P49841,gk3beta h350l,gk3beta h350l,gk3beta|h350l,,"{""parenthetical"": [], ""dropped"": [], ""mutations"": [""mutant""], ""mutation_classes"": [""NONE""]}",NONE,[],9606,
glk,CHEMBL5432,Q8IVH8,glk,glk,glk,,"{""parenthetical"": [], ""dropped"": [], ""mutations"": [], ""mutation_classes"": []}",,[],9606,
glo1,CHEMBL2424,Q04760,glo1,glo1,glo1,,"{""parenthetical"": [], ""dropped"": [], ""mutations"": [], ""mutation_classes"": []}",,[],9606,
glp,CHEMBL6031,Q9H9B1,glp,glp,glp,,"{""parenthetical"": [], ""dropped"": [], ""mutations"": [], ""mutation_classes"": []}",,[],9606,
glp ( 610 to 917 ),CHEMBL6031,Q9H9B1,glp,glp,glp,,"{""parenthetical"": [""610 to 917""], ""dropped"": [], ""mutations"": [], ""mutation_classes"": []}",,[],9606,
glp set,CHEMBL6031,Q9H9B1,glp set,glp set,glp|set,,"{""parenthetical"": [], ""dropped"": [], ""mutations"": [], ""mutation_classes"": []}",,[],9606,
glp set domain,CHEMBL6031,Q9H9B1,glp set domain,glp set domain,glp|set|domain,,"{""parenthetical"": [], ""dropped"": [], ""mutations"": [], ""mutation_classes"": []}",,[],9606,
glp1 receptor,CHEMBL1784,P43220,glp1,glp1 receptor,glp1,glp1r,"{""parenthetical"": [], ""dropped"": [""receptor""], ""mutations"": [], ""mutation_classes"": []}",,[],9606,
glp1r,CHEMBL1784,P43220,glp1r,glp1r,glp1r,,"{""parenthetical"": [], ""dropped"": [], ""mutations"": [], ""mutation_classes"": []}",,[],9606,
gls1,CHEMBL2146302,O94925,gls1,gls1,gls1,,"{""parenthetical"": [], ""dropped"": [], ""mutations"": [], ""mutation_classes"": []}",,[],9606,
gls1 kga,CHEMBL2146302,O94925,gls1 kga,gls1 kga,gls1|kga,,"{""parenthetical"": [], ""dropped"": [], ""mutations"": [], ""mutation_classes"": []}",,[],9606,
glu - plasminogen,CHEMBL1801,P00747,glu plasminogen|glu-plasminogen|gluplasminogen,glu plasminogen|glu-plasminogen|gluplasminogen,glu|plasminogen|glu-plasminogen|gluplasminogen,,"{""parenthetical"": [], ""dropped"": [], ""mutations"": [], ""mutation_classes"": []}",,[],9606,
glua1,CHEMBL3753,P19490,glua1,glua1,glua1,gria1,"{""parenthetical"": [], ""dropped"": [], ""mutations"": [], ""mutation_classes"": []}",,[],9606,
glua1 receptor,CHEMBL3753,P19490,glua1,glua1 receptor,glua1,gria1,"{""parenthetical"": [], ""dropped"": [""receptor""], ""mutations"": [], ""mutation_classes"": []}",,[],9606,
glua2,CHEMBL4016,P42262,glua2,glua2,glua2,gria2,"{""parenthetical"": [], ""dropped"": [], ""mutations"": [], ""mutation_classes"": []}",,[],9606,
glua2 - ampa receptor,CHEMBL4016,P42262,glua2 ampa|glua2-ampa|glua2ampa,glua2 ampa receptor|glua2-ampa receptor|glua2-ampa|glua2ampa receptor|glua2ampa,glua2|ampa|glua2-ampa|glua2ampa,gria2,"{""parenthetical"": [], ""dropped"": [""receptor""], ""mutations"": [], ""mutation_classes"": []}",,[],9606,
glua2 ( r ),CHEMBL3503,P19491,glua2 r|r,glua2 r|r,glua2|r,gria2,"{""parenthetical"": [""r""], ""dropped"": [], ""mutations"": [], ""mutation_classes"": []}",,[],9606,
glua3,CHEMBL3504,P19492,glua3,glua3,glua3,gria3,"{""parenthetical"": [], ""dropped"": [], ""mutations"": [], ""mutation_classes"": []}",,[],9606,
glua3 - lbd,CHEMBL3504,P19492,glua3 lbd|glua3-lbd|glua3lbd,glua3 lbd|glua3-lbd|glua3lbd,glua3|lbd|glua3-lbd|glua3lbd,gria3,"{""parenthetical"": [], ""dropped"": [], ""mutations"": [], ""mutation_classes"": []}",,[],9606,
glua3 - lbd ( gluk3 - s1s2 ),CHEMBL3504,P19492,glua3 lbd|glua3-lbd|glua3lbd,glua3 lbd|glua3-lbd|glua3lbd,glua3|lbd|glua3-lbd|glua3lbd,gria3,"{""parenthetical"": [""gluk3 - s1s2""], ""dropped"": [], ""mutations"": [], ""mutation_classes"": []}",,[],9606,
glucagon receptor,CHEMBL4720,P30082,glucagon,glucagon receptor,glucagon,gcgr,"{""parenthetical"": [], ""dropped"": [""receptor""], ""mutations"": [], ""mutation_classes"": []}",,[],9606,
glucagon receptor,CHEMBL1985,P47871,glucagon,glucagon receptor,glucagon,gcgr,"{""parenthetical"": [], ""dropped"": [""receptor""], ""mutations"": [], ""mutation_classes"": []}",,[],9606,
glucocerebrosidase n370s mutant,CHEMBL2179,P04062,glucocerebrosidase n370s,glucocerebrosidase n370s,glucocerebrosidase|n370s,,"{""parenthetical"": [], ""dropped"": [], ""mutations"": [""mutant""], ""mutation_classes"": [""NONE""]}",NONE,[],9606,
glucocorticoid receptor,CHEMBL2034,P04150,glucocorticoid,glucocorticoid receptor,glucocorticoid,,"{""parenthetical"": [], ""dropped"": [""receptor""], ""mutations"": [], ""mutation_classes"": []}",,[],9606,
glucocorticoid receptor,CHEMBL3368,P06536,glucocorticoid,glucocorticoid receptor,glucocorticoid,,"{""parenthetical"": [], ""dropped"": [""receptor""], ""mutations"": [], ""mutation_classes"": []}",,[],9606,
glucocorticoid receptor - alpha,CHEMBL2034,P04150,glucocorticoid alpha|receptor-alpha|receptoralpha,glucocorticoid receptor alpha|glucocorticoid receptor-alpha|receptor-alpha|glucocorticoid receptoralpha|receptoralpha,glucocorticoid|alpha|receptor-alpha|receptoralpha,,"{""parenthetical"": [], ""dropped"": [""receptor""], ""mutations"": [], ""mutation_classes"": []}",,[],9606,
glucocorticoid receptor - lbd,CHEMBL2034,P04150,glucocorticoid lbd|receptor-lbd|receptorlbd,glucocorticoid receptor lbd|glucocorticoid receptor-lbd|receptor-lbd|glucocorticoid receptorlbd|receptorlbd,glucocorticoid|lbd|receptor-lbd|receptorlbd,,"{""parenthetical"": [], ""dropped"": [""receptor""], ""mutations"": [], ""mutation_classes"": []}",,[],9606,
glucocorticoid receptor ( gr ),CHEMBL2034,P04150,glucocorticoid gr|gr,glucocorticoid receptor gr|gr,glucocorticoid|gr,,"{""parenthetical"": [""gr""], ""dropped"": [""receptor""], ""mutations"": [], ""mutation_classes"": []}",,[],9606,
glucocorticoid receptor ( hgr ),CHEMBL2034,P04150,glucocorticoid hgr|hgr,glucocorticoid receptor hgr|hgr,glucocorticoid|hgr,,"{""parenthetical"": [""hgr""], ""dropped"": [""receptor""], ""mutations"": [], ""mutation_classes"": []}",,[],9606,
glucocorticoid receptor dependent alkaline phosphatase,CHEMBL2034,P04150,glucocorticoid dependent alkaline phosphatase,glucocorticoid receptor dependent alkaline phosphatase,glucocorticoid|dependent|alkaline|phosphatase,,"{""parenthetical"": [], ""dropped"": [""receptor""], ""mutations"": [], ""mutation_classes"": []}",,[],9606,
glucocorticoid receptor lbd,CHEMBL2034,P04150,glucocorticoid lbd,glucocorticoid receptor lbd,glucocorticoid|lbd,,"{""parenthetical"": [], ""dropped"": [""receptor""], ""mutations"": [], ""mutation_classes"": []}",,[],9606,
glucocorticoid receptor ligand binding domain,CHEMBL2034,P04150,glucocorticoid ligand binding domain,glucocorticoid receptor ligand binding domain,glucocorticoid|ligand|binding|domain,,"{""parenthetical"": [], ""dropped"": [""receptor""], ""mutations"": [], ""mutation_classes"": []}",,[],9606,
glucocorticoid receptorin,CHEMBL2034,P04150,glucocorticoid receptorin,glucocorticoid receptorin,glucocorticoid|receptorin,,"{""parenthetical"": [], ""dropped"": [], ""mutations"": [], ""mutation_classes"": []}",,[],9606,
glucosylceramide synthase,CHEMBL6013,O88693,glucosylceramide synthase,glucosylceramide synthase,glucosylceramide|synthase,,"{""parenthetical"": [], ""dropped"": [], ""mutations"": [], ""mutation_classes"": []}",,[],9606,
glucr,CHEMBL4720,P30082,glucr,glucr,glucr,,"{""parenthetical"": [], ""dropped"": [], ""mutations"": [], ""mutation_classes"": []}",,[],9606,
gluk5,CHEMBL1918,P39086,gluk5,gluk5,gluk5,grik5,"{""parenthetical"": [], ""dropped"": [], ""mutations"": [], ""mutation_classes"": []}",,[],9606,
gluk5 / gluk2,CHEMBL1918,P39086,gluk5 gluk2,gluk5 gluk2,gluk5|gluk2,grik5 grik2,"{""parenthetical"": [], ""dropped"": [], ""mutations"": [], ""mutation_classes"": []}",,[],9606,
gluk5 receptor,CHEMBL1918,P39086,gluk5,gluk5 receptor,gluk5,grik5,"{""parenthetical"": [], ""dropped"": [""receptor""], ""mutations"": [], ""mutation_classes"": []}",,[],9606,
gluk6,CHEMBL3683,Q13002,gluk6,gluk6,gluk6,grik6,"{""parenthetical"": [], ""dropped"": [], ""mutations"": [], ""mutation_classes"": []}",,[],9606,
gluka2 ( r ) receptor,CHEMBL3503,P19491,gluka2 r|r,gluka2 receptor r|r,gluka2|r,,"{""parenthetical"": [""r""], ""dropped"": [""receptor""], ""mutations"": [], ""mutation_classes"": []}",,[],9606,
glukk2 (,CHEMBL3607,P42260,glukk2 (,glukk2 (,glukk2|(,,"{""parenthetical"": [], ""dropped"": [], ""mutations"": [], ""mutation_classes"": []}",,[],9606,
glun2a receptor,CHEMBL1972,Q12879,glun2a,glun2a receptor,glun2a,grin2a,"{""parenthetical"": [], ""dropped"": [""receptor""], ""mutations"": [], ""mutation_classes"": []}",,[],9606,
glun2b,CHEMBL1904,Q13224,glun2b,glun2b,glun2b,,"{""parenthetical"": [], ""dropped"": [], ""mutations"": [], ""mutation_classes"": []}",,[],9606,
glun2b receptor,CHEMBL1904,Q13224,glun2b,glun2b receptor,glun2b,grin2b,"{""parenthetical"": [], ""dropped"": [""receptor""], ""mutations"": [], ""mutation_classes"": []}",,[],9606,
glur,CHEMBL1985,P47871,glur,glur,glur,,"{""parenthetical"": [], ""dropped"": [], ""mutations"": [], ""mutation_classes"": []}",,[],9606,
glutamate carboxypeptidase 2,CHEMBL1892,Q04609,glutamate carboxypeptidase 2|glutamate carboxypeptidase2|carboxypeptidase2|glutamate carboxypeptidase-2|carboxypeptidase-2,glutamate carboxypeptidase 2|glutamate carboxypeptidase2|carboxypeptidase2|glutamate carboxypeptidase-2|carboxypeptidase-2,glutamate|carboxypeptidase|2|carboxypeptidase2|carboxypeptidase-2,,"{""parenthetical"": [], ""dropped"": [], ""mutations"": [], ""mutation_classes"": []}",,[],9606,
glutamate carboxypeptidase ii,CHEMBL1892,Q04609,glutamate carboxypeptidase 2|glutamate carboxypeptidase2|carboxypeptidase2|glutamate carboxypeptidase-2|carboxypeptidase-2,glutamate carboxypeptidase 2|glutamate carboxypeptidase2|carboxypeptidase2|glutamate carboxypeptidase-2|carboxypeptidase-2,glutamate|carboxypeptidase|2|carboxypeptidase2|carboxypeptidase-2,,"{""parenthetical"": [], ""dropped"": [], ""mutations"": [], ""mutation_classes"": []}",,[],9606,
glutamate carboxypeptidase ii ( gcp ii ),CHEMBL1892,Q04609,glutamate carboxypeptidase 2|glutamate carboxypeptidase2|carboxypeptidase2|glutamate carboxypeptidase-2|carboxypeptidase-2,glutamate carboxypeptidase 2|glutamate carboxypeptidase2|carboxypeptidase2|glutamate carboxypeptidase-2|carboxypeptidase-2,glutamate|carboxypeptidase|2|carboxypeptidase2|carboxypeptidase-2,,"{""parenthetical"": [""gcp 2""], ""dropped"": [], ""mutations"": [], ""mutation_classes"": []}",,[],9606,
glutamate receptor 5,CHEMBL3227,P41594,glutamate 5|receptor5|receptor-5,glutamate receptor 5|glutamate receptor5|receptor5|glutamate receptor-5|receptor-5,glutamate|5|receptor5|receptor-5,grm5,"{""parenthetical"": [], ""dropped"": [""receptor""], ""mutations"": [], ""mutation_classes"": []}",,[],9606,
glutaminyl cyclase,CHEMBL4508,Q16769,glutaminyl cyclase,glutaminyl cyclase,glutaminyl|cyclase,,"{""parenthetical"": [], ""dropped"": [], ""mutations"": [], ""mutation_classes"": []}",,[],9606,
glycine receptor alpha 1,CHEMBL5845,P23415,glycine alpha 1|glycine alpha1|alpha1|glycine alpha-1|alpha-1,glycine receptor alpha 1|glycine receptor alpha1|alpha1|glycine receptor alpha-1|alpha-1,glycine|alpha|1|alpha1|alpha-1,glra1,"{""parenthetical"": [], ""dropped"": [""receptor""], ""mutations"": [], ""mutation_classes"": []}",,[],9606,
glycine receptor subunit alpha - 1,CHEMBL5845,P23415,glycine alpha 1|glycine alpha-1|alpha-1|glycine alpha1|alpha1,glycine receptor subunit alpha 1|glycine receptor subunit alpha-1|alpha-1|glycine receptor subunit alpha1|alpha1,glycine|alpha|1|alpha-1|alpha1,glra1,"{""parenthetical"": [], ""dropped"": [""receptor"", ""subunit""], ""mutations"": [], ""mutation_classes"": []}",,[],9606,
glycine transporter type - 2,CHEMBL3060,Q9Y345,glycine transporter type 2|glycine transporter type-2|type-2|glycine transporter type2|type2,glycine transporter type 2|glycine transporter type-2|type-2|glycine transporter type2|type2,glycine|transporter|type|2|type-2|type2,,"{""parenthetical"": [], ""dropped"": [], ""mutations"": [], ""mutation_classes"": []}",,[],9606,
glycogen phosphorylase,CHEMBL2568,P06737,glycogen phosphorylase,glycogen phosphorylase,glycogen|phosphorylase,,"{""parenthetical"": [], ""dropped"": [], ""mutations"": [], ""mutation_classes"": []}",,[],9606,
glycogen phosphorylase,CHEMBL3239,P09811,glycogen phosphorylase,glycogen phosphorylase,glycogen|phosphorylase,,"{""parenthetical"": [], ""dropped"": [], ""mutations"": [], ""mutation_classes"": []}",,[],9606,
glycogen phosphorylase a,CHEMBL2568,P06737,glycogen phosphorylase a,glycogen phosphorylase a,glycogen|phosphorylase|a,,"{""parenthetical"": [], ""dropped"": [], ""mutations"": [], ""mutation_classes"": []}",,[],9606,
glycogen phosphorylase alpha,CHEMBL2568,P06737,glycogen phosphorylase alpha,glycogen phosphorylase alpha,glycogen|phosphorylase|alpha,,"{""parenthetical"": [], ""dropped"": [], ""mutations"": [], ""mutation_classes"": []}",,[],9606,
glycogen phosphorylase b,CHEMBL4696,P00489,glycogen phosphorylase b,glycogen phosphorylase b,glycogen|phosphorylase|b,,"{""parenthetical"": [], ""dropped"": [], ""mutations"": [], ""mutation_classes"": []}",,[],9606,
glycogen synthase kinase - 3 beta,CHEMBL262,P49841,glycogen synthase kinase 3 beta|glycogen synthase kinase-3 beta|kinase-3|glycogen synthase kinase3 beta|kinase3,glycogen synthase kinase 3 beta|glycogen synthase kinase-3 beta|kinase-3|glycogen synthase kinase3 beta|kinase3,glycogen|synthase|kinase|3|beta|kinase-3|kinase3,,"{""parenthetical"": [], ""dropped"": [], ""mutations"": [], ""mutation_classes"": []}",,[],9606,
glycolate oxidase,CHEMBL4229,Q9UJM8,glycolate oxidase,glycolate oxidase,glycolate|oxidase,,"{""parenthetical"": [], ""dropped"": [], ""mutations"": [], ""mutation_classes"": []}",,[],9606,
glycolate oxidase,CHEMBL4295985,Q9WU19,glycolate oxidase,glycolate oxidase,glycolate|oxidase,,"{""parenthetical"": [], ""dropped"": [], ""mutations"": [], ""mutation_classes"": []}",,[],9606,
glyoxalase - 1,CHEMBL2424,Q04760,glyoxalase 1|glyoxalase-1|glyoxalase1,glyoxalase 1|glyoxalase-1|glyoxalase1,glyoxalase|1|glyoxalase-1|glyoxalase1,,"{""parenthetical"": [], ""dropped"": [], ""mutations"": [], ""mutation_classes"": []}",,[],9606,
glyoxalase 1,CHEMBL2424,Q04760,glyoxalase 1|glyoxalase1|glyoxalase-1,glyoxalase 1|glyoxalase1|glyoxalase-1,glyoxalase|1|glyoxalase1|glyoxalase-1,,"{""parenthetical"": [], ""dropped"": [], ""mutations"": [], ""mutation_classes"": []}",,[],9606,
glyt - 1,CHEMBL2337,P48067,glyt 1|glyt-1|glyt1,glyt 1|glyt-1|glyt1,glyt|1|glyt-1|glyt1,,"{""parenthetical"": [], ""dropped"": [], ""mutations"": [], ""mutation_classes"": []}",,[],9606,
glyt - 2,CHEMBL3060,Q9Y345,glyt 2|glyt-2|glyt2,glyt 2|glyt-2|glyt2,glyt|2|glyt-2|glyt2,,"{""parenthetical"": [], ""dropped"": [], ""mutations"": [], ""mutation_classes"": []}",,[],9606,
glyt1a,CHEMBL2337,P48067,glyt1a,glyt1a,glyt1a,,"{""parenthetical"": [], ""dropped"": [], ""mutations"": [], ""mutation_classes"": []}",,[],9606,
glyt1b,CHEMBL2337,P48067,glyt1b,glyt1b,glyt1b,,"{""parenthetical"": [], ""dropped"": [], ""mutations"": [], ""mutation_classes"": []}",,[],9606,
glyt2,CHEMBL3060,Q9Y345,glyt2,glyt2,glyt2,,"{""parenthetical"": [], ""dropped"": [], ""mutations"": [], ""mutation_classes"": []}",,[],9606,
glyt2a,CHEMBL3060,Q9Y345,glyt2a,glyt2a,glyt2a,,"{""parenthetical"": [], ""dropped"": [], ""mutations"": [], ""mutation_classes"": []}",,[],9606,
gnrh receptor,CHEMBL1855,P30968,gnrh,gnrh receptor,gnrh,,"{""parenthetical"": [], ""dropped"": [""receptor""], ""mutations"": [], ""mutation_classes"": []}",,[],9606,
gnrh receptor,CHEMBL3066,P30969,gnrh,gnrh receptor,gnrh,,"{""parenthetical"": [], ""dropped"": [""receptor""], ""mutations"": [], ""mutation_classes"": []}",,[],9606,
gnrh receptor,CHEMBL5647,Q8SPZ1,gnrh,gnrh receptor,gnrh,,"{""parenthetical"": [], ""dropped"": [""receptor""], ""mutations"": [], ""mutation_classes"": []}",,[],9606,
gnrhr,CHEMBL1855,P30968,gnrhr,gnrhr,gnrhr,,"{""parenthetical"": [], ""dropped"": [], ""mutations"": [], ""mutation_classes"": []}",,[],9606,
gnrhr ),CHEMBL1855,P30968,gnrhr ),gnrhr ),gnrhr|),,"{""parenthetical"": [], ""dropped"": [], ""mutations"": [], ""mutation_classes"": []}",,[],9606,
"gnrhr , gnrhr a50t",CHEMBL1855,P30968,gnrhr gnrhr a50t,gnrhr a50t,gnrhr|a50t,,"{""parenthetical"": [], ""dropped"": [], ""mutations"": [], ""mutation_classes"": []}",,[],9606,
"gnrhr , gnrhr d293a",CHEMBL1855,P30968,gnrhr gnrhr d293a,gnrhr d293a,gnrhr|d293a,,"{""parenthetical"": [], ""dropped"": [], ""mutations"": [], ""mutation_classes"": []}",,[],9606,
"gnrhr , gnrhr d293e",CHEMBL1855,P30968,gnrhr gnrhr d293e,gnrhr d293e,gnrhr|d293e,,"{""parenthetical"": [], ""dropped"": [], ""mutations"": [], ""mutation_classes"": []}",,[],9606,
"gnrhr , gnrhr d293k",CHEMBL1855,P30968,gnrhr gnrhr d293k,gnrhr d293k,gnrhr|d293k,,"{""parenthetical"": [], ""dropped"": [], ""mutations"": [], ""mutation_classes"": []}",,[],9606,
"gnrhr , gnrhr d293n",CHEMBL1855,P30968,gnrhr gnrhr d293n,gnrhr d293n,gnrhr|d293n,,"{""parenthetical"": [], ""dropped"": [], ""mutations"": [], ""mutation_classes"": []}",,[],9606,
"gnrhr , gnrhr d302a",CHEMBL1855,P30968,gnrhr gnrhr d302a,gnrhr d302a,gnrhr|d302a,,"{""parenthetical"": [], ""dropped"": [], ""mutations"": [], ""mutation_classes"": []}",,[],9606,
"gnrhr , gnrhr d302n",CHEMBL1855,P30968,gnrhr gnrhr d302n,gnrhr d302n,gnrhr|d302n,,"{""parenthetical"": [], ""dropped"": [], ""mutations"": [], ""mutation_classes"": []}",,[],9606,
"gnrhr , gnrhr d302q",CHEMBL1855,P30968,gnrhr gnrhr d302q,gnrhr d302q,gnrhr|d302q,,"{""parenthetical"": [], ""dropped"": [], ""mutations"": [], ""mutation_classes"": []}",,[],9606,
"gnrhr , gnrhr e111a",CHEMBL1855,P30968,gnrhr gnrhr e111a,gnrhr e111a,gnrhr|e111a,,"{""parenthetical"": [], ""dropped"": [], ""mutations"": [], ""mutation_classes"": []}",,[],9606,
"gnrhr , gnrhr e111k",CHEMBL1855,P30968,gnrhr gnrhr e111k,gnrhr e111k,gnrhr|e111k,,"{""parenthetical"": [], ""dropped"": [], ""mutations"": [], ""mutation_classes"": []}",,[],9606,
"gnrhr , gnrhr e111q",CHEMBL1855,P30968,gnrhr gnrhr e111q,gnrhr e111q,gnrhr|e111q,,"{""parenthetical"": [], ""dropped"": [], ""mutations"": [], ""mutation_classes"": []}",,[],9606,
"gnrhr , gnrhr e295a",CHEMBL1855,P30968,gnrhr gnrhr e295a,gnrhr e295a,gnrhr|e295a,,"{""parenthetical"": [], ""dropped"": [], ""mutations"": [], ""mutation_classes"": []}",,[],9606,
"gnrhr , gnrhr e295k",CHEMBL1855,P30968,gnrhr gnrhr e295k,gnrhr e295k,gnrhr|e295k,,"{""parenthetical"": [], ""dropped"": [], ""mutations"": [], ""mutation_classes"": []}",,[],9606,
"gnrhr , gnrhr e295q",CHEMBL1855,P30968,gnrhr gnrhr e295q,gnrhr e295q,gnrhr|e295q,,"{""parenthetical"": [], ""dropped"": [], ""mutations"": [], ""mutation_classes"": []}",,[],9606,
"gnrhr , gnrhr f272l",CHEMBL1855,P30968,gnrhr gnrhr f272l,gnrhr f272l,gnrhr|f272l,,"{""parenthetical"": [], ""dropped"": [], ""mutations"": [], ""mutation_classes"": []}",,[],9606,
"gnrhr , gnrhr f309l",CHEMBL1855,P30968,gnrhr gnrhr f309l,gnrhr f309l,gnrhr|f309l,,"{""parenthetical"": [], ""dropped"": [], ""mutations"": [], ""mutation_classes"": []}",,[],9606,
"gnrhr , gnrhr f309q",CHEMBL1855,P30968,gnrhr gnrhr f309q,gnrhr f309q,gnrhr|f309q,,"{""parenthetical"": [], ""dropped"": [], ""mutations"": [], ""mutation_classes"": []}",,[],9606,
"gnrhr , gnrhr f313l",CHEMBL1855,P30968,gnrhr gnrhr f313l,gnrhr f313l,gnrhr|f313l,,"{""parenthetical"": [], ""dropped"": [], ""mutations"": [], ""mutation_classes"": []}",,[],9606,
"gnrhr , gnrhr h182a",CHEMBL1855,P30968,gnrhr gnrhr h182a,gnrhr h182a,gnrhr|h182a,,"{""parenthetical"": [], ""dropped"": [], ""mutations"": [], ""mutation_classes"": []}",,[],9606,
"gnrhr , gnrhr h182e",CHEMBL1855,P30968,gnrhr gnrhr h182e,gnrhr h182e,gnrhr|h182e,,"{""parenthetical"": [], ""dropped"": [], ""mutations"": [], ""mutation_classes"": []}",,[],9606,
"gnrhr , gnrhr h306a",CHEMBL1855,P30968,gnrhr gnrhr h306a,gnrhr h306a,gnrhr|h306a,,"{""parenthetical"": [], ""dropped"": [], ""mutations"": [], ""mutation_classes"": []}",,[],9606,
"gnrhr , gnrhr h306e",CHEMBL1855,P30968,gnrhr gnrhr h306e,gnrhr h306e,gnrhr|h306e,,"{""parenthetical"": [], ""dropped"": [], ""mutations"": [], ""mutation_classes"": []}",,[],9606,
"gnrhr , gnrhr h306k",CHEMBL1855,P30968,gnrhr gnrhr h306k,gnrhr h306k,gnrhr|h306k,,"{""parenthetical"": [], ""dropped"": [], ""mutations"": [], ""mutation_classes"": []}",,[],9606,
"gnrhr , gnrhr k115q",CHEMBL1855,P30968,gnrhr gnrhr k115q,gnrhr k115q,gnrhr|k115q,,"{""parenthetical"": [], ""dropped"": [], ""mutations"": [], ""mutation_classes"": []}",,[],9606,
"gnrhr , gnrhr k121a",CHEMBL1855,P30968,gnrhr gnrhr k121a,gnrhr k121a,gnrhr|k121a,,"{""parenthetical"": [], ""dropped"": [], ""mutations"": [], ""mutation_classes"": []}",,[],9606,
"gnrhr , gnrhr k191e",CHEMBL1855,P30968,gnrhr gnrhr k191e,gnrhr k191e,gnrhr|k191e,,"{""parenthetical"": [], ""dropped"": [], ""mutations"": [], ""mutation_classes"": []}",,[],9606,
"gnrhr , gnrhr l112a",CHEMBL1855,P30968,gnrhr gnrhr l112a,gnrhr l112a,gnrhr|l112a,,"{""parenthetical"": [], ""dropped"": [], ""mutations"": [], ""mutation_classes"": []}",,[],9606,
"gnrhr , gnrhr l112f",CHEMBL1855,P30968,gnrhr gnrhr l112f,gnrhr l112f,gnrhr|l112f,,"{""parenthetical"": [], ""dropped"": [], ""mutations"": [], ""mutation_classes"": []}",,[],9606,
"gnrhr , gnrhr l112k",CHEMBL1855,P30968,gnrhr gnrhr l112k,gnrhr l112k,gnrhr|l112k,,"{""parenthetical"": [], ""dropped"": [], ""mutations"": [], ""mutation_classes"": []}",,[],9606,
"gnrhr , gnrhr l117a",CHEMBL1855,P30968,gnrhr gnrhr l117a,gnrhr l117a,gnrhr|l117a,,"{""parenthetical"": [], ""dropped"": [], ""mutations"": [], ""mutation_classes"": []}",,[],9606,
"gnrhr , gnrhr l300a",CHEMBL1855,P30968,gnrhr gnrhr l300a,gnrhr l300a,gnrhr|l300a,,"{""parenthetical"": [], ""dropped"": [], ""mutations"": [], ""mutation_classes"": []}",,[],9606,
"gnrhr , gnrhr l300k",CHEMBL1855,P30968,gnrhr gnrhr l300k,gnrhr l300k,gnrhr|l300k,,"{""parenthetical"": [], ""dropped"": [], ""mutations"": [], ""mutation_classes"": []}",,[],9606,
"gnrhr , gnrhr l300v",CHEMBL1855,P30968,gnrhr gnrhr l300v,gnrhr l300v,gnrhr|l300v,,"{""parenthetical"": [], ""dropped"": [], ""mutations"": [], ""mutation_classes"": []}",,[],9606,
"gnrhr , gnrhr m24a",CHEMBL1855,P30968,gnrhr gnrhr m24a,gnrhr m24a,gnrhr|m24a,,"{""parenthetical"": [], ""dropped"": [], ""mutations"": [], ""mutation_classes"": []}",,[],9606,
"gnrhr , gnrhr m24i",CHEMBL1855,P30968,gnrhr gnrhr m24i,gnrhr m24i,gnrhr|m24i,,"{""parenthetical"": [], ""dropped"": [], ""mutations"": [], ""mutation_classes"": []}",,[],9606,
"gnrhr , gnrhr m24t",CHEMBL1855,P30968,gnrhr gnrhr m24t,gnrhr m24t,gnrhr|m24t,,"{""parenthetical"": [], ""dropped"": [], ""mutations"": [], ""mutation_classes"": []}",,[],9606,
"gnrhr , gnrhr n27a",CHEMBL1855,P30968,gnrhr gnrhr n27a,gnrhr n27a,gnrhr|n27a,,"{""parenthetical"": [], ""dropped"": [], ""mutations"": [], ""mutation_classes"": []}",,[],9606,
"gnrhr , gnrhr n27e",CHEMBL1855,P30968,gnrhr gnrhr n27e,gnrhr n27e,gnrhr|n27e,,"{""parenthetical"": [], ""dropped"": [], ""mutations"": [], ""mutation_classes"": []}",,[],9606,
"gnrhr , gnrhr n305a",CHEMBL1855,P30968,gnrhr gnrhr n305a,gnrhr n305a,gnrhr|n305a,,"{""parenthetical"": [], ""dropped"": [], ""mutations"": [], ""mutation_classes"": []}",,[],9606,
"gnrhr , gnrhr n305d",CHEMBL1855,P30968,gnrhr gnrhr n305d,gnrhr n305d,gnrhr|n305d,,"{""parenthetical"": [], ""dropped"": [], ""mutations"": [], ""mutation_classes"": []}",,[],9606,
"gnrhr , gnrhr n305k",CHEMBL1855,P30968,gnrhr gnrhr n305k,gnrhr n305k,gnrhr|n305k,,"{""parenthetical"": [], ""dropped"": [], ""mutations"": [], ""mutation_classes"": []}",,[],9606,
"gnrhr , gnrhr n315a",CHEMBL1855,P30968,gnrhr gnrhr n315a,gnrhr n315a,gnrhr|n315a,,"{""parenthetical"": [], ""dropped"": [], ""mutations"": [], ""mutation_classes"": []}",,[],9606,
"gnrhr , gnrhr n315d",CHEMBL1855,P30968,gnrhr gnrhr n315d,gnrhr n315d,gnrhr|n315d,,"{""parenthetical"": [], ""dropped"": [], ""mutations"": [], ""mutation_classes"": []}",,[],9606,
"gnrhr , gnrhr q189a",CHEMBL1855,P30968,gnrhr gnrhr q189a,gnrhr q189a,gnrhr|q189a,,"{""parenthetical"": [], ""dropped"": [], ""mutations"": [], ""mutation_classes"": []}",,[],9606,
"gnrhr , gnrhr q189e",CHEMBL1855,P30968,gnrhr gnrhr q189e,gnrhr q189e,gnrhr|q189e,,"{""parenthetical"": [], ""dropped"": [], ""mutations"": [], ""mutation_classes"": []}",,[],9606,
"gnrhr , gnrhr q189k",CHEMBL1855,P30968,gnrhr gnrhr q189k,gnrhr q189k,gnrhr|q189k,,"{""parenthetical"": [], ""dropped"": [], ""mutations"": [], ""mutation_classes"": []}",,[],9606,
"gnrhr , gnrhr q189p",CHEMBL1855,P30968,gnrhr gnrhr q189p,gnrhr q189p,gnrhr|q189p,,"{""parenthetical"": [], ""dropped"": [], ""mutations"": [], ""mutation_classes"": []}",,[],9606,
"gnrhr , gnrhr q208d",CHEMBL1855,P30968,gnrhr gnrhr q208d,gnrhr q208d,gnrhr|q208d,,"{""parenthetical"": [], ""dropped"": [], ""mutations"": [], ""mutation_classes"": []}",,[],9606,
"gnrhr , gnrhr q208e",CHEMBL1855,P30968,gnrhr gnrhr q208e,gnrhr q208e,gnrhr|q208e,,"{""parenthetical"": [], ""dropped"": [], ""mutations"": [], ""mutation_classes"": []}",,[],9606,
"gnrhr , gnrhr s118a",CHEMBL1855,P30968,gnrhr gnrhr s118a,gnrhr s118a,gnrhr|s118a,,"{""parenthetical"": [], ""dropped"": [], ""mutations"": [], ""mutation_classes"": []}",,[],9606,
"gnrhr , gnrhr s118n",CHEMBL1855,P30968,gnrhr gnrhr s118n,gnrhr s118n,gnrhr|s118n,,"{""parenthetical"": [], ""dropped"": [], ""mutations"": [], ""mutation_classes"": []}",,[],9606,
"gnrhr , gnrhr s124a",CHEMBL1855,P30968,gnrhr gnrhr s124a,gnrhr s124a,gnrhr|s124a,,"{""parenthetical"": [], ""dropped"": [], ""mutations"": [], ""mutation_classes"": []}",,[],9606,
"gnrhr , gnrhr s168a",CHEMBL1855,P30968,gnrhr gnrhr s168a,gnrhr s168a,gnrhr|s168a,,"{""parenthetical"": [], ""dropped"": [], ""mutations"": [], ""mutation_classes"": []}",,[],9606,
"gnrhr , gnrhr s168i",CHEMBL1855,P30968,gnrhr gnrhr s168i,gnrhr s168i,gnrhr|s168i,,"{""parenthetical"": [], ""dropped"": [], ""mutations"": [], ""mutation_classes"": []}",,[],9606,
"gnrhr , gnrhr s186d",CHEMBL1855,P30968,gnrhr gnrhr s186d,gnrhr s186d,gnrhr|s186d,,"{""parenthetical"": [], ""dropped"": [], ""mutations"": [], ""mutation_classes"": []}",,[],9606,
"gnrhr , gnrhr s186k",CHEMBL1855,P30968,gnrhr gnrhr s186k,gnrhr s186k,gnrhr|s186k,,"{""parenthetical"": [], ""dropped"": [], ""mutations"": [], ""mutation_classes"": []}",,[],9606,
"gnrhr , gnrhr s203e",CHEMBL1855,P30968,gnrhr gnrhr s203e,gnrhr s203e,gnrhr|s203e,,"{""parenthetical"": [], ""dropped"": [], ""mutations"": [], ""mutation_classes"": []}",,[],9606,
"gnrhr , gnrhr s203k",CHEMBL1855,P30968,gnrhr gnrhr s203k,gnrhr s203k,gnrhr|s203k,,"{""parenthetical"": [], ""dropped"": [], ""mutations"": [], ""mutation_classes"": []}",,[],9606,
"gnrhr , gnrhr s203p",CHEMBL1855,P30968,gnrhr gnrhr s203p,gnrhr s203p,gnrhr|s203p,,"{""parenthetical"": [], ""dropped"": [], ""mutations"": [], ""mutation_classes"": []}",,[],9606,
"gnrhr , gnrhr s203q",CHEMBL1855,P30968,gnrhr gnrhr s203q,gnrhr s203q,gnrhr|s203q,,"{""parenthetical"": [], ""dropped"": [], ""mutations"": [], ""mutation_classes"": []}",,[],9606,
"gnrhr , gnrhr t190k",CHEMBL1855,P30968,gnrhr gnrhr t190k,gnrhr t190k,gnrhr|t190k,,"{""parenthetical"": [], ""dropped"": [], ""mutations"": [], ""mutation_classes"": []}",,[],9606,
"gnrhr , gnrhr t51a",CHEMBL1855,P30968,gnrhr gnrhr t51a,gnrhr t51a,gnrhr|t51a,,"{""parenthetical"": [], ""dropped"": [], ""mutations"": [], ""mutation_classes"": []}",,[],9606,
"gnrhr , gnrhr w280f",CHEMBL1855,P30968,gnrhr gnrhr w280f,gnrhr w280f,gnrhr|w280f,,"{""parenthetical"": [], ""dropped"": [], ""mutations"": [], ""mutation_classes"": []}",,[],9606,
"gnrhr , gnrhr w291f",CHEMBL1855,P30968,gnrhr gnrhr w291f,gnrhr w291f,gnrhr|w291f,,"{""parenthetical"": [], ""dropped"": [], ""mutations"": [], ""mutation_classes"": []}",,[],9606,
"gnrhr , gnrhr y283f",CHEMBL1855,P30968,gnrhr gnrhr y283f,gnrhr y283f,gnrhr|y283f,,"{""parenthetical"": [], ""dropped"": [], ""mutations"": [], ""mutation_classes"": []}",,[],9606,
"gnrhr , gnrhr y284f",CHEMBL1855,P30968,gnrhr gnrhr y284f,gnrhr y284f,gnrhr|y284f,,"{""parenthetical"": [], ""dropped"": [], ""mutations"": [], ""mutation_classes"": []}",,[],9606,
"gnrhr , gnrhr y284l",CHEMBL1855,P30968,gnrhr gnrhr y284l,gnrhr y284l,gnrhr|y284l,,"{""parenthetical"": [], ""dropped"": [], ""mutations"": [], ""mutation_classes"": []}",,[],9606,
"gnrhr , gnrhr y290f",CHEMBL1855,P30968,gnrhr gnrhr y290f,gnrhr y290f,gnrhr|y290f,,"{""parenthetical"": [], ""dropped"": [], ""mutations"": [], ""mutation_classes"": []}",,[],9606,
"gnrhr , gnrhr y290l",CHEMBL1855,P30968,gnrhr gnrhr y290l,gnrhr y290l,gnrhr|y290l,,"{""parenthetical"": [], ""dropped"": [], ""mutations"": [], ""mutation_classes"": []}",,[],9606,
"gnrhr , gnrhr y290q",CHEMBL1855,P30968,gnrhr gnrhr y290q,gnrhr y290q,gnrhr|y290q,,"{""parenthetical"": [], ""dropped"": [], ""mutations"": [], ""mutation_classes"": []}",,[],9606,
gnrhr d302a mutant,CHEMBL1855,P30968,gnrhr d302a,gnrhr d302a,gnrhr|d302a,,"{""parenthetical"": [], ""dropped"": [], ""mutations"": [""mutant""], ""mutation_classes"": [""NONE""]}",NONE,[],9606,
gnrhr d302n mutant,CHEMBL1855,P30968,gnrhr d302n,gnrhr d302n,gnrhr|d302n,,"{""parenthetical"": [], ""dropped"": [], ""mutations"": [""mutant""], ""mutation_classes"": [""NONE""]}",NONE,[],9606,
gnrhr f272l mutant,CHEMBL1855,P30968,gnrhr f272l,gnrhr f272l,gnrhr|f272l,,"{""parenthetical"": [], ""dropped"": [], ""mutations"": [""mutant""], ""mutation_classes"": [""NONE""]}",NONE,[],9606,
gnrhr f309l mutant,CHEMBL1855,P30968,gnrhr f309l,gnrhr f309l,gnrhr|f309l,,"{""parenthetical"": [], ""dropped"": [], ""mutations"": [""mutant""], ""mutation_classes"": [""NONE""]}",NONE,[],9606,
gnrhr f309q mutant,CHEMBL1855,P30968,gnrhr f309q,gnrhr f309q,gnrhr|f309q,,"{""parenthetical"": [], ""dropped"": [], ""mutations"": [""mutant""], ""mutation_classes"": [""NONE""]}",NONE,[],9606,
gnrhr f313l mutant,CHEMBL1855,P30968,gnrhr f313l,gnrhr f313l,gnrhr|f313l,,"{""parenthetical"": [], ""dropped"": [], ""mutations"": [""mutant""], ""mutation_classes"": [""NONE""]}",NONE,[],9606,
gnrhr h306a mutant,CHEMBL1855,P30968,gnrhr h306a,gnrhr h306a,gnrhr|h306a,,"{""parenthetical"": [], ""dropped"": [], ""mutations"": [""mutant""], ""mutation_classes"": [""NONE""]}",NONE,[],9606,
gnrhr l300a mutant,CHEMBL1855,P30968,gnrhr l300a,gnrhr l300a,gnrhr|l300a,,"{""parenthetical"": [], ""dropped"": [], ""mutations"": [""mutant""], ""mutation_classes"": [""NONE""]}",NONE,[],9606,
gnrhr m24i mutant,CHEMBL1855,P30968,gnrhr m24i,gnrhr m24i,gnrhr|m24i,,"{""parenthetical"": [], ""dropped"": [], ""mutations"": [""mutant""], ""mutation_classes"": [""NONE""]}",NONE,[],9606,
gnrhr n27a mutant,CHEMBL1855,P30968,gnrhr n27a,gnrhr n27a,gnrhr|n27a,,"{""parenthetical"": [], ""dropped"": [], ""mutations"": [""mutant""], ""mutation_classes"": [""NONE""]}",NONE,[],9606,
gnrhr q208e mutant,CHEMBL1855,P30968,gnrhr q208e,gnrhr q208e,gnrhr|q208e,,"{""parenthetical"": [], ""dropped"": [], ""mutations"": [""mutant""], ""mutation_classes"": [""NONE""]}",NONE,[],9606,
gnrhr y284l mutant,CHEMBL1855,P30968,gnrhr y284l,gnrhr y284l,gnrhr|y284l,,"{""parenthetical"": [], ""dropped"": [], ""mutations"": [""mutant""], ""mutation_classes"": [""NONE""]}",NONE,[],9606,
gnrhr y290l mutant,CHEMBL1855,P30968,gnrhr y290l,gnrhr y290l,gnrhr|y290l,,"{""parenthetical"": [], ""dropped"": [], ""mutations"": [""mutant""], ""mutation_classes"": [""NONE""]}",NONE,[],9606,
gns,CHEMBL6166,O95819,gns,gns,gns,,"{""parenthetical"": [], ""dropped"": [], ""mutations"": [], ""mutation_classes"": []}",,[],9606,
gonadotropin - releasing hormone receptor,CHEMBL1855,P30968,gonadotropin releasing hormone|gonadotropin-releasing hormone|gonadotropin-releasing|gonadotropinreleasing hormone|gonadotropinreleasing,gonadotropin releasing hormone receptor|gonadotropin-releasing hormone receptor|gonadotropin-releasing|gonadotropinreleasing hormone receptor|gonadotropinreleasing,gonadotropin|releasing|hormone|gonadotropin-releasing|gonadotropinreleasing,oxtr,"{""parenthetical"": [], ""dropped"": [""receptor""], ""mutations"": [], ""mutation_classes"": []}",,[],9606,
gonadotropin - releasing hormone receptor,CHEMBL3066,P30969,gonadotropin releasing hormone|gonadotropin-releasing hormone|gonadotropin-releasing|gonadotropinreleasing hormone|gonadotropinreleasing,gonadotropin releasing hormone receptor|gonadotropin-releasing hormone receptor|gonadotropin-releasing|gonadotropinreleasing hormone receptor|gonadotropinreleasing,gonadotropin|releasing|hormone|gonadotropin-releasing|gonadotropinreleasing,oxtr,"{""parenthetical"": [], ""dropped"": [""receptor""], ""mutations"": [], ""mutation_classes"": []}",,[],9606,
gp6,CHEMBL3308912,Q9HCN6,gp6,gp6,gp6,,"{""parenthetical"": [], ""dropped"": [], ""mutations"": [], ""mutation_classes"": []}",,[],9606,
gp6 receptor,CHEMBL3308912,Q9HCN6,gp6,gp6 receptor,gp6,gp6,"{""parenthetical"": [], ""dropped"": [""receptor""], ""mutations"": [], ""mutation_classes"": []}",,[],9606,
gpa,CHEMBL2568,P06737,gpa,gpa,gpa,,"{""parenthetical"": [], ""dropped"": [], ""mutations"": [], ""mutation_classes"": []}",,[],9606,
"gpa , b",CHEMBL4696,P00489,gpa b,gpa b,gpa|b,,"{""parenthetical"": [], ""dropped"": [], ""mutations"": [], ""mutation_classes"": []}",,[],9606,
"gpi , mu receptor",CHEMBL4354,P97266,gpi mu,gpi mu receptor,gpi|mu,mor oprm1,"{""parenthetical"": [], ""dropped"": [""receptor""], ""mutations"": [], ""mutation_classes"": []}",,[],9606,
gpr109a receptor,CHEMBL3785,Q8TDS4,gpr109a,gpr109a receptor,gpr109a,hcar2 gpr109a,"{""parenthetical"": [], ""dropped"": [""receptor""], ""mutations"": [], ""mutation_classes"": []}",,[],9606,
gpr154 receptor,CHEMBL5162,Q6W5P4,gpr154,gpr154 receptor,gpr154,npsr1 gpr154,"{""parenthetical"": [], ""dropped"": [""receptor""], ""mutations"": [], ""mutation_classes"": []}",,[],9606,
gpr17,CHEMBL1075162,Q13304,gpr17,gpr17,gpr17,,"{""parenthetical"": [], ""dropped"": [], ""mutations"": [], ""mutation_classes"": []}",,[],9606,
gpr30,CHEMBL5872,Q99527,gpr30,gpr30,gpr30,,"{""parenthetical"": [], ""dropped"": [], ""mutations"": [], ""mutation_classes"": []}",,[],9606,
gpr35,CHEMBL1293267,Q9HC97,gpr35,gpr35,gpr35,,"{""parenthetical"": [], ""dropped"": [], ""mutations"": [], ""mutation_classes"": []}",,[],9606,
gpr35 receptor,CHEMBL1293267,Q9HC97,gpr35,gpr35 receptor,gpr35,gpr35,"{""parenthetical"": [], ""dropped"": [""receptor""], ""mutations"": [], ""mutation_classes"": []}",,[],9606,
gr,CHEMBL2034,P04150,gr,gr,gr,,"{""parenthetical"": [], ""dropped"": [], ""mutations"": [], ""mutation_classes"": []}",,[],9606,
gr ligand binding domain,CHEMBL2034,P04150,gr ligand binding domain,gr ligand binding domain,gr|ligand|binding|domain,,"{""parenthetical"": [], ""dropped"": [], ""mutations"": [], ""mutation_classes"": []}",,[],9606,
gralpha,CHEMBL2034,P04150,gralpha,gralpha,gralpha,,"{""parenthetical"": [], ""dropped"": [], ""mutations"": [], ""mutation_classes"": []}",,[],9606,
grk1,CHEMBL5607,Q15835,grk1,grk1,grk1,,"{""parenthetical"": [], ""dropped"": [], ""mutations"": [], ""mutation_classes"": []}",,[],9606,
grk2,CHEMBL3711550,P21146,grk2,grk2,grk2,,"{""parenthetical"": [], ""dropped"": [], ""mutations"": [], ""mutation_classes"": []}",,[],9606,
grk2,CHEMBL4079,P25098,grk2,grk2,grk2,,"{""parenthetical"": [], ""dropped"": [], ""mutations"": [], ""mutation_classes"": []}",,[],9606,
grk2 s670a mutant,CHEMBL3711550,P21146,grk2 s670a,grk2 s670a,grk2|s670a,,"{""parenthetical"": [], ""dropped"": [], ""mutations"": [""mutant""], ""mutation_classes"": [""NONE""]}",NONE,[],9606,
grk2 s670a mutant,CHEMBL4079,P25098,grk2 s670a,grk2 s670a,grk2|s670a,,"{""parenthetical"": [], ""dropped"": [], ""mutations"": [""mutant""], ""mutation_classes"": [""NONE""]}",NONE,[],9606,
grk3,CHEMBL1075166,P35626,grk3,grk3,grk3,,"{""parenthetical"": [], ""dropped"": [], ""mutations"": [], ""mutation_classes"": []}",,[],9606,
grk4,CHEMBL5861,P32298,grk4,grk4,grk4,,"{""parenthetical"": [], ""dropped"": [], ""mutations"": [], ""mutation_classes"": []}",,[],9606,
grk5,CHEMBL5678,P34947,grk5,grk5,grk5,,"{""parenthetical"": [], ""dropped"": [], ""mutations"": [], ""mutation_classes"": []}",,[],9606,
grk6,CHEMBL6144,P43250,grk6,grk6,grk6,,"{""parenthetical"": [], ""dropped"": [], ""mutations"": [], ""mutation_classes"": []}",,[],9606,
grk7,CHEMBL1075133,Q8WTQ7,grk7,grk7,grk7,,"{""parenthetical"": [], ""dropped"": [], ""mutations"": [], ""mutation_classes"": []}",,[],9606,
group 1b phospholipase a2,CHEMBL4715,P00592,group 1b phospholipase a2,group 1b phospholipase a2,group|1b|phospholipase|a2,,"{""parenthetical"": [], ""dropped"": [], ""mutations"": [], ""mutation_classes"": []}",,[],9606,
group 2 secretory phospholipase a2,CHEMBL3474,P14555,group 2 secretory phospholipase a2|group2 secretory phospholipase a2|group2|group-2 secretory phospholipase a2|group-2,group 2 secretory phospholipase a2|group2 secretory phospholipase a2|group2|group-2 secretory phospholipase a2|group-2,group|2|secretory|phospholipase|a2|group2|group-2,,"{""parenthetical"": [], ""dropped"": [], ""mutations"": [], ""mutation_classes"": []}",,[],9606,
group 2a phospholipase a2,CHEMBL3474,P14555,group 2a phospholipase a2,group 2a phospholipase a2,group|2a|phospholipase|a2,,"{""parenthetical"": [], ""dropped"": [], ""mutations"": [], ""mutation_classes"": []}",,[],9606,
group 3 secretory phospholipase a2,CHEMBL4807,P00630,group 3 secretory phospholipase a2|group3 secretory phospholipase a2|group3|group-3 secretory phospholipase a2|group-3,group 3 secretory phospholipase a2|group3 secretory phospholipase a2|group3|group-3 secretory phospholipase a2|group-3,group|3|secretory|phospholipase|a2|group3|group-3,,"{""parenthetical"": [], ""dropped"": [], ""mutations"": [], ""mutation_classes"": []}",,[],9606,
group ib pla2,CHEMBL4715,P00592,group ib pla2,group ib pla2,group|ib|pla2,,"{""parenthetical"": [], ""dropped"": [], ""mutations"": [], ""mutation_classes"": []}",,[],9606,
group iia pla2,CHEMBL3474,P14555,group iia pla2,group iia pla2,group|iia|pla2,,"{""parenthetical"": [], ""dropped"": [], ""mutations"": [], ""mutation_classes"": []}",,[],9606,
group1b phospholipase a2,CHEMBL4426,P04054,group1b phospholipase a2,group1b phospholipase a2,group1b|phospholipase|a2,,"{""parenthetical"": [], ""dropped"": [], ""mutations"": [], ""mutation_classes"": []}",,[],9606,
group1b phospholipase a2,CHEMBL4378,Q9Z0Y2,group1b phospholipase a2,group1b phospholipase a2,group1b|phospholipase|a2,,"{""parenthetical"": [], ""dropped"": [], ""mutations"": [], ""mutation_classes"": []}",,[],9606,
group2 spla2,CHEMBL3474,P14555,group2 spla2,group2 spla2,group2|spla2,,"{""parenthetical"": [], ""dropped"": [], ""mutations"": [], ""mutation_classes"": []}",,[],9606,
group2a phospholipase a2,CHEMBL3474,P14555,group2a phospholipase a2,group2a phospholipase a2,group2a|phospholipase|a2,,"{""parenthetical"": [], ""dropped"": [], ""mutations"": [], ""mutation_classes"": []}",,[],9606,
group2a phospholipase a2,CHEMBL5761,P31482,group2a phospholipase a2,group2a phospholipase a2,group2a|phospholipase|a2,,"{""parenthetical"": [], ""dropped"": [], ""mutations"": [], ""mutation_classes"": []}",,[],9606,
group2e phospholipase a2,CHEMBL2154,Q9NZK7,group2e phospholipase a2,group2e phospholipase a2,group2e|phospholipase|a2,,"{""parenthetical"": [], ""dropped"": [], ""mutations"": [], ""mutation_classes"": []}",,[],9606,
group2e phospholipase a2,CHEMBL4201,Q9QUL3,group2e phospholipase a2,group2e phospholipase a2,group2e|phospholipase|a2,,"{""parenthetical"": [], ""dropped"": [], ""mutations"": [], ""mutation_classes"": []}",,[],9606,
group2v phospholipase a2,CHEMBL4323,P39877,group2v phospholipase a2,group2v phospholipase a2,group2v|phospholipase|a2,,"{""parenthetical"": [], ""dropped"": [], ""mutations"": [], ""mutation_classes"": []}",,[],9606,
group2v phospholipase a2,CHEMBL4167,P97391,group2v phospholipase a2,group2v phospholipase a2,group2v|phospholipase|a2,,"{""parenthetical"": [], ""dropped"": [], ""mutations"": [], ""mutation_classes"": []}",,[],9606,
group2x phospholipase a2,CHEMBL4342,O15496,group2x phospholipase a2,group2x phospholipase a2,group2x|phospholipase|a2,,"{""parenthetical"": [], ""dropped"": [], ""mutations"": [], ""mutation_classes"": []}",,[],9606,
group2x phospholipase a2,CHEMBL4200,Q9QXX3,group2x phospholipase a2,group2x phospholipase a2,group2x|phospholipase|a2,,"{""parenthetical"": [], ""dropped"": [], ""mutations"": [], ""mutation_classes"": []}",,[],9606,
group3 spla2,CHEMBL4807,P00630,group3 spla2,group3 spla2,group3|spla2,,"{""parenthetical"": [], ""dropped"": [], ""mutations"": [], ""mutation_classes"": []}",,[],9606,
growth hormone secretagogue receptor,CHEMBL4616,Q92847,growth hormone secretagogue,growth hormone secretagogue receptor,growth|hormone|secretagogue,ghsr ghsr1a,"{""parenthetical"": [], ""dropped"": [""receptor""], ""mutations"": [], ""mutation_classes"": []}",,[],9606,
grp94,CHEMBL1075323,P14625,grp94,grp94,grp94,,"{""parenthetical"": [], ""dropped"": [], ""mutations"": [], ""mutation_classes"": []}",,[],9606,
grp94 n - domain,CHEMBL1075323,P14625,grp94 n domain|grp94 n-domain|n-domain|grp94 ndomain|ndomain,grp94 n domain|grp94 n-domain|n-domain|grp94 ndomain|ndomain,grp94|n|domain|n-domain|ndomain,,"{""parenthetical"": [], ""dropped"": [], ""mutations"": [], ""mutation_classes"": []}",,[],9606,
gsk - 3,CHEMBL262,P49841,gsk 3|gsk-3|gsk3,gsk 3|gsk-3|gsk3,gsk|3|gsk-3|gsk3,,"{""parenthetical"": [], ""dropped"": [], ""mutations"": [], ""mutation_classes"": []}",,[],9606,
gsk - 3alpha,CHEMBL2850,P49840,gsk 3alpha|gsk-3alpha|gsk3alpha,gsk 3alpha|gsk-3alpha|gsk3alpha,gsk|3alpha|gsk-3alpha|gsk3alpha,,"{""parenthetical"": [], ""dropped"": [], ""mutations"": [], ""mutation_classes"": []}",,[],9606,
gsk - 3alpha s449a mutant,CHEMBL2850,P49840,gsk 3alpha s449a|gsk-3alpha s449a|gsk-3alpha|gsk3alpha s449a|gsk3alpha,gsk 3alpha s449a|gsk-3alpha s449a|gsk-3alpha|gsk3alpha s449a|gsk3alpha,gsk|3alpha|s449a|gsk-3alpha|gsk3alpha,,"{""parenthetical"": [], ""dropped"": [], ""mutations"": [""mutant""], ""mutation_classes"": [""NONE""]}",NONE,[],9606,
gsk - 3beta,CHEMBL262,P49841,gsk 3beta|gsk-3beta|gsk3beta,gsk 3beta|gsk-3beta|gsk3beta,gsk|3beta|gsk-3beta|gsk3beta,,"{""parenthetical"": [], ""dropped"": [], ""mutations"": [], ""mutation_classes"": []}",,[],9606,
gsk - 3beta h350l mutant,CHEMBL262,P49841,gsk 3beta h350l|gsk-3beta h350l|gsk-3beta|gsk3beta h350l|gsk3beta,gsk 3beta h350l|gsk-3beta h350l|gsk-3beta|gsk3beta h350l|gsk3beta,gsk|3beta|h350l|gsk-3beta|gsk3beta,,"{""parenthetical"": [], ""dropped"": [], ""mutations"": [""mutant""], ""mutation_classes"": [""NONE""]}",NONE,[],9606,
gsk3,CHEMBL4282,P31749,gsk3,gsk3,gsk3,,"{""parenthetical"": [], ""dropped"": [], ""mutations"": [], ""mutation_classes"": []}",,[],9606,
gsk3 - beta,CHEMBL262,P49841,gsk3 beta|gsk3-beta|gsk3beta,gsk3 beta|gsk3-beta|gsk3beta,gsk3|beta|gsk3-beta|gsk3beta,,"{""parenthetical"": [], ""dropped"": [], ""mutations"": [], ""mutation_classes"": []}",,[],9606,
gsk3 beta,CHEMBL262,P49841,gsk3 beta,gsk3 beta,gsk3|beta,,"{""parenthetical"": [], ""dropped"": [], ""mutations"": [], ""mutation_classes"": []}",,[],9606,
gsk3 beta h350l mutant,CHEMBL262,P49841,gsk3 beta h350l,gsk3 beta h350l,gsk3|beta|h350l,,"{""parenthetical"": [], ""dropped"": [], ""mutations"": [""mutant""], ""mutation_classes"": [""NONE""]}",NONE,[],9606,
gsk3alpha,CHEMBL2850,P49840,gsk3alpha,gsk3alpha,gsk3alpha,,"{""parenthetical"": [], ""dropped"": [], ""mutations"": [], ""mutation_classes"": []}",,[],9606,
gsk3b,CHEMBL262,P49841,gsk3b,gsk3b,gsk3b,,"{""parenthetical"": [], ""dropped"": [], ""mutations"": [], ""mutation_classes"": []}",,[],9606,
gsk3beta,CHEMBL262,P49841,gsk3beta,gsk3beta,gsk3beta,,"{""parenthetical"": [], ""dropped"": [], ""mutations"": [], ""mutation_classes"": []}",,[],9606,
gsk3beta h350l mutant,CHEMBL262,P49841,gsk3beta h350l,gsk3beta h350l,gsk3beta|h350l,,"{""parenthetical"": [], ""dropped"": [], ""mutations"": [""mutant""], ""mutation_classes"": [""NONE""]}",NONE,[],9606,
gskbeta,CHEMBL262,P49841,gskbeta,gskbeta,gskbeta,,"{""parenthetical"": [], ""dropped"": [], ""mutations"": [], ""mutation_classes"": []}",,[],9606,
gst p1 - 1,CHEMBL3902,P09211,gst p1 1|gst p1-1|p1-1|gst p11|p11,gst p1 1|gst p1-1|p1-1|gst p11|p11,gst|p1|1|p1-1|p11,,"{""parenthetical"": [], ""dropped"": [], ""mutations"": [], ""mutation_classes"": []}",,[],9606,
gstm2 - 2,CHEMBL4589,P28161,gstm2 2|gstm2-2|gstm22,gstm2 2|gstm2-2|gstm22,gstm2|2|gstm2-2|gstm22,,"{""parenthetical"": [], ""dropped"": [], ""mutations"": [], ""mutation_classes"": []}",,[],9606,
gsto1 - 1,CHEMBL3174,P78417,gsto1 1|gsto1-1|gsto11,gsto1 1|gsto1-1|gsto11,gsto1|1|gsto1-1|gsto11,,"{""parenthetical"": [], ""dropped"": [], ""mutations"": [], ""mutation_classes"": []}",,[],9606,
gstp1 - 1,CHEMBL3902,P09211,gstp1 1|gstp1-1|gstp11,gstp1 1|gstp1-1|gstp11,gstp1|1|gstp1-1|gstp11,,"{""parenthetical"": [], ""dropped"": [], ""mutations"": [], ""mutation_classes"": []}",,[],9606,
guinea pig ileum,CHEMBL5498,Q8VH26,guinea pig ileum,guinea pig ileum,guinea|pig|ileum,,"{""parenthetical"": [], ""dropped"": [], ""mutations"": [], ""mutation_classes"": []}",,[],9606,
gyrb,CHEMBL1921666,P0A0K8,gyrb,gyrb,gyrb,,"{""parenthetical"": [], ""dropped"": [], ""mutations"": [], ""mutation_classes"": []}",,[],9606,
gyrb,CHEMBL3085613,P0C559,gyrb,gyrb,gyrb,,"{""parenthetical"": [], ""dropped"": [], ""mutations"": [], ""mutation_classes"": []}",,[],9606,
h - pgds,CHEMBL5879,O60760,h pgds|h-pgds|hpgds,h pgds|h-pgds|hpgds,h|pgds|h-pgds|hpgds,,"{""parenthetical"": [], ""dropped"": [], ""mutations"": [], ""mutation_classes"": []}",,[],9606,
h1 histamine receptor,CHEMBL231,P35367,h1 histamine,h1 histamine receptor,h1|histamine,,"{""parenthetical"": [], ""dropped"": [""receptor""], ""mutations"": [], ""mutation_classes"": []}",,[],9606,
h1 receptor,CHEMBL3943,P31389,h1,h1 receptor,h1,,"{""parenthetical"": [], ""dropped"": [""receptor""], ""mutations"": [], ""mutation_classes"": []}",,[],9606,
h1 receptor,CHEMBL231,P35367,h1,h1 receptor,h1,,"{""parenthetical"": [], ""dropped"": [""receptor""], ""mutations"": [], ""mutation_classes"": []}",,[],9606,
h3 receptor,CHEMBL4124,Q9QYN8,h3,h3 receptor,h3,h3r hrh3,"{""parenthetical"": [], ""dropped"": [""receptor""], ""mutations"": [], ""mutation_classes"": []}",,[],9606,
h3 receptor,CHEMBL264,Q9Y5N1,h3,h3 receptor,h3,h3r hrh3,"{""parenthetical"": [], ""dropped"": [""receptor""], ""mutations"": [], ""mutation_classes"": []}",,[],9606,
h3r,CHEMBL5076,Q9JI35,h3r,h3r,h3r,h3r hrh3,"{""parenthetical"": [], ""dropped"": [], ""mutations"": [], ""mutation_classes"": []}",,[],9606,
h3r,CHEMBL4124,Q9QYN8,h3r,h3r,h3r,h3r hrh3,"{""parenthetical"": [], ""dropped"": [], ""mutations"": [], ""mutation_classes"": []}",,[],9606,
h3r,CHEMBL264,Q9Y5N1,h3r,h3r,h3r,h3r hrh3,"{""parenthetical"": [], ""dropped"": [], ""mutations"": [], ""mutation_classes"": []}",,[],9606,
h4 receptor,CHEMBL3759,Q9H3N8,h4,h4 receptor,h4,h4r hrh4,"{""parenthetical"": [], ""dropped"": [""receptor""], ""mutations"": [], ""mutation_classes"": []}",,[],9606,
h4 receptor e5,CHEMBL3759,Q9H3N8,h4 e5,h4 receptor e5,h4|e5,h4r hrh4,"{""parenthetical"": [], ""dropped"": [""receptor""], ""mutations"": [], ""mutation_classes"": []}",,[],9606,
h4 receptor n4,CHEMBL3759,Q9H3N8,h4 n4,h4 receptor n4,h4|n4,h4r hrh4,"{""parenthetical"": [], ""dropped"": [""receptor""], ""mutations"": [], ""mutation_classes"": []}",,[],9606,
h4 receptor q7,CHEMBL3759,Q9H3N8,h4 q7,h4 receptor q7,h4|q7,h4r hrh4,"{""parenthetical"": [], ""dropped"": [""receptor""], ""mutations"": [], ""mutation_classes"": []}",,[],9606,
h4 receptor t5,CHEMBL3759,Q9H3N8,h4 t5,h4 receptor t5,h4|t5,h4r hrh4,"{""parenthetical"": [], ""dropped"": [""receptor""], ""mutations"": [], ""mutation_classes"": []}",,[],9606,
h4 receptor t6,CHEMBL3759,Q9H3N8,h4 t6,h4 receptor t6,h4|t6,h4r hrh4,"{""parenthetical"": [], ""dropped"": [""receptor""], ""mutations"": [], ""mutation_classes"": []}",,[],9606,
h4 receptor v3,CHEMBL3759,Q9H3N8,h4 v3,h4 receptor v3,h4|v3,h4r hrh4,"{""parenthetical"": [], ""dropped"": [""receptor""], ""mutations"": [], ""mutation_classes"": []}",,[],9606,
h4r,CHEMBL3759,Q9H3N8,h4r,h4r,h4r,h4r hrh4,"{""parenthetical"": [], ""dropped"": [], ""mutations"": [], ""mutation_classes"": []}",,[],9606,
h5 - ht6 receptor,CHEMBL3371,P50406,h5 ht6|h5-ht6|h5ht6,h5 ht6 receptor|h5-ht6 receptor|h5-ht6|h5ht6 receptor|h5ht6,h5|ht6|h5-ht6|h5ht6,htr6,"{""parenthetical"": [], ""dropped"": [""receptor""], ""mutations"": [], ""mutation_classes"": []}",,[],9606,
hadc1,CHEMBL325,Q13547,hadc1,hadc1,hadc1,,"{""parenthetical"": [], ""dropped"": [], ""mutations"": [], ""mutation_classes"": []}",,[],9606,
hadc2,CHEMBL1937,Q92769,hadc2,hadc2,hadc2,,"{""parenthetical"": [], ""dropped"": [], ""mutations"": [], ""mutation_classes"": []}",,[],9606,
hadc3,CHEMBL1829,O15379,hadc3,hadc3,hadc3,,"{""parenthetical"": [], ""dropped"": [], ""mutations"": [], ""mutation_classes"": []}",,[],9606,
hadc8,CHEMBL3192,Q9BY41,hadc8,hadc8,hadc8,,"{""parenthetical"": [], ""dropped"": [], ""mutations"": [], ""mutation_classes"": []}",,[],9606,
haspin,CHEMBL1075163,Q8TF76,haspin,haspin,haspin,,"{""parenthetical"": [], ""dropped"": [], ""mutations"": [], ""mutation_classes"": []}",,[],9606,
hat pcaf,CHEMBL5500,Q92831,hat pcaf,hat pcaf,hat|pcaf,,"{""parenthetical"": [], ""dropped"": [], ""mutations"": [], ""mutation_classes"": []}",,[],9606,
hca i,CHEMBL261,P00915,hca i,hca i,hca|i,,"{""parenthetical"": [], ""dropped"": [], ""mutations"": [], ""mutation_classes"": []}",,[],9606,
hca ii,CHEMBL205,P00918,hca 2|hca2|hca-2,hca 2|hca2|hca-2,hca|2|hca2|hca-2,,"{""parenthetical"": [], ""dropped"": [], ""mutations"": [], ""mutation_classes"": []}",,[],9606,
hca ii ),CHEMBL205,P00918,hca 2 )|hca2 )|hca2|hca-2 )|hca-2,hca 2 )|hca2 )|hca2|hca-2 )|hca-2,hca|2|)|hca2|hca-2,,"{""parenthetical"": [], ""dropped"": [], ""mutations"": [], ""mutation_classes"": []}",,[],9606,
hca ix,CHEMBL3594,Q16790,hca 9|hca9|hca-9,hca 9|hca9|hca-9,hca|9|hca9|hca-9,,"{""parenthetical"": [], ""dropped"": [], ""mutations"": [], ""mutation_classes"": []}",,[],9606,
hca ix ),CHEMBL3594,Q16790,hca 9 )|hca9 )|hca9|hca-9 )|hca-9,hca 9 )|hca9 )|hca9|hca-9 )|hca-9,hca|9|)|hca9|hca-9,,"{""parenthetical"": [], ""dropped"": [], ""mutations"": [], ""mutation_classes"": []}",,[],9606,
hces2a,CHEMBL3180,O00748,hces2a,hces2a,hces2a,,"{""parenthetical"": [], ""dropped"": [], ""mutations"": [], ""mutation_classes"": []}",,[],9606,
hck,CHEMBL3234,P08631,hck,hck,hck,,"{""parenthetical"": [], ""dropped"": [], ""mutations"": [], ""mutation_classes"": []}",,[],9606,
hck sh3 - sh2 - kd,CHEMBL3234,P08631,hck sh3 sh2 kd|hck sh3-sh2-kd|sh3-sh2-kd|hck sh3sh2kd|sh3sh2kd,hck sh3 sh2 kd|hck sh3-sh2-kd|sh3-sh2-kd|hck sh3sh2kd|sh3sh2kd,hck|sh3|sh2|kd|sh3-sh2-kd|sh3sh2kd,,"{""parenthetical"": [], ""dropped"": [], ""mutations"": [], ""mutation_classes"": []}",,[],9606,sh2
hcv ns5b polymerase,CHEMBL5375,Q8JXU8,hcv ns5b polymerase,hcv ns5b polymerase,hcv|ns5b|polymerase,,"{""parenthetical"": [], ""dropped"": [], ""mutations"": [], ""mutation_classes"": []}",,[],9606,
hcv ns5b polymerase s282t mutant,CHEMBL5375,Q8JXU8,hcv ns5b polymerase s282t,hcv ns5b polymerase s282t,hcv|ns5b|polymerase|s282t,,"{""parenthetical"": [], ""dropped"": [], ""mutations"": [""mutant""], ""mutation_classes"": [""NONE""]}",NONE,[],9606,
hcv ns5b rna - dependent rna polymerase,CHEMBL5375,Q8JXU8,hcv ns5b rna dependent rna polymerase|hcv ns5b rna-dependent rna polymerase|rna-dependent|hcv ns5b rnadependent rna polymerase|rnadependent,hcv ns5b rna dependent polymerase|hcv ns5b rna-dependent polymerase|rna-dependent|hcv ns5b rnadependent polymerase|rnadependent,hcv|ns5b|rna|dependent|polymerase|rna-dependent|rnadependent,,"{""parenthetical"": [], ""dropped"": [], ""mutations"": [], ""mutation_classes"": []}",,[],9606,
hcv rna dependent rna polymerase nonstructural protein 5b,CHEMBL5375,Q8JXU8,hcv rna dependent rna polymerase nonstructural 5b,hcv rna dependent polymerase nonstructural protein 5b,hcv|rna|dependent|polymerase|nonstructural|5b,,"{""parenthetical"": [], ""dropped"": [""protein""], ""mutations"": [], ""mutation_classes"": []}",,[],9606,
hd2,CHEMBL4919,Q94F81,hd2,hd2,hd2,,"{""parenthetical"": [], ""dropped"": [], ""mutations"": [], ""mutation_classes"": []}",,[],9606,
hd2 ( histone deacetylase 2,CHEMBL4919,Q94F81,hd2 ( histone deacetylase 2|hd2 ( histone deacetylase2|deacetylase2|hd2 ( histone deacetylase-2|deacetylase-2,hd2 ( histone deacetylase 2|hd2 ( histone deacetylase2|deacetylase2|hd2 ( histone deacetylase-2|deacetylase-2,hd2|(|histone|deacetylase|2|deacetylase2|deacetylase-2,,"{""parenthetical"": [], ""dropped"": [], ""mutations"": [], ""mutation_classes"": []}",,[],9606,
hd2 ),CHEMBL4919,Q94F81,hd2 ),hd2 ),hd2|),,"{""parenthetical"": [], ""dropped"": [], ""mutations"": [], ""mutation_classes"": []}",,[],9606,
hdac,CHEMBL325,Q13547,hdac,hdac,hdac,,"{""parenthetical"": [], ""dropped"": [], ""mutations"": [], ""mutation_classes"": []}",,[],9606,
hdac - 1 ),CHEMBL325,Q13547,hdac 1 )|hdac-1 )|hdac-1|hdac1 )|hdac1,hdac 1 )|hdac-1 )|hdac-1|hdac1 )|hdac1,hdac|1|)|hdac-1|hdac1,,"{""parenthetical"": [], ""dropped"": [], ""mutations"": [], ""mutation_classes"": []}",,[],9606,
hdac 1,CHEMBL325,Q13547,hdac 1|hdac1|hdac-1,hdac 1|hdac1|hdac-1,hdac|1|hdac1|hdac-1,,"{""parenthetical"": [], ""dropped"": [], ""mutations"": [], ""mutation_classes"": []}",,[],9606,
hdac 10,CHEMBL5103,Q969S8,hdac 10|hdac10|hdac-10,hdac 10|hdac10|hdac-10,hdac|10|hdac10|hdac-10,,"{""parenthetical"": [], ""dropped"": [], ""mutations"": [], ""mutation_classes"": []}",,[],9606,
hdac 2,CHEMBL1937,Q92769,hdac 2|hdac2|hdac-2,hdac 2|hdac2|hdac-2,hdac|2|hdac2|hdac-2,,"{""parenthetical"": [], ""dropped"": [], ""mutations"": [], ""mutation_classes"": []}",,[],9606,
hdac 8,CHEMBL3192,Q9BY41,hdac 8|hdac8|hdac-8,hdac 8|hdac8|hdac-8,hdac|8|hdac8|hdac-8,,"{""parenthetical"": [], ""dropped"": [], ""mutations"": [], ""mutation_classes"": []}",,[],9606,
hdac1,CHEMBL4001,O09106,hdac1,hdac1,hdac1,,"{""parenthetical"": [], ""dropped"": [], ""mutations"": [], ""mutation_classes"": []}",,[],9606,
hdac1,CHEMBL325,Q13547,hdac1,hdac1,hdac1,,"{""parenthetical"": [], ""dropped"": [], ""mutations"": [], ""mutation_classes"": []}",,[],9606,
hdac1,CHEMBL5541,Q9XYC7,hdac1,hdac1,hdac1,,"{""parenthetical"": [], ""dropped"": [], ""mutations"": [], ""mutation_classes"": []}",,[],9606,
hdac1 ( histone deacetylase 1,CHEMBL4001,O09106,hdac1 ( histone deacetylase 1|hdac1 ( histone deacetylase1|deacetylase1|hdac1 ( histone deacetylase-1|deacetylase-1,hdac1 ( histone deacetylase 1|hdac1 ( histone deacetylase1|deacetylase1|hdac1 ( histone deacetylase-1|deacetylase-1,hdac1|(|histone|deacetylase|1|deacetylase1|deacetylase-1,,"{""parenthetical"": [], ""dropped"": [], ""mutations"": [], ""mutation_classes"": []}",,[],9606,
hdac1 ),CHEMBL4001,O09106,hdac1 ),hdac1 ),hdac1|),,"{""parenthetical"": [], ""dropped"": [], ""mutations"": [], ""mutation_classes"": []}",,[],9606,
hdac1 ),CHEMBL325,Q13547,hdac1 ),hdac1 ),hdac1|),,"{""parenthetical"": [], ""dropped"": [], ""mutations"": [], ""mutation_classes"": []}",,[],9606,
hdac10,CHEMBL5103,Q969S8,hdac10,hdac10,hdac10,,"{""parenthetical"": [], ""dropped"": [], ""mutations"": [], ""mutation_classes"": []}",,[],9606,
hdac11,CHEMBL3310,Q96DB2,hdac11,hdac11,hdac11,,"{""parenthetical"": [], ""dropped"": [], ""mutations"": [], ""mutation_classes"": []}",,[],9606,
hdac11 enzyme,CHEMBL3310,Q96DB2,hdac11 enzyme,hdac11 enzyme,hdac11|enzyme,,"{""parenthetical"": [], ""dropped"": [], ""mutations"": [], ""mutation_classes"": []}",,[],9606,
hdac2,CHEMBL1937,Q92769,hdac2,hdac2,hdac2,,"{""parenthetical"": [], ""dropped"": [], ""mutations"": [], ""mutation_classes"": []}",,[],9606,
hdac2 ),CHEMBL1937,Q92769,hdac2 ),hdac2 ),hdac2|),,"{""parenthetical"": [], ""dropped"": [], ""mutations"": [], ""mutation_classes"": []}",,[],9606,
hdac3,CHEMBL1829,O15379,hdac3,hdac3,hdac3,,"{""parenthetical"": [], ""dropped"": [], ""mutations"": [], ""mutation_classes"": []}",,[],9606,
hdac3 - ncor2,CHEMBL1829,O15379,hdac3 ncor2|hdac3-ncor2|hdac3ncor2,hdac3 ncor2|hdac3-ncor2|hdac3ncor2,hdac3|ncor2|hdac3-ncor2|hdac3ncor2,,"{""parenthetical"": [], ""dropped"": [], ""mutations"": [], ""mutation_classes"": []}",,[],9606,
hdac4,CHEMBL3524,P56524,hdac4,hdac4,hdac4,,"{""parenthetical"": [], ""dropped"": [], ""mutations"": [], ""mutation_classes"": []}",,[],9606,
hdac5,CHEMBL2563,Q9UQL6,hdac5,hdac5,hdac5,,"{""parenthetical"": [], ""dropped"": [], ""mutations"": [], ""mutation_classes"": []}",,[],9606,
hdac6,CHEMBL1937,Q92769,hdac6,hdac6,hdac6,,"{""parenthetical"": [], ""dropped"": [], ""mutations"": [], ""mutation_classes"": []}",,[],9606,
hdac6,CHEMBL1865,Q9UBN7,hdac6,hdac6,hdac6,,"{""parenthetical"": [], ""dropped"": [], ""mutations"": [], ""mutation_classes"": []}",,[],9606,
hdac6,CHEMBL2878,Q9Z2V5,hdac6,hdac6,hdac6,,"{""parenthetical"": [], ""dropped"": [], ""mutations"": [], ""mutation_classes"": []}",,[],9606,
hdac6 ),CHEMBL1865,Q9UBN7,hdac6 ),hdac6 ),hdac6|),,"{""parenthetical"": [], ""dropped"": [], ""mutations"": [], ""mutation_classes"": []}",,[],9606,
hdac6 cd2,CHEMBL1865,Q9UBN7,hdac6 cd2,hdac6 cd2,hdac6|cd2,,"{""parenthetical"": [], ""dropped"": [], ""mutations"": [], ""mutation_classes"": []}",,[],9606,
hdac7,CHEMBL2716,Q8WUI4,hdac7,hdac7,hdac7,,"{""parenthetical"": [], ""dropped"": [], ""mutations"": [], ""mutation_classes"": []}",,[],9606,
hdac8,CHEMBL3797017,A5H660,hdac8,hdac8,hdac8,,"{""parenthetical"": [], ""dropped"": [], ""mutations"": [], ""mutation_classes"": []}",,[],9606,
hdac8,CHEMBL3192,Q9BY41,hdac8,hdac8,hdac8,,"{""parenthetical"": [], ""dropped"": [], ""mutations"": [], ""mutation_classes"": []}",,[],9606,
hdac8,CHEMBL1865,Q9UBN7,hdac8,hdac8,hdac8,,"{""parenthetical"": [], ""dropped"": [], ""mutations"": [], ""mutation_classes"": []}",,[],9606,
hdac8 ),CHEMBL3192,Q9BY41,hdac8 ),hdac8 ),hdac8|),,"{""parenthetical"": [], ""dropped"": [], ""mutations"": [], ""mutation_classes"": []}",,[],9606,
hdac8 enzyme,CHEMBL3192,Q9BY41,hdac8 enzyme,hdac8 enzyme,hdac8|enzyme,,"{""parenthetical"": [], ""dropped"": [], ""mutations"": [], ""mutation_classes"": []}",,[],9606,
hdac9,CHEMBL4145,Q9UKV0,hdac9,hdac9,hdac9,,"{""parenthetical"": [], ""dropped"": [], ""mutations"": [], ""mutation_classes"": []}",,[],9606,
hdm2,CHEMBL5023,Q00987,hdm2,hdm2,hdm2,,"{""parenthetical"": [], ""dropped"": [], ""mutations"": [], ""mutation_classes"": []}",,[],9606,
hematin,CHEMBL1923,P05227,hematin,hematin,hematin,,"{""parenthetical"": [], ""dropped"": [], ""mutations"": [], ""mutation_classes"": []}",,[],9606,
heparanase,CHEMBL3921,Q9Y251,heparanase,heparanase,heparanase,,"{""parenthetical"": [], ""dropped"": [], ""mutations"": [], ""mutation_classes"": []}",,[],9606,
hepatitis c virus,CHEMBL5375,Q8JXU8,hepatitis c virus,hepatitis c virus,hepatitis|c|virus,,"{""parenthetical"": [], ""dropped"": [], ""mutations"": [], ""mutation_classes"": []}",,[],9606,
her - 2,CHEMBL1824,P04626,her 2|her-2|her2,her 2|her-2|her2,her|2|her-2|her2,,"{""parenthetical"": [], ""dropped"": [], ""mutations"": [], ""mutation_classes"": []}",,[],9606,
her - 2 ),CHEMBL1824,P04626,her 2 )|her-2 )|her-2|her2 )|her2,her 2 )|her-2 )|her-2|her2 )|her2,her|2|)|her-2|her2,,"{""parenthetical"": [], ""dropped"": [], ""mutations"": [], ""mutation_classes"": []}",,[],9606,
her - 2 cytoplasmic,CHEMBL1824,P04626,her 2 cytoplasmic|her-2 cytoplasmic|her-2|her2 cytoplasmic|her2,her 2 cytoplasmic|her-2 cytoplasmic|her-2|her2 cytoplasmic|her2,her|2|cytoplasmic|her-2|her2,,"{""parenthetical"": [], ""dropped"": [], ""mutations"": [], ""mutation_classes"": []}",,[],9606,
her - 2 cytoplasmic domain,CHEMBL1824,P04626,her 2 cytoplasmic domain|her-2 cytoplasmic domain|her-2|her2 cytoplasmic domain|her2,her 2 cytoplasmic domain|her-2 cytoplasmic domain|her-2|her2 cytoplasmic domain|her2,her|2|cytoplasmic|domain|her-2|her2,,"{""parenthetical"": [], ""dropped"": [], ""mutations"": [], ""mutation_classes"": []}",,[],9606,
her1,CHEMBL203,P00533,her1,her1,her1,,"{""parenthetical"": [], ""dropped"": [], ""mutations"": [], ""mutation_classes"": []}",,[],9606,
her1 kinase,CHEMBL203,P00533,her1 kinase,her1 kinase,her1|kinase,,"{""parenthetical"": [], ""dropped"": [], ""mutations"": [], ""mutation_classes"": []}",,[],9606,
her2,CHEMBL203,P00533,her2,her2,her2,,"{""parenthetical"": [], ""dropped"": [], ""mutations"": [], ""mutation_classes"": []}",,[],9606,
her2,CHEMBL1824,P04626,her2,her2,her2,,"{""parenthetical"": [], ""dropped"": [], ""mutations"": [], ""mutation_classes"": []}",,[],9606,
her2,CHEMBL4303,P08238,her2,her2,her2,,"{""parenthetical"": [], ""dropped"": [], ""mutations"": [], ""mutation_classes"": []}",,[],9606,
her2 cytoplasmic domain,CHEMBL203,P00533,her2 cytoplasmic domain,her2 cytoplasmic domain,her2|cytoplasmic|domain,,"{""parenthetical"": [], ""dropped"": [], ""mutations"": [], ""mutation_classes"": []}",,[],9606,
her2 cytoplasmic domain,CHEMBL1824,P04626,her2 cytoplasmic domain,her2 cytoplasmic domain,her2|cytoplasmic|domain,,"{""parenthetical"": [], ""dropped"": [], ""mutations"": [], ""mutation_classes"": []}",,[],9606,
her2 extracellular domain,CHEMBL1824,P04626,her2 extracellular domain,her2 extracellular domain,her2|extracellular|domain,,"{""parenthetical"": [], ""dropped"": [], ""mutations"": [], ""mutation_classes"": []}",,[],9606,
her2 kinase,CHEMBL1824,P04626,her2 kinase,her2 kinase,her2|kinase,,"{""parenthetical"": [], ""dropped"": [], ""mutations"": [], ""mutation_classes"": []}",,[],9606,
her2 kinase domain,CHEMBL1824,P04626,her2 kinase domain,her2 kinase domain,her2|kinase|domain,,"{""parenthetical"": [], ""dropped"": [], ""mutations"": [], ""mutation_classes"": []}",,[],9606,
her3,CHEMBL5838,P21860,her3,her3,her3,,"{""parenthetical"": [], ""dropped"": [], ""mutations"": [], ""mutation_classes"": []}",,[],9606,
her4,CHEMBL3009,Q15303,her4,her4,her4,,"{""parenthetical"": [], ""dropped"": [], ""mutations"": [], ""mutation_classes"": []}",,[],9606,
herg,CHEMBL240,Q12809,herg,herg,herg,,"{""parenthetical"": [], ""dropped"": [], ""mutations"": [], ""mutation_classes"": []}",,[],9606,
herg kv11 . 1,CHEMBL240,Q12809,herg kv11.1,herg kv11.1,herg|kv11.1,kcnh2 kv11.1 herg,"{""parenthetical"": [], ""dropped"": [], ""mutations"": [], ""mutation_classes"": []}",,[],9606,
hexb,CHEMBL5877,P07686,hexb,hexb,hexb,,"{""parenthetical"": [], ""dropped"": [], ""mutations"": [], ""mutation_classes"": []}",,[],9606,
hfip,CHEMBL2487,P05067,hfip,hfip,hfip,,"{""parenthetical"": [], ""dropped"": [], ""mutations"": [], ""mutation_classes"": []}",,[],9606,
hgk,CHEMBL6166,O95819,hgk,hgk,hgk,,"{""parenthetical"": [], ""dropped"": [], ""mutations"": [], ""mutation_classes"": []}",,[],9606,
hgprt,CHEMBL2360,P00492,hgprt,hgprt,hgprt,,"{""parenthetical"": [], ""dropped"": [], ""mutations"": [], ""mutation_classes"": []}",,[],9606,
hif - 1alpha,CHEMBL4261,Q16665,hif 1alpha|hif-1alpha|hif1alpha,hif 1alpha|hif-1alpha|hif1alpha,hif|1alpha|hif-1alpha|hif1alpha,,"{""parenthetical"": [], ""dropped"": [], ""mutations"": [], ""mutation_classes"": []}",,[],9606,
hif - 2alpha,CHEMBL1744522,Q99814,hif 2alpha|hif-2alpha|hif2alpha,hif 2alpha|hif-2alpha|hif2alpha,hif|2alpha|hif-2alpha|hif2alpha,,"{""parenthetical"": [], ""dropped"": [], ""mutations"": [], ""mutation_classes"": []}",,[],9606,
hif - 2alpha pas - b domain,CHEMBL1744522,Q99814,hif 2alpha pas b domain|hif-2alpha pas b domain|hif-2alpha|hif2alpha pas b domain|hif2alpha|hif 2alpha pas-b domain|pas-b|hif 2alpha pasb domain|pasb,hif 2alpha pas b domain|hif-2alpha pas b domain|hif-2alpha|hif2alpha pas b domain|hif2alpha|hif 2alpha pas-b domain|pas-b|hif 2alpha pasb domain|pasb,hif|2alpha|pas|b|domain|hif-2alpha|hif2alpha|pas-b|pasb,,"{""parenthetical"": [], ""dropped"": [], ""mutations"": [], ""mutation_classes"": []}",,[],9606,
hif - phd2,CHEMBL5697,Q9GZT9,hif phd2|hif-phd2|hifphd2,hif phd2|hif-phd2|hifphd2,hif|phd2|hif-phd2|hifphd2,,"{""parenthetical"": [], ""dropped"": [], ""mutations"": [], ""mutation_classes"": []}",,[],9606,phd2
hif1 - alpha,CHEMBL4261,Q16665,hif1 alpha|hif1-alpha|hif1alpha,hif1 alpha|hif1-alpha|hif1alpha,hif1|alpha|hif1-alpha|hif1alpha,,"{""parenthetical"": [], ""dropped"": [], ""mutations"": [], ""mutation_classes"": []}",,[],9606,
hif1alpha,CHEMBL4261,Q16665,hif1alpha,hif1alpha,hif1alpha,,"{""parenthetical"": [], ""dropped"": [], ""mutations"": [], ""mutation_classes"": []}",,[],9606,
hipk1,CHEMBL5427,Q86Z02,hipk1,hipk1,hipk1,,"{""parenthetical"": [], ""dropped"": [], ""mutations"": [], ""mutation_classes"": []}",,[],9606,
hipk2,CHEMBL4576,Q9H2X6,hipk2,hipk2,hipk2,,"{""parenthetical"": [], ""dropped"": [], ""mutations"": [], ""mutation_classes"": []}",,[],9606,
hipk3,CHEMBL4577,Q9H422,hipk3,hipk3,hipk3,,"{""parenthetical"": [], ""dropped"": [], ""mutations"": [], ""mutation_classes"": []}",,[],9606,
hipk4,CHEMBL1075167,Q8NE63,hipk4,hipk4,hipk4,,"{""parenthetical"": [], ""dropped"": [], ""mutations"": [], ""mutation_classes"": []}",,[],9606,
histamine 1 receptor,CHEMBL231,P35367,histamine 1|histamine1|histamine-1,histamine 1 receptor|histamine1 receptor|histamine1|histamine-1 receptor|histamine-1,histamine|1|histamine1|histamine-1,,"{""parenthetical"": [], ""dropped"": [""receptor""], ""mutations"": [], ""mutation_classes"": []}",,[],9606,
histamine 3 receptor,CHEMBL264,Q9Y5N1,histamine 3|histamine3|histamine-3,histamine 3 receptor|histamine3 receptor|histamine3|histamine-3 receptor|histamine-3,histamine|3|histamine3|histamine-3,h3r hrh3,"{""parenthetical"": [], ""dropped"": [""receptor""], ""mutations"": [], ""mutation_classes"": []}",,[],9606,
histamine 4 receptor,CHEMBL3759,Q9H3N8,histamine 4|histamine4|histamine-4,histamine 4 receptor|histamine4 receptor|histamine4|histamine-4 receptor|histamine-4,histamine|4|histamine4|histamine-4,h4r hrh4,"{""parenthetical"": [], ""dropped"": [""receptor""], ""mutations"": [], ""mutation_classes"": []}",,[],9606,
histamine h1 receptor,CHEMBL3943,P31389,histamine h1,histamine h1 receptor,histamine|h1,hrh1,"{""parenthetical"": [], ""dropped"": [""receptor""], ""mutations"": [], ""mutation_classes"": []}",,[],9606,
histamine h1 receptor,CHEMBL231,P35367,histamine h1,histamine h1 receptor,histamine|h1,hrh1,"{""parenthetical"": [], ""dropped"": [""receptor""], ""mutations"": [], ""mutation_classes"": []}",,[],9606,
histamine h1 receptor n7,CHEMBL231,P35367,histamine h1 n7,histamine h1 receptor n7,histamine|h1|n7,hrh1,"{""parenthetical"": [], ""dropped"": [""receptor""], ""mutations"": [], ""mutation_classes"": []}",,[],9606,
histamine h1 receptor s3,CHEMBL231,P35367,histamine h1 s3,histamine h1 receptor s3,histamine|h1|s3,hrh1,"{""parenthetical"": [], ""dropped"": [""receptor""], ""mutations"": [], ""mutation_classes"": []}",,[],9606,
histamine h2 receptor,CHEMBL1941,P25021,histamine h2,histamine h2 receptor,histamine|h2,hrh2,"{""parenthetical"": [], ""dropped"": [""receptor""], ""mutations"": [], ""mutation_classes"": []}",,[],9606,
histamine h2 receptor,CHEMBL2882,P47747,histamine h2,histamine h2 receptor,histamine|h2,hrh2,"{""parenthetical"": [], ""dropped"": [""receptor""], ""mutations"": [], ""mutation_classes"": []}",,[],9606,
histamine h3,CHEMBL228,P31645,histamine h3,histamine h3,histamine|h3,hrh3,"{""parenthetical"": [], ""dropped"": [], ""mutations"": [], ""mutation_classes"": []}",,[],9606,
histamine h3 receptor,CHEMBL5076,Q9JI35,histamine h3,histamine h3,histamine|h3,hrh3,"{""parenthetical"": [], ""dropped"": [], ""mutations"": [], ""mutation_classes"": []}",,"[""histamine\\s+h3\\s+receptor""]",9606,
histamine h3 receptor,CHEMBL4124,Q9QYN8,histamine h3,histamine h3,histamine|h3,hrh3,"{""parenthetical"": [], ""dropped"": [], ""mutations"": [], ""mutation_classes"": []}",,"[""histamine\\s+h3\\s+receptor""]",9606,
histamine h3 receptor,CHEMBL264,Q9Y5N1,histamine h3,histamine h3,histamine|h3,hrh3,"{""parenthetical"": [], ""dropped"": [], ""mutations"": [], ""mutation_classes"": []}",,"[""histamine\\s+h3\\s+receptor""]",9606,
histamine h4 receptor,CHEMBL4468,Q91ZY1,histamine h4,histamine h4 receptor,histamine|h4,h4r hrh4,"{""parenthetical"": [], ""dropped"": [""receptor""], ""mutations"": [], ""mutation_classes"": []}",,[],9606,
histamine h4 receptor,CHEMBL5657,Q91ZY2,histamine h4,histamine h4 receptor,histamine|h4,h4r hrh4,"{""parenthetical"": [], ""dropped"": [""receptor""], ""mutations"": [], ""mutation_classes"": []}",,[],9606,
histamine h4 receptor,CHEMBL1255160,Q91ZY3,histamine h4,histamine h4 receptor,histamine|h4,h4r hrh4,"{""parenthetical"": [], ""dropped"": [""receptor""], ""mutations"": [], ""mutation_classes"": []}",,[],9606,
histamine h4 receptor,CHEMBL3759,Q9H3N8,histamine h4,histamine h4 receptor,histamine|h4,h4r hrh4,"{""parenthetical"": [], ""dropped"": [""receptor""], ""mutations"": [], ""mutation_classes"": []}",,[],9606,
histamine1 receptor,CHEMBL231,P35367,histamine1,histamine1 receptor,histamine1,,"{""parenthetical"": [], ""dropped"": [""receptor""], ""mutations"": [], ""mutation_classes"": []}",,[],9606,
histone - lysine n - methyltransferase g9a,CHEMBL2169718,Q9Z148,histone lysine n methyltransferase g9a|histone-lysine n methyltransferase g9a|histone-lysine|histonelysine n methyltransferase g9a|histonelysine|histone lysine n-methyltransferase g9a|n-methyltransferase|histone lysine nmethyltransferase g9a|nmethyltransferase,histone lysine n methyltransferase g9a|histone-lysine n methyltransferase g9a|histone-lysine|histonelysine n methyltransferase g9a|histonelysine|histone lysine n-methyltransferase g9a|n-methyltransferase|histone lysine nmethyltransferase g9a|nmethyltransferase,histone|lysine|n|methyltransferase|g9a|histone-lysine|histonelysine|n-methyltransferase|nmethyltransferase,,"{""parenthetical"": [], ""dropped"": [], ""mutations"": [], ""mutation_classes"": []}",,[],9606,
histone deacetylase,CHEMBL4919,Q94F81,histone deacetylase,histone deacetylase,histone|deacetylase,,"{""parenthetical"": [], ""dropped"": [], ""mutations"": [], ""mutation_classes"": []}",,[],9606,
histone deacetylase 1,CHEMBL325,Q13547,histone deacetylase 1|histone deacetylase1|deacetylase1|histone deacetylase-1|deacetylase-1,histone deacetylase 1|histone deacetylase1|deacetylase1|histone deacetylase-1|deacetylase-1,histone|deacetylase|1|deacetylase1|deacetylase-1,,"{""parenthetical"": [], ""dropped"": [], ""mutations"": [], ""mutation_classes"": []}",,[],9606,
histone deacetylase 1,CHEMBL4919,Q94F81,histone deacetylase 1|histone deacetylase1|deacetylase1|histone deacetylase-1|deacetylase-1,histone deacetylase 1|histone deacetylase1|deacetylase1|histone deacetylase-1|deacetylase-1,histone|deacetylase|1|deacetylase1|deacetylase-1,,"{""parenthetical"": [], ""dropped"": [], ""mutations"": [], ""mutation_classes"": []}",,[],9606,
histone deacetylase 1 ( c151s ),CHEMBL325,Q13547,histone deacetylase 1|histone deacetylase1|deacetylase1|histone deacetylase-1|deacetylase-1,histone deacetylase 1|histone deacetylase1|deacetylase1|histone deacetylase-1|deacetylase-1,histone|deacetylase|1|deacetylase1|deacetylase-1,,"{""parenthetical"": [""c151s""], ""dropped"": [], ""mutations"": [], ""mutation_classes"": []}",,[],9606,
histone deacetylase 2,CHEMBL1937,Q92769,histone deacetylase 2|histone deacetylase2|deacetylase2|histone deacetylase-2|deacetylase-2,histone deacetylase 2|histone deacetylase2|deacetylase2|histone deacetylase-2|deacetylase-2,histone|deacetylase|2|deacetylase2|deacetylase-2,,"{""parenthetical"": [], ""dropped"": [], ""mutations"": [], ""mutation_classes"": []}",,[],9606,
histone deacetylase 2,CHEMBL4919,Q94F81,histone deacetylase 2|histone deacetylase2|deacetylase2|histone deacetylase-2|deacetylase-2,histone deacetylase 2|histone deacetylase2|deacetylase2|histone deacetylase-2|deacetylase-2,histone|deacetylase|2|deacetylase2|deacetylase-2,,"{""parenthetical"": [], ""dropped"": [], ""mutations"": [], ""mutation_classes"": []}",,[],9606,
histone deacetylase 2 ( hd - 2 ),CHEMBL4919,Q94F81,histone deacetylase 2 hd 2|histone deacetylase 2 hd-2|hd-2|histone deacetylase 2 hd2|hd2|histone deacetylase2 hd 2|deacetylase2|histone deacetylase-2 hd 2|deacetylase-2|hd - 2,histone deacetylase 2 hd|hd-2|hd2|histone deacetylase2 hd|deacetylase2|histone deacetylase-2 hd|deacetylase-2|hd - 2,histone|deacetylase|2|hd|hd-2|hd2|deacetylase2|deacetylase-2,,"{""parenthetical"": [""hd - 2""], ""dropped"": [], ""mutations"": [], ""mutation_classes"": []}",,[],9606,
histone deacetylase 4,CHEMBL3524,P56524,histone deacetylase 4|histone deacetylase4|deacetylase4|histone deacetylase-4|deacetylase-4,histone deacetylase 4|histone deacetylase4|deacetylase4|histone deacetylase-4|deacetylase-4,histone|deacetylase|4|deacetylase4|deacetylase-4,,"{""parenthetical"": [], ""dropped"": [], ""mutations"": [], ""mutation_classes"": []}",,[],9606,
histone deacetylase 6,CHEMBL1865,Q9UBN7,histone deacetylase 6|histone deacetylase6|deacetylase6|histone deacetylase-6|deacetylase-6,histone deacetylase 6|histone deacetylase6|deacetylase6|histone deacetylase-6|deacetylase-6,histone|deacetylase|6|deacetylase6|deacetylase-6,,"{""parenthetical"": [], ""dropped"": [], ""mutations"": [], ""mutation_classes"": []}",,[],9606,
histone deacetylase 6,CHEMBL2878,Q9Z2V5,histone deacetylase 6|histone deacetylase6|deacetylase6|histone deacetylase-6|deacetylase-6,histone deacetylase 6|histone deacetylase6|deacetylase6|histone deacetylase-6|deacetylase-6,histone|deacetylase|6|deacetylase6|deacetylase-6,,"{""parenthetical"": [], ""dropped"": [], ""mutations"": [], ""mutation_classes"": []}",,[],9606,
histone deacetylase 8,CHEMBL3192,Q9BY41,histone deacetylase 8|histone deacetylase8|deacetylase8|histone deacetylase-8|deacetylase-8,histone deacetylase 8|histone deacetylase8|deacetylase8|histone deacetylase-8|deacetylase-8,histone|deacetylase|8|deacetylase8|deacetylase-8,,"{""parenthetical"": [], ""dropped"": [], ""mutations"": [], ""mutation_classes"": []}",,[],9606,
histone deacetylase hd2 enzyme,CHEMBL4919,Q94F81,histone deacetylase hd2 enzyme,histone deacetylase hd2 enzyme,histone|deacetylase|hd2|enzyme,,"{""parenthetical"": [], ""dropped"": [], ""mutations"": [], ""mutation_classes"": []}",,[],9606,
hiv,CHEMBL247,Q72547,hiv,hiv,hiv,,"{""parenthetical"": [], ""dropped"": [], ""mutations"": [], ""mutation_classes"": []}",,[],9606,
hiv - 1,CHEMBL247,Q72547,hiv 1|hiv-1|hiv1,hiv 1|hiv-1|hiv1,hiv|1|hiv-1|hiv1,,"{""parenthetical"": [], ""dropped"": [], ""mutations"": [], ""mutation_classes"": []}",,[],9606,
hiv - 1,CHEMBL3471,Q7ZJM1,hiv 1|hiv-1|hiv1,hiv 1|hiv-1|hiv1,hiv|1|hiv-1|hiv1,,"{""parenthetical"": [], ""dropped"": [], ""mutations"": [], ""mutation_classes"": []}",,[],9606,
hiv - 1 - tagged p66 / p51 reverse transcriptase,CHEMBL247,Q72547,hiv 1 tagged p66 p51 reverse transcriptase|hiv-1-tagged p66 p51 reverse transcriptase|hiv-1-tagged|hiv1tagged p66 p51 reverse transcriptase|hiv1tagged|hiv1 tagged p66 p51 reverse transcriptase|hiv1|hiv-1 tagged p66 p51 reverse transcriptase|hiv-1,hiv 1 tagged p66 p51 reverse transcriptase|hiv-1-tagged p66 p51 reverse transcriptase|hiv-1-tagged|hiv1tagged p66 p51 reverse transcriptase|hiv1tagged|hiv1 tagged p66 p51 reverse transcriptase|hiv1|hiv-1 tagged p66 p51 reverse transcriptase|hiv-1,hiv|1|tagged|p66|p51|reverse|transcriptase|hiv-1-tagged|hiv1tagged|hiv1|hiv-1,,"{""parenthetical"": [], ""dropped"": [], ""mutations"": [], ""mutation_classes"": []}",,[],9606,
hiv - 1 ( iiib ) rt,CHEMBL247,Q72547,hiv 1 rt|hiv-1 rt|hiv-1|hiv1 rt|hiv1,hiv 1 rt|hiv-1 rt|hiv-1|hiv1 rt|hiv1,hiv|1|rt|hiv-1|hiv1,,"{""parenthetical"": [""iiib""], ""dropped"": [], ""mutations"": [], ""mutation_classes"": []}",,[],9606,
hiv - 1 ) integrase .,CHEMBL3471,Q7ZJM1,hiv 1 ) integrase|hiv-1 ) integrase|hiv-1|hiv1 ) integrase|hiv1,hiv 1 ) integrase|hiv-1 ) integrase|hiv-1|hiv1 ) integrase|hiv1,hiv|1|)|integrase|hiv-1|hiv1,,"{""parenthetical"": [], ""dropped"": [], ""mutations"": [], ""mutation_classes"": []}",,[],9606,
hiv - 1 ) protease,CHEMBL243,Q72874,hiv 1 ) protease|hiv-1 ) protease|hiv-1|hiv1 ) protease|hiv1,hiv 1 ) protease|hiv-1 ) protease|hiv-1|hiv1 ) protease|hiv1,hiv|1|)|protease|hiv-1|hiv1,,"{""parenthetical"": [], ""dropped"": [], ""mutations"": [], ""mutation_classes"": []}",,[],9606,
hiv - 1 ) protease enzyme .,CHEMBL243,Q72874,hiv 1 ) protease enzyme|hiv-1 ) protease enzyme|hiv-1|hiv1 ) protease enzyme|hiv1,hiv 1 ) protease enzyme|hiv-1 ) protease enzyme|hiv-1|hiv1 ) protease enzyme|hiv1,hiv|1|)|protease|enzyme|hiv-1|hiv1,,"{""parenthetical"": [], ""dropped"": [], ""mutations"": [], ""mutation_classes"": []}",,[],9606,
hiv - 1 aspartic protease,CHEMBL243,Q72874,hiv 1 aspartic protease|hiv-1 aspartic protease|hiv-1|hiv1 aspartic protease|hiv1,hiv 1 aspartic protease|hiv-1 aspartic protease|hiv-1|hiv1 aspartic protease|hiv1,hiv|1|aspartic|protease|hiv-1|hiv1,,"{""parenthetical"": [], ""dropped"": [], ""mutations"": [], ""mutation_classes"": []}",,[],9606,
hiv - 1 aspartyl protease,CHEMBL243,Q72874,hiv 1 aspartyl protease|hiv-1 aspartyl protease|hiv-1|hiv1 aspartyl protease|hiv1,hiv 1 aspartyl protease|hiv-1 aspartyl protease|hiv-1|hiv1 aspartyl protease|hiv1,hiv|1|aspartyl|protease|hiv-1|hiv1,,"{""parenthetical"": [], ""dropped"": [], ""mutations"": [], ""mutation_classes"": []}",,[],9606,
hiv - 1 enzyme,CHEMBL247,Q72547,hiv 1 enzyme|hiv-1 enzyme|hiv-1|hiv1 enzyme|hiv1,hiv 1 enzyme|hiv-1 enzyme|hiv-1|hiv1 enzyme|hiv1,hiv|1|enzyme|hiv-1|hiv1,,"{""parenthetical"": [], ""dropped"": [], ""mutations"": [], ""mutation_classes"": []}",,[],9606,
hiv - 1 iiib,CHEMBL247,Q72547,hiv 1 iiib|hiv-1 iiib|hiv-1|hiv1 iiib|hiv1,hiv 1 iiib|hiv-1 iiib|hiv-1|hiv1 iiib|hiv1,hiv|1|iiib|hiv-1|hiv1,,"{""parenthetical"": [], ""dropped"": [], ""mutations"": [], ""mutation_classes"": []}",,[],9606,
hiv - 1 in ),CHEMBL3471,Q7ZJM1,hiv 1 in )|hiv-1 in )|hiv-1|hiv1 in )|hiv1,hiv 1 in )|hiv-1 in )|hiv-1|hiv1 in )|hiv1,hiv|1|in|)|hiv-1|hiv1,,"{""parenthetical"": [], ""dropped"": [], ""mutations"": [], ""mutation_classes"": []}",,[],9606,
hiv - 1 integrase,CHEMBL3471,Q7ZJM1,hiv 1 integrase|hiv-1 integrase|hiv-1|hiv1 integrase|hiv1,hiv 1 integrase|hiv-1 integrase|hiv-1|hiv1 integrase|hiv1,hiv|1|integrase|hiv-1|hiv1,,"{""parenthetical"": [], ""dropped"": [], ""mutations"": [], ""mutation_classes"": []}",,[],9606,
hiv - 1 integrase ( hiv - 1 - in ),CHEMBL3471,Q7ZJM1,hiv 1 integrase|hiv-1 integrase|hiv-1|hiv1 integrase|hiv1,hiv 1 integrase|hiv-1 integrase|hiv-1|hiv1 integrase|hiv1,hiv|1|integrase|hiv-1|hiv1,,"{""parenthetical"": [""hiv - 1 - in""], ""dropped"": [], ""mutations"": [], ""mutation_classes"": []}",,[],9606,
hiv - 1 integrase .,CHEMBL3471,Q7ZJM1,hiv 1 integrase|hiv-1 integrase|hiv-1|hiv1 integrase|hiv1,hiv 1 integrase|hiv-1 integrase|hiv-1|hiv1 integrase|hiv1,hiv|1|integrase|hiv-1|hiv1,,"{""parenthetical"": [], ""dropped"": [], ""mutations"": [], ""mutation_classes"": []}",,[],9606,
hiv - 1 integrase enzyme,CHEMBL3471,Q7ZJM1,hiv 1 integrase enzyme|hiv-1 integrase enzyme|hiv-1|hiv1 integrase enzyme|hiv1,hiv 1 integrase enzyme|hiv-1 integrase enzyme|hiv-1|hiv1 integrase enzyme|hiv1,hiv|1|integrase|enzyme|hiv-1|hiv1,,"{""parenthetical"": [], ""dropped"": [], ""mutations"": [], ""mutation_classes"": []}",,[],9606,
hiv - 1 integrase g140s mutant,CHEMBL3471,Q7ZJM1,hiv 1 integrase g140s|hiv-1 integrase g140s|hiv-1|hiv1 integrase g140s|hiv1,hiv 1 integrase g140s|hiv-1 integrase g140s|hiv-1|hiv1 integrase g140s|hiv1,hiv|1|integrase|g140s|hiv-1|hiv1,,"{""parenthetical"": [], ""dropped"": [], ""mutations"": [""mutant""], ""mutation_classes"": [""NONE""]}",NONE,[],9606,
hiv - 1 mutant reverse transcriptase,CHEMBL247,Q72547,hiv 1 reverse transcriptase|hiv-1 reverse transcriptase|hiv-1|hiv1 reverse transcriptase|hiv1,hiv 1 reverse transcriptase|hiv-1 reverse transcriptase|hiv-1|hiv1 reverse transcriptase|hiv1,hiv|1|reverse|transcriptase|hiv-1|hiv1,,"{""parenthetical"": [], ""dropped"": [], ""mutations"": [""mutant""], ""mutation_classes"": [""NONE""]}",NONE,[],9606,
hiv - 1 mutant reverse transcriptase ( k103n + y181c ),CHEMBL247,Q72547,hiv 1 reverse transcriptase|hiv-1 reverse transcriptase|hiv-1|hiv1 reverse transcriptase|hiv1,hiv 1 reverse transcriptase|hiv-1 reverse transcriptase|hiv-1|hiv1 reverse transcriptase|hiv1,hiv|1|reverse|transcriptase|hiv-1|hiv1,,"{""parenthetical"": [""k103n + y181c""], ""dropped"": [], ""mutations"": [""mutant""], ""mutation_classes"": [""NONE""]}",NONE,[],9606,
hiv - 1 mutant reverse transcriptase ( k103r ),CHEMBL247,Q72547,hiv 1 reverse transcriptase|hiv-1 reverse transcriptase|hiv-1|hiv1 reverse transcriptase|hiv1,hiv 1 reverse transcriptase|hiv-1 reverse transcriptase|hiv-1|hiv1 reverse transcriptase|hiv1,hiv|1|reverse|transcriptase|hiv-1|hiv1,,"{""parenthetical"": [""k103r""], ""dropped"": [], ""mutations"": [""mutant""], ""mutation_classes"": [""NONE""]}",NONE,[],9606,
hiv - 1 mutant reverse transcriptase ( y181c ),CHEMBL247,Q72547,hiv 1 reverse transcriptase|hiv-1 reverse transcriptase|hiv-1|hiv1 reverse transcriptase|hiv1,hiv 1 reverse transcriptase|hiv-1 reverse transcriptase|hiv-1|hiv1 reverse transcriptase|hiv1,hiv|1|reverse|transcriptase|hiv-1|hiv1,,"{""parenthetical"": [""y181c""], ""dropped"": [], ""mutations"": [""mutant""], ""mutation_classes"": [""NONE""]}",NONE,[],9606,
hiv - 1 overall integrase,CHEMBL3471,Q7ZJM1,hiv 1 overall integrase|hiv-1 overall integrase|hiv-1|hiv1 overall integrase|hiv1,hiv 1 overall integrase|hiv-1 overall integrase|hiv-1|hiv1 overall integrase|hiv1,hiv|1|overall|integrase|hiv-1|hiv1,,"{""parenthetical"": [], ""dropped"": [], ""mutations"": [], ""mutation_classes"": []}",,[],9606,
hiv - 1 p66 / p51 reverse transcriptase k103n mutant,CHEMBL247,Q72547,hiv 1 p66 p51 reverse transcriptase k103n|hiv-1 p66 p51 reverse transcriptase k103n|hiv-1|hiv1 p66 p51 reverse transcriptase k103n|hiv1,hiv 1 p66 p51 reverse transcriptase k103n|hiv-1 p66 p51 reverse transcriptase k103n|hiv-1|hiv1 p66 p51 reverse transcriptase k103n|hiv1,hiv|1|p66|p51|reverse|transcriptase|k103n|hiv-1|hiv1,,"{""parenthetical"": [], ""dropped"": [], ""mutations"": [""mutant""], ""mutation_classes"": [""NONE""]}",NONE,[],9606,
hiv - 1 protease,CHEMBL243,Q72874,hiv 1 protease|hiv-1 protease|hiv-1|hiv1 protease|hiv1,hiv 1 protease|hiv-1 protease|hiv-1|hiv1 protease|hiv1,hiv|1|protease|hiv-1|hiv1,,"{""parenthetical"": [], ""dropped"": [], ""mutations"": [], ""mutation_classes"": []}",,[],9606,
hiv - 1 protease,CHEMBL2366517,Q9YQ12,hiv 1 protease|hiv-1 protease|hiv-1|hiv1 protease|hiv1,hiv 1 protease|hiv-1 protease|hiv-1|hiv1 protease|hiv1,hiv|1|protease|hiv-1|hiv1,,"{""parenthetical"": [], ""dropped"": [], ""mutations"": [], ""mutation_classes"": []}",,[],9606,
hiv - 1 protease ( nl4 - 3 ),CHEMBL243,Q72874,hiv 1 protease|hiv-1 protease|hiv-1|hiv1 protease|hiv1,hiv 1 protease|hiv-1 protease|hiv-1|hiv1 protease|hiv1,hiv|1|protease|hiv-1|hiv1,,"{""parenthetical"": [""nl4 - 3""], ""dropped"": [], ""mutations"": [], ""mutation_classes"": []}",,[],9606,
hiv - 1 protease .,CHEMBL243,Q72874,hiv 1 protease|hiv-1 protease|hiv-1|hiv1 protease|hiv1,hiv 1 protease|hiv-1 protease|hiv-1|hiv1 protease|hiv1,hiv|1|protease|hiv-1|hiv1,,"{""parenthetical"": [], ""dropped"": [], ""mutations"": [], ""mutation_classes"": []}",,[],9606,
hiv - 1 protease l10i / l63p / a71v / g73s,CHEMBL243,Q72874,hiv 1 protease l10i l63p a71v g73s|hiv-1 protease l10i l63p a71v g73s|hiv-1|hiv1 protease l10i l63p a71v g73s|hiv1,hiv 1 protease l10i l63p a71v g73s|hiv-1 protease l10i l63p a71v g73s|hiv-1|hiv1 protease l10i l63p a71v g73s|hiv1,hiv|1|protease|l10i|l63p|a71v|g73s|hiv-1|hiv1,,"{""parenthetical"": [], ""dropped"": [], ""mutations"": [], ""mutation_classes"": []}",,[],9606,
hiv - 1 reverse transcriptase,CHEMBL247,Q72547,hiv 1 reverse transcriptase|hiv-1 reverse transcriptase|hiv-1|hiv1 reverse transcriptase|hiv1,hiv 1 reverse transcriptase|hiv-1 reverse transcriptase|hiv-1|hiv1 reverse transcriptase|hiv1,hiv|1|reverse|transcriptase|hiv-1|hiv1,,"{""parenthetical"": [], ""dropped"": [], ""mutations"": [], ""mutation_classes"": []}",,[],9606,
hiv - 1 reverse transcriptase ( rt ),CHEMBL247,Q72547,hiv 1 reverse transcriptase rt|hiv-1 reverse transcriptase rt|hiv-1|hiv1 reverse transcriptase rt|hiv1|rt,hiv 1 reverse transcriptase rt|hiv-1 reverse transcriptase rt|hiv-1|hiv1 reverse transcriptase rt|hiv1|rt,hiv|1|reverse|transcriptase|rt|hiv-1|hiv1,,"{""parenthetical"": [""rt""], ""dropped"": [], ""mutations"": [], ""mutation_classes"": []}",,[],9606,
hiv - 1 reverse transcriptase .,CHEMBL247,Q72547,hiv 1 reverse transcriptase|hiv-1 reverse transcriptase|hiv-1|hiv1 reverse transcriptase|hiv1,hiv 1 reverse transcriptase|hiv-1 reverse transcriptase|hiv-1|hiv1 reverse transcriptase|hiv1,hiv|1|reverse|transcriptase|hiv-1|hiv1,,"{""parenthetical"": [], ""dropped"": [], ""mutations"": [], ""mutation_classes"": []}",,[],9606,
hiv - 1 reverse transcriptase asn103 mutant,CHEMBL247,Q72547,hiv 1 reverse transcriptase asn103|hiv-1 reverse transcriptase asn103|hiv-1|hiv1 reverse transcriptase asn103|hiv1,hiv 1 reverse transcriptase asn103|hiv-1 reverse transcriptase asn103|hiv-1|hiv1 reverse transcriptase asn103|hiv1,hiv|1|reverse|transcriptase|asn103|hiv-1|hiv1,,"{""parenthetical"": [], ""dropped"": [], ""mutations"": [""mutant""], ""mutation_classes"": [""NONE""]}",NONE,[],9606,
hiv - 1 reverse transcriptase cys181 mutant,CHEMBL247,Q72547,hiv 1 reverse transcriptase cys181|hiv-1 reverse transcriptase cys181|hiv-1|hiv1 reverse transcriptase cys181|hiv1,hiv 1 reverse transcriptase cys181|hiv-1 reverse transcriptase cys181|hiv-1|hiv1 reverse transcriptase cys181|hiv1,hiv|1|reverse|transcriptase|cys181|hiv-1|hiv1,,"{""parenthetical"": [], ""dropped"": [], ""mutations"": [""mutant""], ""mutation_classes"": [""NONE""]}",NONE,[],9606,
hiv - 1 reverse transcriptase ile 100 mutant,CHEMBL247,Q72547,hiv 1 reverse transcriptase ile 100|hiv-1 reverse transcriptase ile 100|hiv-1|hiv1 reverse transcriptase ile 100|hiv1|hiv 1 reverse transcriptase ile100|ile100|hiv 1 reverse transcriptase ile-100|ile-100,hiv 1 reverse transcriptase ile 100|hiv-1 reverse transcriptase ile 100|hiv-1|hiv1 reverse transcriptase ile 100|hiv1|hiv 1 reverse transcriptase ile100|ile100|hiv 1 reverse transcriptase ile-100|ile-100,hiv|1|reverse|transcriptase|ile|100|hiv-1|hiv1|ile100|ile-100,,"{""parenthetical"": [], ""dropped"": [], ""mutations"": [""mutant""], ""mutation_classes"": [""NONE""]}",NONE,[],9606,
hiv - 1 reverse transcriptase p66 / p51,CHEMBL247,Q72547,hiv 1 reverse transcriptase p66 p51|hiv-1 reverse transcriptase p66 p51|hiv-1|hiv1 reverse transcriptase p66 p51|hiv1,hiv 1 reverse transcriptase p66 p51|hiv-1 reverse transcriptase p66 p51|hiv-1|hiv1 reverse transcriptase p66 p51|hiv1,hiv|1|reverse|transcriptase|p66|p51|hiv-1|hiv1,,"{""parenthetical"": [], ""dropped"": [], ""mutations"": [], ""mutation_classes"": []}",,[],9606,
hiv - 1 rt enzymes,CHEMBL247,Q72547,hiv 1 rt enzymes|hiv-1 rt enzymes|hiv-1|hiv1 rt enzymes|hiv1,hiv 1 rt enzymes|hiv-1 rt enzymes|hiv-1|hiv1 rt enzymes|hiv1,hiv|1|rt|enzymes|hiv-1|hiv1,,"{""parenthetical"": [], ""dropped"": [], ""mutations"": [], ""mutation_classes"": []}",,[],9606,
hiv - 1 strain iiib,CHEMBL247,Q72547,hiv 1 strain iiib|hiv-1 strain iiib|hiv-1|hiv1 strain iiib|hiv1,hiv 1 strain iiib|hiv-1 strain iiib|hiv-1|hiv1 strain iiib|hiv1,hiv|1|strain|iiib|hiv-1|hiv1,,"{""parenthetical"": [], ""dropped"": [], ""mutations"": [], ""mutation_classes"": []}",,[],9606,
hiv - 1 wild - type reverse transcriptase,CHEMBL247,Q72547,hiv 1 wild type reverse transcriptase|hiv-1 wild type reverse transcriptase|hiv-1|hiv1 wild type reverse transcriptase|hiv1|hiv 1 wild-type reverse transcriptase|wild-type|hiv 1 wildtype reverse transcriptase|wildtype,hiv 1 wild type reverse transcriptase|hiv-1 wild type reverse transcriptase|hiv-1|hiv1 wild type reverse transcriptase|hiv1|hiv 1 wild-type reverse transcriptase|wild-type|hiv 1 wildtype reverse transcriptase|wildtype,hiv|1|wild|type|reverse|transcriptase|hiv-1|hiv1|wild-type|wildtype,,"{""parenthetical"": [], ""dropped"": [], ""mutations"": [], ""mutation_classes"": []}",,[],9606,
hiv - 1 wild - type rt,CHEMBL247,Q72547,hiv 1 wild type rt|hiv-1 wild type rt|hiv-1|hiv1 wild type rt|hiv1|hiv 1 wild-type rt|wild-type|hiv 1 wildtype rt|wildtype,hiv 1 wild type rt|hiv-1 wild type rt|hiv-1|hiv1 wild type rt|hiv1|hiv 1 wild-type rt|wild-type|hiv 1 wildtype rt|wildtype,hiv|1|wild|type|rt|hiv-1|hiv1|wild-type|wildtype,,"{""parenthetical"": [], ""dropped"": [], ""mutations"": [], ""mutation_classes"": []}",,[],9606,
hiv - 1 wild type reverse transcriptase,CHEMBL247,Q72547,hiv 1 wild type reverse transcriptase|hiv-1 wild type reverse transcriptase|hiv-1|hiv1 wild type reverse transcriptase|hiv1,hiv 1 wild type reverse transcriptase|hiv-1 wild type reverse transcriptase|hiv-1|hiv1 wild type reverse transcriptase|hiv1,hiv|1|wild|type|reverse|transcriptase|hiv-1|hiv1,,"{""parenthetical"": [], ""dropped"": [], ""mutations"": [], ""mutation_classes"": []}",,[],9606,
hiv - 1 wild type reverse transcriptase ( iiib ),CHEMBL247,Q72547,hiv 1 wild type reverse transcriptase|hiv-1 wild type reverse transcriptase|hiv-1|hiv1 wild type reverse transcriptase|hiv1,hiv 1 wild type reverse transcriptase|hiv-1 wild type reverse transcriptase|hiv-1|hiv1 wild type reverse transcriptase|hiv1,hiv|1|wild|type|reverse|transcriptase|hiv-1|hiv1,,"{""parenthetical"": [""iiib""], ""dropped"": [], ""mutations"": [], ""mutation_classes"": []}",,[],9606,
hiv - 1 wild type reverse transcriptase ( rt ),CHEMBL247,Q72547,hiv 1 wild type reverse transcriptase rt|hiv-1 wild type reverse transcriptase rt|hiv-1|hiv1 wild type reverse transcriptase rt|hiv1|rt,hiv 1 wild type reverse transcriptase rt|hiv-1 wild type reverse transcriptase rt|hiv-1|hiv1 wild type reverse transcriptase rt|hiv1|rt,hiv|1|wild|type|reverse|transcriptase|rt|hiv-1|hiv1,,"{""parenthetical"": [""rt""], ""dropped"": [], ""mutations"": [], ""mutation_classes"": []}",,[],9606,
hiv - 1 y181c reverse transcriptase ( rt ),CHEMBL247,Q72547,hiv 1 y181c reverse transcriptase rt|hiv-1 y181c reverse transcriptase rt|hiv-1|hiv1 y181c reverse transcriptase rt|hiv1|rt,hiv 1 y181c reverse transcriptase rt|hiv-1 y181c reverse transcriptase rt|hiv-1|hiv1 y181c reverse transcriptase rt|hiv1|rt,hiv|1|y181c|reverse|transcriptase|rt|hiv-1|hiv1,,"{""parenthetical"": [""rt""], ""dropped"": [], ""mutations"": [], ""mutation_classes"": []}",,[],9606,
hiv - 1 y181c reverse transcriptase .,CHEMBL247,Q72547,hiv 1 y181c reverse transcriptase|hiv-1 y181c reverse transcriptase|hiv-1|hiv1 y181c reverse transcriptase|hiv1,hiv 1 y181c reverse transcriptase|hiv-1 y181c reverse transcriptase|hiv-1|hiv1 y181c reverse transcriptase|hiv1,hiv|1|y181c|reverse|transcriptase|hiv-1|hiv1,,"{""parenthetical"": [], ""dropped"": [], ""mutations"": [], ""mutation_classes"": []}",,[],9606,
hiv - 1 y188l reverse transcriptase .,CHEMBL247,Q72547,hiv 1 y188l reverse transcriptase|hiv-1 y188l reverse transcriptase|hiv-1|hiv1 y188l reverse transcriptase|hiv1,hiv 1 y188l reverse transcriptase|hiv-1 y188l reverse transcriptase|hiv-1|hiv1 y188l reverse transcriptase|hiv1,hiv|1|y188l|reverse|transcriptase|hiv-1|hiv1,,"{""parenthetical"": [], ""dropped"": [], ""mutations"": [], ""mutation_classes"": []}",,[],9606,
hiv - i protease .,CHEMBL243,Q72874,hiv i protease|hiv-i protease|hiv-i|hivi protease|hivi,hiv i protease|hiv-i protease|hiv-i|hivi protease|hivi,hiv|i|protease|hiv-i|hivi,,"{""parenthetical"": [], ""dropped"": [], ""mutations"": [], ""mutation_classes"": []}",,[],9606,
hiv - reverse transcriptase,CHEMBL247,Q72547,hiv reverse transcriptase|hiv-reverse transcriptase|hiv-reverse|hivreverse transcriptase|hivreverse,hiv reverse transcriptase|hiv-reverse transcriptase|hiv-reverse|hivreverse transcriptase|hivreverse,hiv|reverse|transcriptase|hiv-reverse|hivreverse,,"{""parenthetical"": [], ""dropped"": [], ""mutations"": [], ""mutation_classes"": []}",,[],9606,
hiv - rt,CHEMBL247,Q72547,hiv rt|hiv-rt|hivrt,hiv rt|hiv-rt|hivrt,hiv|rt|hiv-rt|hivrt,,"{""parenthetical"": [], ""dropped"": [], ""mutations"": [], ""mutation_classes"": []}",,[],9606,
hiv ) protease,CHEMBL243,Q72874,hiv ) protease,hiv ) protease,hiv|)|protease,,"{""parenthetical"": [], ""dropped"": [], ""mutations"": [], ""mutation_classes"": []}",,[],9606,
hiv 1 integrase,CHEMBL3471,Q7ZJM1,hiv 1 integrase|hiv1 integrase|hiv1|hiv-1 integrase|hiv-1,hiv 1 integrase|hiv1 integrase|hiv1|hiv-1 integrase|hiv-1,hiv|1|integrase|hiv1|hiv-1,,"{""parenthetical"": [], ""dropped"": [], ""mutations"": [], ""mutation_classes"": []}",,[],9606,
hiv 1 reverse transcriptase,CHEMBL247,Q72547,hiv 1 reverse transcriptase|hiv1 reverse transcriptase|hiv1|hiv-1 reverse transcriptase|hiv-1,hiv 1 reverse transcriptase|hiv1 reverse transcriptase|hiv1|hiv-1 reverse transcriptase|hiv-1,hiv|1|reverse|transcriptase|hiv1|hiv-1,,"{""parenthetical"": [], ""dropped"": [], ""mutations"": [], ""mutation_classes"": []}",,[],9606,
hiv 1 reverse transcriptase k103n mutant,CHEMBL247,Q72547,hiv 1 reverse transcriptase k103n|hiv1 reverse transcriptase k103n|hiv1|hiv-1 reverse transcriptase k103n|hiv-1,hiv 1 reverse transcriptase k103n|hiv1 reverse transcriptase k103n|hiv1|hiv-1 reverse transcriptase k103n|hiv-1,hiv|1|reverse|transcriptase|k103n|hiv1|hiv-1,,"{""parenthetical"": [], ""dropped"": [], ""mutations"": [""mutant""], ""mutation_classes"": [""NONE""]}",NONE,[],9606,
hiv 1 reverse transcriptase p66 / p51,CHEMBL247,Q72547,hiv 1 reverse transcriptase p66 p51|hiv1 reverse transcriptase p66 p51|hiv1|hiv-1 reverse transcriptase p66 p51|hiv-1,hiv 1 reverse transcriptase p66 p51|hiv1 reverse transcriptase p66 p51|hiv1|hiv-1 reverse transcriptase p66 p51|hiv-1,hiv|1|reverse|transcriptase|p66|p51|hiv1|hiv-1,,"{""parenthetical"": [], ""dropped"": [], ""mutations"": [], ""mutation_classes"": []}",,[],9606,
hiv 1 reverse transcriptase y181c mutant,CHEMBL247,Q72547,hiv 1 reverse transcriptase y181c|hiv1 reverse transcriptase y181c|hiv1|hiv-1 reverse transcriptase y181c|hiv-1,hiv 1 reverse transcriptase y181c|hiv1 reverse transcriptase y181c|hiv1|hiv-1 reverse transcriptase y181c|hiv-1,hiv|1|reverse|transcriptase|y181c|hiv1|hiv-1,,"{""parenthetical"": [], ""dropped"": [], ""mutations"": [""mutant""], ""mutation_classes"": [""NONE""]}",NONE,[],9606,
hiv integrase,CHEMBL3471,Q7ZJM1,hiv integrase,hiv integrase,hiv|integrase,,"{""parenthetical"": [], ""dropped"": [], ""mutations"": [], ""mutation_classes"": []}",,[],9606,
hiv protease,CHEMBL243,Q72874,hiv protease,hiv protease,hiv|protease,,"{""parenthetical"": [], ""dropped"": [], ""mutations"": [], ""mutation_classes"": []}",,[],9606,
hiv proteinase,CHEMBL243,Q72874,hiv proteinase,hiv proteinase,hiv|proteinase,,"{""parenthetical"": [], ""dropped"": [], ""mutations"": [], ""mutation_classes"": []}",,[],9606,
hiv rrt,CHEMBL247,Q72547,hiv rrt,hiv rrt,hiv|rrt,,"{""parenthetical"": [], ""dropped"": [], ""mutations"": [], ""mutation_classes"": []}",,[],9606,
hiv type i reverse transcriptase,CHEMBL247,Q72547,hiv type i reverse transcriptase,hiv type i reverse transcriptase,hiv|type|i|reverse|transcriptase,,"{""parenthetical"": [], ""dropped"": [], ""mutations"": [], ""mutation_classes"": []}",,[],9606,
hiv1,CHEMBL247,Q72547,hiv1,hiv1,hiv1,,"{""parenthetical"": [], ""dropped"": [], ""mutations"": [], ""mutation_classes"": []}",,[],9606,
hiv1,CHEMBL243,Q72874,hiv1,hiv1,hiv1,,"{""parenthetical"": [], ""dropped"": [], ""mutations"": [], ""mutation_classes"": []}",,[],9606,
hiv1 free reverse transcriptase,CHEMBL247,Q72547,hiv1 free reverse transcriptase,hiv1 free reverse transcriptase,hiv1|free|reverse|transcriptase,,"{""parenthetical"": [], ""dropped"": [], ""mutations"": [], ""mutation_classes"": []}",,[],9606,
hiv1 integrase,CHEMBL3471,Q7ZJM1,hiv1 integrase,hiv1 integrase,hiv1|integrase,,"{""parenthetical"": [], ""dropped"": [], ""mutations"": [], ""mutation_classes"": []}",,[],9606,
hiv1 integrase 3,CHEMBL3471,Q7ZJM1,hiv1 integrase 3|hiv1 integrase3|integrase3|hiv1 integrase-3|integrase-3,hiv1 integrase 3|hiv1 integrase3|integrase3|hiv1 integrase-3|integrase-3,hiv1|integrase|3|integrase3|integrase-3,,"{""parenthetical"": [], ""dropped"": [], ""mutations"": [], ""mutation_classes"": []}",,[],9606,
hiv1 jr,CHEMBL274,P51681,hiv1 jr,hiv1 jr,hiv1|jr,,"{""parenthetical"": [], ""dropped"": [], ""mutations"": [], ""mutation_classes"": []}",,[],9606,
hiv1 nl4 - 3 reverse transcriptase - / p51,CHEMBL247,Q72547,hiv1 nl4 3 reverse transcriptase p51|hiv1 nl4-3 reverse transcriptase p51|nl4-3|hiv1 nl43 reverse transcriptase p51|nl43,hiv1 nl4 3 reverse transcriptase p51|hiv1 nl4-3 reverse transcriptase p51|nl4-3|hiv1 nl43 reverse transcriptase p51|nl43,hiv1|nl4|3|reverse|transcriptase|p51|nl4-3|nl43,,"{""parenthetical"": [], ""dropped"": [], ""mutations"": [], ""mutation_classes"": []}",,[],9606,
hiv1 non - nucleoside reverse transcriptase,CHEMBL247,Q72547,hiv1 non nucleoside reverse transcriptase|hiv1 non-nucleoside reverse transcriptase|non-nucleoside|hiv1 nonnucleoside reverse transcriptase|nonnucleoside,hiv1 non nucleoside reverse transcriptase|hiv1 non-nucleoside reverse transcriptase|non-nucleoside|hiv1 nonnucleoside reverse transcriptase|nonnucleoside,hiv1|non|nucleoside|reverse|transcriptase|non-nucleoside|nonnucleoside,,"{""parenthetical"": [], ""dropped"": [], ""mutations"": [], ""mutation_classes"": []}",,[],9606,
hiv1 p66 / p51 reverse transcriptase,CHEMBL247,Q72547,hiv1 p66 p51 reverse transcriptase,hiv1 p66 p51 reverse transcriptase,hiv1|p66|p51|reverse|transcriptase,,"{""parenthetical"": [], ""dropped"": [], ""mutations"": [], ""mutation_classes"": []}",,[],9606,
hiv1 pnl4 - 3 reverse transcriptase,CHEMBL247,Q72547,hiv1 pnl4 3 reverse transcriptase|hiv1 pnl4-3 reverse transcriptase|pnl4-3|hiv1 pnl43 reverse transcriptase|pnl43,hiv1 pnl4 3 reverse transcriptase|hiv1 pnl4-3 reverse transcriptase|pnl4-3|hiv1 pnl43 reverse transcriptase|pnl43,hiv1|pnl4|3|reverse|transcriptase|pnl4-3|pnl43,,"{""parenthetical"": [], ""dropped"": [], ""mutations"": [], ""mutation_classes"": []}",,[],9606,
hiv1 protease,CHEMBL243,Q72874,hiv1 protease,hiv1 protease,hiv1|protease,,"{""parenthetical"": [], ""dropped"": [], ""mutations"": [], ""mutation_classes"": []}",,[],9606,
hiv1 protease,CHEMBL2366517,Q9YQ12,hiv1 protease,hiv1 protease,hiv1|protease,,"{""parenthetical"": [], ""dropped"": [], ""mutations"": [], ""mutation_classes"": []}",,[],9606,
hiv1 protease a71v mutant,CHEMBL2366517,Q9YQ12,hiv1 protease a71v,hiv1 protease a71v,hiv1|protease|a71v,,"{""parenthetical"": [], ""dropped"": [], ""mutations"": [""mutant""], ""mutation_classes"": [""NONE""]}",NONE,[],9606,
hiv1 protease d30n,CHEMBL243,Q72874,hiv1 protease d30n,hiv1 protease d30n,hiv1|protease|d30n,,"{""parenthetical"": [], ""dropped"": [], ""mutations"": [], ""mutation_classes"": []}",,[],9606,
hiv1 protease d30n / l63p / n88d mutant,CHEMBL243,Q72874,hiv1 protease d30n l63p n88d,hiv1 protease d30n l63p n88d,hiv1|protease|d30n|l63p|n88d,,"{""parenthetical"": [], ""dropped"": [], ""mutations"": [""mutant""], ""mutation_classes"": [""NONE""]}",NONE,[],9606,
hiv1 protease d30n mutant,CHEMBL243,Q72874,hiv1 protease d30n,hiv1 protease d30n,hiv1|protease|d30n,,"{""parenthetical"": [], ""dropped"": [], ""mutations"": [""mutant""], ""mutation_classes"": [""NONE""]}",NONE,[],9606,
hiv1 protease d30n mutant,CHEMBL2366517,Q9YQ12,hiv1 protease d30n,hiv1 protease d30n,hiv1|protease|d30n,,"{""parenthetical"": [], ""dropped"": [], ""mutations"": [""mutant""], ""mutation_classes"": [""NONE""]}",NONE,[],9606,
hiv1 protease g48v mutant,CHEMBL2366517,Q9YQ12,hiv1 protease g48v,hiv1 protease g48v,hiv1|protease|g48v,,"{""parenthetical"": [], ""dropped"": [], ""mutations"": [""mutant""], ""mutation_classes"": [""NONE""]}",NONE,[],9606,
hiv1 protease g73s mutant,CHEMBL2366517,Q9YQ12,hiv1 protease g73s,hiv1 protease g73s,hiv1|protease|g73s,,"{""parenthetical"": [], ""dropped"": [], ""mutations"": [""mutant""], ""mutation_classes"": [""NONE""]}",NONE,[],9606,
hiv1 protease i50v,CHEMBL243,Q72874,hiv1 protease i50v,hiv1 protease i50v,hiv1|protease|i50v,,"{""parenthetical"": [], ""dropped"": [], ""mutations"": [], ""mutation_classes"": []}",,[],9606,
hiv1 protease i50v mutant,CHEMBL243,Q72874,hiv1 protease i50v,hiv1 protease i50v,hiv1|protease|i50v,,"{""parenthetical"": [], ""dropped"": [], ""mutations"": [""mutant""], ""mutation_classes"": [""NONE""]}",NONE,[],9606,
hiv1 protease i50v mutant,CHEMBL2366517,Q9YQ12,hiv1 protease i50v,hiv1 protease i50v,hiv1|protease|i50v,,"{""parenthetical"": [], ""dropped"": [], ""mutations"": [""mutant""], ""mutation_classes"": [""NONE""]}",NONE,[],9606,
hiv1 protease i84v,CHEMBL243,Q72874,hiv1 protease i84v,hiv1 protease i84v,hiv1|protease|i84v,,"{""parenthetical"": [], ""dropped"": [], ""mutations"": [], ""mutation_classes"": []}",,[],9606,
hiv1 protease i84v mutant,CHEMBL243,Q72874,hiv1 protease i84v,hiv1 protease i84v,hiv1|protease|i84v,,"{""parenthetical"": [], ""dropped"": [], ""mutations"": [""mutant""], ""mutation_classes"": [""NONE""]}",NONE,[],9606,
hiv1 protease i84v mutant,CHEMBL2366517,Q9YQ12,hiv1 protease i84v,hiv1 protease i84v,hiv1|protease|i84v,,"{""parenthetical"": [], ""dropped"": [], ""mutations"": [""mutant""], ""mutation_classes"": [""NONE""]}",NONE,[],9606,
hiv1 protease l10i,CHEMBL243,Q72874,hiv1 protease l10i,hiv1 protease l10i,hiv1|protease|l10i,,"{""parenthetical"": [], ""dropped"": [], ""mutations"": [], ""mutation_classes"": []}",,[],9606,
hiv1 protease l10i / g48v / i54v / l63p / v82a mutant,CHEMBL243,Q72874,hiv1 protease l10i g48v i54v l63p v82a,hiv1 protease l10i g48v i54v l63p v82a,hiv1|protease|l10i|g48v|i54v|l63p|v82a,,"{""parenthetical"": [], ""dropped"": [], ""mutations"": [""mutant""], ""mutation_classes"": [""NONE""]}",NONE,[],9606,
hiv1 protease l10i / l63p / a71v / g73s / i84v / l90m mutant,CHEMBL243,Q72874,hiv1 protease l10i l63p a71v g73s i84v l90m,hiv1 protease l10i l63p a71v g73s i84v l90m,hiv1|protease|l10i|l63p|a71v|g73s|i84v|l90m,,"{""parenthetical"": [], ""dropped"": [], ""mutations"": [""mutant""], ""mutation_classes"": [""NONE""]}",NONE,[],9606,
hiv1 protease l90m,CHEMBL243,Q72874,hiv1 protease l90m,hiv1 protease l90m,hiv1|protease|l90m,,"{""parenthetical"": [], ""dropped"": [], ""mutations"": [], ""mutation_classes"": []}",,[],9606,
hiv1 protease l90m mutant,CHEMBL2366517,Q9YQ12,hiv1 protease l90m,hiv1 protease l90m,hiv1|protease|l90m,,"{""parenthetical"": [], ""dropped"": [], ""mutations"": [""mutant""], ""mutation_classes"": [""NONE""]}",NONE,[],9606,
hiv1 protease n88d mutant,CHEMBL2366517,Q9YQ12,hiv1 protease n88d,hiv1 protease n88d,hiv1|protease|n88d,,"{""parenthetical"": [], ""dropped"": [], ""mutations"": [""mutant""], ""mutation_classes"": [""NONE""]}",NONE,[],9606,
hiv1 protease v32i / i47v / v82i,CHEMBL243,Q72874,hiv1 protease v32i i47v v82i,hiv1 protease v32i i47v v82i,hiv1|protease|v32i|i47v|v82i,,"{""parenthetical"": [], ""dropped"": [], ""mutations"": [], ""mutation_classes"": []}",,[],9606,
hiv1 protease v32i / i47v / v82i triple mutant,CHEMBL243,Q72874,hiv1 protease v32i i47v v82i triple,hiv1 protease v32i i47v v82i triple,hiv1|protease|v32i|i47v|v82i|triple,,"{""parenthetical"": [], ""dropped"": [], ""mutations"": [""mutant""], ""mutation_classes"": [""NONE""]}",NONE,[],9606,
hiv1 protease v32i mutant,CHEMBL243,Q72874,hiv1 protease v32i,hiv1 protease v32i,hiv1|protease|v32i,,"{""parenthetical"": [], ""dropped"": [], ""mutations"": [""mutant""], ""mutation_classes"": [""NONE""]}",NONE,[],9606,
hiv1 protease v82a,CHEMBL243,Q72874,hiv1 protease v82a,hiv1 protease v82a,hiv1|protease|v82a,,"{""parenthetical"": [], ""dropped"": [], ""mutations"": [], ""mutation_classes"": []}",,[],9606,
hiv1 protease v82a mutant,CHEMBL243,Q72874,hiv1 protease v82a,hiv1 protease v82a,hiv1|protease|v82a,,"{""parenthetical"": [], ""dropped"": [], ""mutations"": [""mutant""], ""mutation_classes"": [""NONE""]}",NONE,[],9606,
hiv1 protease v82a mutant,CHEMBL2366517,Q9YQ12,hiv1 protease v82a,hiv1 protease v82a,hiv1|protease|v82a,,"{""parenthetical"": [], ""dropped"": [], ""mutations"": [""mutant""], ""mutation_classes"": [""NONE""]}",NONE,[],9606,
hiv1 protease v82f mutant,CHEMBL2366517,Q9YQ12,hiv1 protease v82f,hiv1 protease v82f,hiv1|protease|v82f,,"{""parenthetical"": [], ""dropped"": [], ""mutations"": [""mutant""], ""mutation_classes"": [""NONE""]}",NONE,[],9606,
hiv1 recombinant protease,CHEMBL243,Q72874,hiv1 recombinant protease,hiv1 recombinant protease,hiv1|recombinant|protease,,"{""parenthetical"": [], ""dropped"": [], ""mutations"": [], ""mutation_classes"": []}",,[],9606,
hiv1 recombinant protease,CHEMBL2366517,Q9YQ12,hiv1 recombinant protease,hiv1 recombinant protease,hiv1|recombinant|protease,,"{""parenthetical"": [], ""dropped"": [], ""mutations"": [], ""mutation_classes"": []}",,[],9606,
hiv1 recombinant protease l10f / l19i / k20r / l33f / e35d / m36i / r41k / f53l / i54v / l63p / h69k / a71v / t74p / i84v / l89m / l90m / i93l,CHEMBL243,Q72874,hiv1 recombinant protease l10f l19i k20r l33f e35d m36i r41k f53l i54v l63p h69k a71v t74p i84v l89m l90m i93l,hiv1 recombinant protease l10f l19i k20r l33f e35d m36i r41k f53l i54v l63p h69k a71v t74p i84v l89m l90m i93l,hiv1|recombinant|protease|l10f|l19i|k20r|l33f|e35d|m36i|r41k|f53l|i54v|l63p|h69k|a71v|t74p|i84v|l89m|l90m|i93l,,"{""parenthetical"": [], ""dropped"": [], ""mutations"": [], ""mutation_classes"": []}",,[],9606,
hiv1 recombinant protease l10i / i15v / e35d / n37s / r41k / i62v / l63p / a71v / g73s / l90m mutant,CHEMBL243,Q72874,hiv1 recombinant protease l10i i15v e35d n37s r41k i62v l63p a71v g73s l90m,hiv1 recombinant protease l10i i15v e35d n37s r41k i62v l63p a71v g73s l90m,hiv1|recombinant|protease|l10i|i15v|e35d|n37s|r41k|i62v|l63p|a71v|g73s|l90m,,"{""parenthetical"": [], ""dropped"": [], ""mutations"": [""mutant""], ""mutation_classes"": [""NONE""]}",NONE,[],9606,
hiv1 recombinant protease l10i / l24i / l33f / m46l / 154v / l63p / a71v / v82a / i84v mutant,CHEMBL243,Q72874,hiv1 recombinant protease l10i l24i l33f m46l 154v l63p a71v v82a i84v,hiv1 recombinant protease l10i l24i l33f m46l 154v l63p a71v v82a i84v,hiv1|recombinant|protease|l10i|l24i|l33f|m46l|154v|l63p|a71v|v82a|i84v,,"{""parenthetical"": [], ""dropped"": [], ""mutations"": [""mutant""], ""mutation_classes"": [""NONE""]}",NONE,[],9606,
hiv1 recombinant protease m46i / a71v / v82t / i84v mutant,CHEMBL243,Q72874,hiv1 recombinant protease m46i a71v v82t i84v,hiv1 recombinant protease m46i a71v v82t i84v,hiv1|recombinant|protease|m46i|a71v|v82t|i84v,,"{""parenthetical"": [], ""dropped"": [], ""mutations"": [""mutant""], ""mutation_classes"": [""NONE""]}",NONE,[],9606,
hiv1 recombinant protease v32i / i47a mutant,CHEMBL243,Q72874,hiv1 recombinant protease v32i i47a,hiv1 recombinant protease v32i i47a,hiv1|recombinant|protease|v32i|i47a,,"{""parenthetical"": [], ""dropped"": [], ""mutations"": [""mutant""], ""mutation_classes"": [""NONE""]}",NONE,[],9606,
hiv1 recombinant reverse transcriptase,CHEMBL247,Q72547,hiv1 recombinant reverse transcriptase,hiv1 recombinant reverse transcriptase,hiv1|recombinant|reverse|transcriptase,,"{""parenthetical"": [], ""dropped"": [], ""mutations"": [], ""mutation_classes"": []}",,[],9606,
hiv1 recombinant reverse transcriptase h,CHEMBL247,Q72547,hiv1 recombinant reverse transcriptase h,hiv1 recombinant reverse transcriptase h,hiv1|recombinant|reverse|transcriptase|h,,"{""parenthetical"": [], ""dropped"": [], ""mutations"": [], ""mutation_classes"": []}",,[],9606,
hiv1 recombinant reverse transcriptase k103n / y181c double mutant,CHEMBL247,Q72547,hiv1 recombinant reverse transcriptase k103n y181c double,hiv1 recombinant reverse transcriptase k103n y181c double,hiv1|recombinant|reverse|transcriptase|k103n|y181c|double,,"{""parenthetical"": [], ""dropped"": [], ""mutations"": [""mutant""], ""mutation_classes"": [""NONE""]}",NONE,[],9606,
hiv1 recombinant reverse transcriptase k103n mutant,CHEMBL247,Q72547,hiv1 recombinant reverse transcriptase k103n,hiv1 recombinant reverse transcriptase k103n,hiv1|recombinant|reverse|transcriptase|k103n,,"{""parenthetical"": [], ""dropped"": [], ""mutations"": [""mutant""], ""mutation_classes"": [""NONE""]}",NONE,[],9606,
hiv1 recombinant reverse transcriptase p66 / p51,CHEMBL247,Q72547,hiv1 recombinant reverse transcriptase p66 p51,hiv1 recombinant reverse transcriptase p66 p51,hiv1|recombinant|reverse|transcriptase|p66|p51,,"{""parenthetical"": [], ""dropped"": [], ""mutations"": [], ""mutation_classes"": []}",,[],9606,
hiv1 recombinant reverse transcriptase y188l mutant,CHEMBL247,Q72547,hiv1 recombinant reverse transcriptase y188l,hiv1 recombinant reverse transcriptase y188l,hiv1|recombinant|reverse|transcriptase|y188l,,"{""parenthetical"": [], ""dropped"": [], ""mutations"": [""mutant""], ""mutation_classes"": [""NONE""]}",NONE,[],9606,
hiv1 reverse transcriptase,CHEMBL247,Q72547,hiv1 reverse transcriptase,hiv1 reverse transcriptase,hiv1|reverse|transcriptase,,"{""parenthetical"": [], ""dropped"": [], ""mutations"": [], ""mutation_classes"": []}",,[],9606,
hiv1 reverse transcriptase -,CHEMBL247,Q72547,hiv1 reverse transcriptase,hiv1 reverse transcriptase,hiv1|reverse|transcriptase,,"{""parenthetical"": [], ""dropped"": [], ""mutations"": [], ""mutation_classes"": []}",,[],9606,
hiv1 reverse transcriptase - associated,CHEMBL247,Q72547,hiv1 reverse transcriptase associated|hiv1 reverse transcriptase-associated|transcriptase-associated|hiv1 reverse transcriptaseassociated|transcriptaseassociated,hiv1 reverse transcriptase associated|hiv1 reverse transcriptase-associated|transcriptase-associated|hiv1 reverse transcriptaseassociated|transcriptaseassociated,hiv1|reverse|transcriptase|associated|transcriptase-associated|transcriptaseassociated,,"{""parenthetical"": [], ""dropped"": [], ""mutations"": [], ""mutation_classes"": []}",,[],9606,
hiv1 reverse transcriptase - associated dna,CHEMBL247,Q72547,hiv1 reverse transcriptase associated dna|hiv1 reverse transcriptase-associated dna|transcriptase-associated|hiv1 reverse transcriptaseassociated dna|transcriptaseassociated,hiv1 reverse transcriptase associated dna|hiv1 reverse transcriptase-associated dna|transcriptase-associated|hiv1 reverse transcriptaseassociated dna|transcriptaseassociated,hiv1|reverse|transcriptase|associated|dna|transcriptase-associated|transcriptaseassociated,,"{""parenthetical"": [], ""dropped"": [], ""mutations"": [], ""mutation_classes"": []}",,[],9606,
hiv1 reverse transcriptase - associated rna - dependent dna polymerase,CHEMBL247,Q72547,hiv1 reverse transcriptase associated rna dependent dna polymerase|hiv1 reverse transcriptase-associated rna dependent dna polymerase|transcriptase-associated|hiv1 reverse transcriptaseassociated rna dependent dna polymerase|transcriptaseassociated|hiv1 reverse transcriptase associated rna-dependent dna polymerase|rna-dependent|hiv1 reverse transcriptase associated rnadependent dna polymerase|rnadependent,hiv1 reverse transcriptase associated rna dependent dna polymerase|hiv1 reverse transcriptase-associated rna dependent dna polymerase|transcriptase-associated|hiv1 reverse transcriptaseassociated rna dependent dna polymerase|transcriptaseassociated|hiv1 reverse transcriptase associated rna-dependent dna polymerase|rna-dependent|hiv1 reverse transcriptase associated rnadependent dna polymerase|rnadependent,hiv1|reverse|transcriptase|associated|rna|dependent|dna|polymerase|transcriptase-associated|transcriptaseassociated|rna-dependent|rnadependent,,"{""parenthetical"": [], ""dropped"": [], ""mutations"": [], ""mutation_classes"": []}",,[],9606,
hiv1 reverse transcriptase - binary complex,CHEMBL247,Q72547,hiv1 reverse transcriptase binary complex|hiv1 reverse transcriptase-binary complex|transcriptase-binary|hiv1 reverse transcriptasebinary complex|transcriptasebinary,hiv1 reverse transcriptase binary complex|hiv1 reverse transcriptase-binary complex|transcriptase-binary|hiv1 reverse transcriptasebinary complex|transcriptasebinary,hiv1|reverse|transcriptase|binary|complex|transcriptase-binary|transcriptasebinary,,"{""parenthetical"": [], ""dropped"": [], ""mutations"": [], ""mutation_classes"": []}",,[],9606,
hiv1 reverse transcriptase e89t mutant,CHEMBL247,Q72547,hiv1 reverse transcriptase e89t,hiv1 reverse transcriptase e89t,hiv1|reverse|transcriptase|e89t,,"{""parenthetical"": [], ""dropped"": [], ""mutations"": [""mutant""], ""mutation_classes"": [""NONE""]}",NONE,[],9606,
hiv1 reverse transcriptase k103n / y181c double mutant,CHEMBL247,Q72547,hiv1 reverse transcriptase k103n y181c double,hiv1 reverse transcriptase k103n y181c double,hiv1|reverse|transcriptase|k103n|y181c|double,,"{""parenthetical"": [], ""dropped"": [], ""mutations"": [""mutant""], ""mutation_classes"": [""NONE""]}",NONE,[],9606,
hiv1 reverse transcriptase k103n / y181c mutant,CHEMBL247,Q72547,hiv1 reverse transcriptase k103n y181c,hiv1 reverse transcriptase k103n y181c,hiv1|reverse|transcriptase|k103n|y181c,,"{""parenthetical"": [], ""dropped"": [], ""mutations"": [""mutant""], ""mutation_classes"": [""NONE""]}",NONE,[],9606,
hiv1 reverse transcriptase k103n / y188c double mutant,CHEMBL247,Q72547,hiv1 reverse transcriptase k103n y188c double,hiv1 reverse transcriptase k103n y188c double,hiv1|reverse|transcriptase|k103n|y188c|double,,"{""parenthetical"": [], ""dropped"": [], ""mutations"": [""mutant""], ""mutation_classes"": [""NONE""]}",NONE,[],9606,
hiv1 reverse transcriptase k103n mutant,CHEMBL247,Q72547,hiv1 reverse transcriptase k103n,hiv1 reverse transcriptase k103n,hiv1|reverse|transcriptase|k103n,,"{""parenthetical"": [], ""dropped"": [], ""mutations"": [""mutant""], ""mutation_classes"": [""NONE""]}",NONE,[],9606,
hiv1 reverse transcriptase k103n mutant rna - dependent,CHEMBL247,Q72547,hiv1 reverse transcriptase k103n rna dependent|hiv1 reverse transcriptase k103n rna-dependent|rna-dependent|hiv1 reverse transcriptase k103n rnadependent|rnadependent,hiv1 reverse transcriptase k103n rna dependent|hiv1 reverse transcriptase k103n rna-dependent|rna-dependent|hiv1 reverse transcriptase k103n rnadependent|rnadependent,hiv1|reverse|transcriptase|k103n|rna|dependent|rna-dependent|rnadependent,,"{""parenthetical"": [], ""dropped"": [], ""mutations"": [""mutant""], ""mutation_classes"": [""NONE""]}",NONE,[],9606,
hiv1 reverse transcriptase k65r mutant,CHEMBL247,Q72547,hiv1 reverse transcriptase k65r,hiv1 reverse transcriptase k65r,hiv1|reverse|transcriptase|k65r,,"{""parenthetical"": [], ""dropped"": [], ""mutations"": [""mutant""], ""mutation_classes"": [""NONE""]}",NONE,[],9606,
hiv1 reverse transcriptase l100i,CHEMBL247,Q72547,hiv1 reverse transcriptase l100i,hiv1 reverse transcriptase l100i,hiv1|reverse|transcriptase|l100i,,"{""parenthetical"": [], ""dropped"": [], ""mutations"": [], ""mutation_classes"": []}",,[],9606,
hiv1 reverse transcriptase l100i / k103n,CHEMBL247,Q72547,hiv1 reverse transcriptase l100i k103n,hiv1 reverse transcriptase l100i k103n,hiv1|reverse|transcriptase|l100i|k103n,,"{""parenthetical"": [], ""dropped"": [], ""mutations"": [], ""mutation_classes"": []}",,[],9606,
hiv1 reverse transcriptase l100i / k103n double mutant,CHEMBL247,Q72547,hiv1 reverse transcriptase l100i k103n double,hiv1 reverse transcriptase l100i k103n double,hiv1|reverse|transcriptase|l100i|k103n|double,,"{""parenthetical"": [], ""dropped"": [], ""mutations"": [""mutant""], ""mutation_classes"": [""NONE""]}",NONE,[],9606,
hiv1 reverse transcriptase l100i mutant,CHEMBL247,Q72547,hiv1 reverse transcriptase l100i,hiv1 reverse transcriptase l100i,hiv1|reverse|transcriptase|l100i,,"{""parenthetical"": [], ""dropped"": [], ""mutations"": [""mutant""], ""mutation_classes"": [""NONE""]}",NONE,[],9606,
hiv1 reverse transcriptase l100i mutant rna - dependent dna polymerase,CHEMBL247,Q72547,hiv1 reverse transcriptase l100i rna dependent dna polymerase|hiv1 reverse transcriptase l100i rna-dependent dna polymerase|rna-dependent|hiv1 reverse transcriptase l100i rnadependent dna polymerase|rnadependent,hiv1 reverse transcriptase l100i rna dependent dna polymerase|hiv1 reverse transcriptase l100i rna-dependent dna polymerase|rna-dependent|hiv1 reverse transcriptase l100i rnadependent dna polymerase|rnadependent,hiv1|reverse|transcriptase|l100i|rna|dependent|dna|polymerase|rna-dependent|rnadependent,,"{""parenthetical"": [], ""dropped"": [], ""mutations"": [""mutant""], ""mutation_classes"": [""NONE""]}",NONE,[],9606,
hiv1 reverse transcriptase lys103asn mutant,CHEMBL247,Q72547,hiv1 reverse transcriptase,hiv1 reverse transcriptase,hiv1|reverse|transcriptase,,"{""parenthetical"": [], ""dropped"": [], ""mutations"": [""lys103asn"", ""mutant""], ""mutation_classes"": [""MISSENSE_3"", ""NONE""]}",MISSENSE_3|NONE,[],9606,
hiv1 reverse transcriptase m184v mutant,CHEMBL247,Q72547,hiv1 reverse transcriptase m184v,hiv1 reverse transcriptase m184v,hiv1|reverse|transcriptase|m184v,,"{""parenthetical"": [], ""dropped"": [], ""mutations"": [""mutant""], ""mutation_classes"": [""NONE""]}",NONE,[],9606,
hiv1 reverse transcriptase m41l / t215y mutant,CHEMBL247,Q72547,hiv1 reverse transcriptase m41l t215y,hiv1 reverse transcriptase m41l t215y,hiv1|reverse|transcriptase|m41l|t215y,,"{""parenthetical"": [], ""dropped"": [], ""mutations"": [""mutant""], ""mutation_classes"": [""NONE""]}",NONE,[],9606,
hiv1 reverse transcriptase p119s / m184v mutant,CHEMBL247,Q72547,hiv1 reverse transcriptase p119s m184v,hiv1 reverse transcriptase p119s m184v,hiv1|reverse|transcriptase|p119s|m184v,,"{""parenthetical"": [], ""dropped"": [], ""mutations"": [""mutant""], ""mutation_classes"": [""NONE""]}",NONE,[],9606,
hiv1 reverse transcriptase p119s / t165a / m184v mutant,CHEMBL247,Q72547,hiv1 reverse transcriptase p119s t165a m184v,hiv1 reverse transcriptase p119s t165a m184v,hiv1|reverse|transcriptase|p119s|t165a|m184v,,"{""parenthetical"": [], ""dropped"": [], ""mutations"": [""mutant""], ""mutation_classes"": [""NONE""]}",NONE,[],9606,
hiv1 reverse transcriptase p119s / t165a mutant,CHEMBL247,Q72547,hiv1 reverse transcriptase p119s t165a,hiv1 reverse transcriptase p119s t165a,hiv1|reverse|transcriptase|p119s|t165a,,"{""parenthetical"": [], ""dropped"": [], ""mutations"": [""mutant""], ""mutation_classes"": [""NONE""]}",NONE,[],9606,
hiv1 reverse transcriptase p119s mutant,CHEMBL247,Q72547,hiv1 reverse transcriptase p119s,hiv1 reverse transcriptase p119s,hiv1|reverse|transcriptase|p119s,,"{""parenthetical"": [], ""dropped"": [], ""mutations"": [""mutant""], ""mutation_classes"": [""NONE""]}",NONE,[],9606,
hiv1 reverse transcriptase p66 / p51,CHEMBL247,Q72547,hiv1 reverse transcriptase p66 p51,hiv1 reverse transcriptase p66 p51,hiv1|reverse|transcriptase|p66|p51,,"{""parenthetical"": [], ""dropped"": [], ""mutations"": [], ""mutation_classes"": []}",,[],9606,
hiv1 reverse transcriptase p66 / p51 k103n / y181c mutant,CHEMBL247,Q72547,hiv1 reverse transcriptase p66 p51 k103n y181c,hiv1 reverse transcriptase p66 p51 k103n y181c,hiv1|reverse|transcriptase|p66|p51|k103n|y181c,,"{""parenthetical"": [], ""dropped"": [], ""mutations"": [""mutant""], ""mutation_classes"": [""NONE""]}",NONE,[],9606,
hiv1 reverse transcriptase p66 / p51 k103n mutant,CHEMBL247,Q72547,hiv1 reverse transcriptase p66 p51 k103n,hiv1 reverse transcriptase p66 p51 k103n,hiv1|reverse|transcriptase|p66|p51|k103n,,"{""parenthetical"": [], ""dropped"": [], ""mutations"": [""mutant""], ""mutation_classes"": [""NONE""]}",NONE,[],9606,
hiv1 reverse transcriptase p66 / p51 l100i mutant,CHEMBL247,Q72547,hiv1 reverse transcriptase p66 p51 l100i,hiv1 reverse transcriptase p66 p51 l100i,hiv1|reverse|transcriptase|p66|p51|l100i,,"{""parenthetical"": [], ""dropped"": [], ""mutations"": [""mutant""], ""mutation_classes"": [""NONE""]}",NONE,[],9606,
hiv1 reverse transcriptase p66 / p51 v106a mutant,CHEMBL247,Q72547,hiv1 reverse transcriptase p66 p51 v106a,hiv1 reverse transcriptase p66 p51 v106a,hiv1|reverse|transcriptase|p66|p51|v106a,,"{""parenthetical"": [], ""dropped"": [], ""mutations"": [""mutant""], ""mutation_classes"": [""NONE""]}",NONE,[],9606,
hiv1 reverse transcriptase p66 / p51 y181c mutant,CHEMBL247,Q72547,hiv1 reverse transcriptase p66 p51 y181c,hiv1 reverse transcriptase p66 p51 y181c,hiv1|reverse|transcriptase|p66|p51|y181c,,"{""parenthetical"": [], ""dropped"": [], ""mutations"": [""mutant""], ""mutation_classes"": [""NONE""]}",NONE,[],9606,
hiv1 reverse transcriptase p66 / p51 y181i mutant,CHEMBL247,Q72547,hiv1 reverse transcriptase p66 p51 y181i,hiv1 reverse transcriptase p66 p51 y181i,hiv1|reverse|transcriptase|p66|p51|y181i,,"{""parenthetical"": [], ""dropped"": [], ""mutations"": [""mutant""], ""mutation_classes"": [""NONE""]}",NONE,[],9606,
hiv1 reverse transcriptase p66 / p66 homodimer k103n y181c mutant,CHEMBL247,Q72547,hiv1 reverse transcriptase p66 p66 homodimer k103n y181c,hiv1 reverse transcriptase p66 homodimer k103n y181c,hiv1|reverse|transcriptase|p66|homodimer|k103n|y181c,,"{""parenthetical"": [], ""dropped"": [], ""mutations"": [""mutant""], ""mutation_classes"": [""NONE""]}",NONE,[],9606,
hiv1 reverse transcriptase p66 k103n mutant,CHEMBL247,Q72547,hiv1 reverse transcriptase p66 k103n,hiv1 reverse transcriptase p66 k103n,hiv1|reverse|transcriptase|p66|k103n,,"{""parenthetical"": [], ""dropped"": [], ""mutations"": [""mutant""], ""mutation_classes"": [""NONE""]}",NONE,[],9606,
hiv1 reverse transcriptase p66 y181i mutant,CHEMBL247,Q72547,hiv1 reverse transcriptase p66 y181i,hiv1 reverse transcriptase p66 y181i,hiv1|reverse|transcriptase|p66|y181i,,"{""parenthetical"": [], ""dropped"": [], ""mutations"": [""mutant""], ""mutation_classes"": [""NONE""]}",NONE,[],9606,
hiv1 reverse transcriptase rna - dependent dna polymerase,CHEMBL247,Q72547,hiv1 reverse transcriptase rna dependent dna polymerase|hiv1 reverse transcriptase rna-dependent dna polymerase|rna-dependent|hiv1 reverse transcriptase rnadependent dna polymerase|rnadependent,hiv1 reverse transcriptase rna dependent dna polymerase|hiv1 reverse transcriptase rna-dependent dna polymerase|rna-dependent|hiv1 reverse transcriptase rnadependent dna polymerase|rnadependent,hiv1|reverse|transcriptase|rna|dependent|dna|polymerase|rna-dependent|rnadependent,,"{""parenthetical"": [], ""dropped"": [], ""mutations"": [], ""mutation_classes"": []}",,[],9606,
hiv1 reverse transcriptase rnase h,CHEMBL247,Q72547,hiv1 reverse transcriptase rnase h,hiv1 reverse transcriptase rnase h,hiv1|reverse|transcriptase|rnase|h,,"{""parenthetical"": [], ""dropped"": [], ""mutations"": [], ""mutation_classes"": []}",,[],9606,
hiv1 reverse transcriptase rnase h domain,CHEMBL247,Q72547,hiv1 reverse transcriptase rnase h domain,hiv1 reverse transcriptase rnase h domain,hiv1|reverse|transcriptase|rnase|h|domain,,"{""parenthetical"": [], ""dropped"": [], ""mutations"": [], ""mutation_classes"": []}",,[],9606,
hiv1 reverse transcriptase rnase h domain fragment,CHEMBL247,Q72547,hiv1 reverse transcriptase rnase h domain,hiv1 reverse transcriptase rnase h domain fragment,hiv1|reverse|transcriptase|rnase|h|domain,,"{""parenthetical"": [], ""dropped"": [""fragment""], ""mutations"": [], ""mutation_classes"": []}",,[],9606,
hiv1 reverse transcriptase t165a / m184v mutant,CHEMBL247,Q72547,hiv1 reverse transcriptase t165a m184v,hiv1 reverse transcriptase t165a m184v,hiv1|reverse|transcriptase|t165a|m184v,,"{""parenthetical"": [], ""dropped"": [], ""mutations"": [""mutant""], ""mutation_classes"": [""NONE""]}",NONE,[],9606,
hiv1 reverse transcriptase t165a mutant,CHEMBL247,Q72547,hiv1 reverse transcriptase t165a,hiv1 reverse transcriptase t165a,hiv1|reverse|transcriptase|t165a,,"{""parenthetical"": [], ""dropped"": [], ""mutations"": [""mutant""], ""mutation_classes"": [""NONE""]}",NONE,[],9606,
hiv1 reverse transcriptase tyr181cys mutant,CHEMBL247,Q72547,hiv1 reverse transcriptase,hiv1 reverse transcriptase,hiv1|reverse|transcriptase,,"{""parenthetical"": [], ""dropped"": [], ""mutations"": [""tyr181cys"", ""mutant""], ""mutation_classes"": [""MISSENSE_3"", ""NONE""]}",MISSENSE_3|NONE,[],9606,
hiv1 reverse transcriptase v106a,CHEMBL247,Q72547,hiv1 reverse transcriptase v106a,hiv1 reverse transcriptase v106a,hiv1|reverse|transcriptase|v106a,,"{""parenthetical"": [], ""dropped"": [], ""mutations"": [], ""mutation_classes"": []}",,[],9606,
hiv1 reverse transcriptase v106a mutant,CHEMBL247,Q72547,hiv1 reverse transcriptase v106a,hiv1 reverse transcriptase v106a,hiv1|reverse|transcriptase|v106a,,"{""parenthetical"": [], ""dropped"": [], ""mutations"": [""mutant""], ""mutation_classes"": [""NONE""]}",NONE,[],9606,
hiv1 reverse transcriptase v179d mutant,CHEMBL247,Q72547,hiv1 reverse transcriptase v179d,hiv1 reverse transcriptase v179d,hiv1|reverse|transcriptase|v179d,,"{""parenthetical"": [], ""dropped"": [], ""mutations"": [""mutant""], ""mutation_classes"": [""NONE""]}",NONE,[],9606,
hiv1 reverse transcriptase y181c mutant,CHEMBL247,Q72547,hiv1 reverse transcriptase y181c,hiv1 reverse transcriptase y181c,hiv1|reverse|transcriptase|y181c,,"{""parenthetical"": [], ""dropped"": [], ""mutations"": [""mutant""], ""mutation_classes"": [""NONE""]}",NONE,[],9606,
hiv1 reverse transcriptase y181i mutant,CHEMBL247,Q72547,hiv1 reverse transcriptase y181i,hiv1 reverse transcriptase y181i,hiv1|reverse|transcriptase|y181i,,"{""parenthetical"": [], ""dropped"": [], ""mutations"": [""mutant""], ""mutation_classes"": [""NONE""]}",NONE,[],9606,
hiv1 reverse transcriptase y188c mutant,CHEMBL247,Q72547,hiv1 reverse transcriptase y188c,hiv1 reverse transcriptase y188c,hiv1|reverse|transcriptase|y188c,,"{""parenthetical"": [], ""dropped"": [], ""mutations"": [""mutant""], ""mutation_classes"": [""NONE""]}",NONE,[],9606,
hiv1 reverse transcriptase y188l mutant,CHEMBL247,Q72547,hiv1 reverse transcriptase y188l,hiv1 reverse transcriptase y188l,hiv1|reverse|transcriptase|y188l,,"{""parenthetical"": [], ""dropped"": [], ""mutations"": [""mutant""], ""mutation_classes"": [""NONE""]}",NONE,[],9606,
hiv1 rnase h,CHEMBL247,Q72547,hiv1 rnase h,hiv1 rnase h,hiv1|rnase|h,,"{""parenthetical"": [], ""dropped"": [], ""mutations"": [], ""mutation_classes"": []}",,[],9606,
hiv1 rt,CHEMBL247,Q72547,hiv1 rt,hiv1 rt,hiv1|rt,,"{""parenthetical"": [], ""dropped"": [], ""mutations"": [], ""mutation_classes"": []}",,[],9606,
hiv1 rt k103n / y181c mutant,CHEMBL247,Q72547,hiv1 rt k103n y181c,hiv1 rt k103n y181c,hiv1|rt|k103n|y181c,,"{""parenthetical"": [], ""dropped"": [], ""mutations"": [""mutant""], ""mutation_classes"": [""NONE""]}",NONE,[],9606,
hiv1 rt k103n mutant,CHEMBL247,Q72547,hiv1 rt k103n,hiv1 rt k103n,hiv1|rt|k103n,,"{""parenthetical"": [], ""dropped"": [], ""mutations"": [""mutant""], ""mutation_classes"": [""NONE""]}",NONE,[],9606,
hiv1 rt l100i mutant,CHEMBL247,Q72547,hiv1 rt l100i,hiv1 rt l100i,hiv1|rt|l100i,,"{""parenthetical"": [], ""dropped"": [], ""mutations"": [""mutant""], ""mutation_classes"": [""NONE""]}",NONE,[],9606,
hiv1 rt polymerase k103n mutant,CHEMBL247,Q72547,hiv1 rt polymerase k103n,hiv1 rt polymerase k103n,hiv1|rt|polymerase|k103n,,"{""parenthetical"": [], ""dropped"": [], ""mutations"": [""mutant""], ""mutation_classes"": [""NONE""]}",NONE,[],9606,
hiv1 rt v106a / f227l mutant,CHEMBL247,Q72547,hiv1 rt v106a f227l,hiv1 rt v106a f227l,hiv1|rt|v106a|f227l,,"{""parenthetical"": [], ""dropped"": [], ""mutations"": [""mutant""], ""mutation_classes"": [""NONE""]}",NONE,[],9606,
hiv1 rt v106a mutant,CHEMBL247,Q72547,hiv1 rt v106a,hiv1 rt v106a,hiv1|rt|v106a,,"{""parenthetical"": [], ""dropped"": [], ""mutations"": [""mutant""], ""mutation_classes"": [""NONE""]}",NONE,[],9606,
hiv1 rt y181i mutant,CHEMBL247,Q72547,hiv1 rt y181i,hiv1 rt y181i,hiv1|rt|y181i,,"{""parenthetical"": [], ""dropped"": [], ""mutations"": [""mutant""], ""mutation_classes"": [""NONE""]}",NONE,[],9606,
hiv1 rt y188l mutant,CHEMBL247,Q72547,hiv1 rt y188l,hiv1 rt y188l,hiv1|rt|y188l,,"{""parenthetical"": [], ""dropped"": [], ""mutations"": [""mutant""], ""mutation_classes"": [""NONE""]}",NONE,[],9606,
hiv1 virion - associated reverse transcriptase,CHEMBL247,Q72547,hiv1 virion associated reverse transcriptase|hiv1 virion-associated reverse transcriptase|virion-associated|hiv1 virionassociated reverse transcriptase|virionassociated,hiv1 virion associated reverse transcriptase|hiv1 virion-associated reverse transcriptase|virion-associated|hiv1 virionassociated reverse transcriptase|virionassociated,hiv1|virion|associated|reverse|transcriptase|virion-associated|virionassociated,,"{""parenthetical"": [], ""dropped"": [], ""mutations"": [], ""mutation_classes"": []}",,[],9606,
hiv1 wild,CHEMBL247,Q72547,hiv1 wild,hiv1 wild,hiv1|wild,,"{""parenthetical"": [], ""dropped"": [], ""mutations"": [], ""mutation_classes"": []}",,[],9606,
hiv1 wild - type reverse transcriptase k103n mutant,CHEMBL247,Q72547,hiv1 wild type reverse transcriptase k103n|hiv1 wild-type reverse transcriptase k103n|wild-type|hiv1 wildtype reverse transcriptase k103n|wildtype,hiv1 wild type reverse transcriptase k103n|hiv1 wild-type reverse transcriptase k103n|wild-type|hiv1 wildtype reverse transcriptase k103n|wildtype,hiv1|wild|type|reverse|transcriptase|k103n|wild-type|wildtype,,"{""parenthetical"": [], ""dropped"": [], ""mutations"": [""mutant""], ""mutation_classes"": [""NONE""]}",NONE,[],9606,
hiv1 wild - type reverse transcriptase l1001 mutant,CHEMBL247,Q72547,hiv1 wild type reverse transcriptase l1001|hiv1 wild-type reverse transcriptase l1001|wild-type|hiv1 wildtype reverse transcriptase l1001|wildtype,hiv1 wild type reverse transcriptase l1001|hiv1 wild-type reverse transcriptase l1001|wild-type|hiv1 wildtype reverse transcriptase l1001|wildtype,hiv1|wild|type|reverse|transcriptase|l1001|wild-type|wildtype,,"{""parenthetical"": [], ""dropped"": [], ""mutations"": [""mutant""], ""mutation_classes"": [""NONE""]}",NONE,[],9606,
hiv1 wild - type reverse transcriptase v106a mutant,CHEMBL247,Q72547,hiv1 wild type reverse transcriptase v106a|hiv1 wild-type reverse transcriptase v106a|wild-type|hiv1 wildtype reverse transcriptase v106a|wildtype,hiv1 wild type reverse transcriptase v106a|hiv1 wild-type reverse transcriptase v106a|wild-type|hiv1 wildtype reverse transcriptase v106a|wildtype,hiv1|wild|type|reverse|transcriptase|v106a|wild-type|wildtype,,"{""parenthetical"": [], ""dropped"": [], ""mutations"": [""mutant""], ""mutation_classes"": [""NONE""]}",NONE,[],9606,
hiv1 wild type p66 / p51 reverse transcriptase,CHEMBL247,Q72547,hiv1 wild type p66 p51 reverse transcriptase,hiv1 wild type p66 p51 reverse transcriptase,hiv1|wild|type|p66|p51|reverse|transcriptase,,"{""parenthetical"": [], ""dropped"": [], ""mutations"": [], ""mutation_classes"": []}",,[],9606,
hiv1 wild type reverse transcriptase,CHEMBL247,Q72547,hiv1 wild type reverse transcriptase,hiv1 wild type reverse transcriptase,hiv1|wild|type|reverse|transcriptase,,"{""parenthetical"": [], ""dropped"": [], ""mutations"": [], ""mutation_classes"": []}",,[],9606,
hle,CHEMBL248,P08246,hle,hle,hle,,"{""parenthetical"": [], ""dropped"": [], ""mutations"": [], ""mutation_classes"": []}",,[],9606,
hmg - coa reductase,CHEMBL402,P04035,hmg coa reductase|hmg-coa reductase|hmg-coa|hmgcoa reductase|hmgcoa,hmg coa reductase|hmg-coa reductase|hmg-coa|hmgcoa reductase|hmgcoa,hmg|coa|reductase|hmg-coa|hmgcoa,,"{""parenthetical"": [], ""dropped"": [], ""mutations"": [], ""mutation_classes"": []}",,[],9606,
hmg - coa reductase,CHEMBL3247,P51639,hmg coa reductase|hmg-coa reductase|hmg-coa|hmgcoa reductase|hmgcoa,hmg coa reductase|hmg-coa reductase|hmg-coa|hmgcoa reductase|hmgcoa,hmg|coa|reductase|hmg-coa|hmgcoa,,"{""parenthetical"": [], ""dropped"": [], ""mutations"": [], ""mutation_classes"": []}",,[],9606,
hmgcoa reductase,CHEMBL3247,P51639,hmgcoa reductase,hmgcoa reductase,hmgcoa|reductase,,"{""parenthetical"": [], ""dropped"": [], ""mutations"": [], ""mutation_classes"": []}",,[],9606,
hnav1 . 5,CHEMBL1980,Q14524,hnav1.5,hnav1.5,hnav1.5,,"{""parenthetical"": [], ""dropped"": [], ""mutations"": [], ""mutation_classes"": []}",,[],9606,
ho - 1,CHEMBL5035,P06762,ho 1|ho-1|ho1,ho 1|ho-1|ho1,ho|1|ho-1|ho1,,"{""parenthetical"": [], ""dropped"": [], ""mutations"": [], ""mutation_classes"": []}",,[],9606,
horl1 receptor,CHEMBL2014,P41146,horl1,horl1 receptor,horl1,nop orl1 oprl1,"{""parenthetical"": [], ""dropped"": [""receptor""], ""mutations"": [], ""mutation_classes"": []}",,[],9606,
hpgds,CHEMBL5879,O60760,hpgds,hpgds,hpgds,,"{""parenthetical"": [], ""dropped"": [], ""mutations"": [], ""mutation_classes"": []}",,[],9606,
hppd,CHEMBL2242740,P93836,hppd,hppd,hppd,,"{""parenthetical"": [], ""dropped"": [], ""mutations"": [], ""mutation_classes"": []}",,[],9606,
hpr - a,CHEMBL208,P06401,hpr a|hpr-a|hpra,hpr a|hpr-a|hpra,hpr|a|hpr-a|hpra,,"{""parenthetical"": [], ""dropped"": [], ""mutations"": [], ""mutation_classes"": []}",,[],9606,
hpse,CHEMBL3921,Q9Y251,hpse,hpse,hpse,,"{""parenthetical"": [], ""dropped"": [], ""mutations"": [], ""mutation_classes"": []}",,[],9606,
hpse gs3,CHEMBL3921,Q9Y251,hpse gs3,hpse gs3,hpse|gs3,,"{""parenthetical"": [], ""dropped"": [], ""mutations"": [], ""mutation_classes"": []}",,[],9606,
hsd17b14,CHEMBL3712868,Q9BPX1,hsd17b14,hsd17b14,hsd17b14,,"{""parenthetical"": [], ""dropped"": [], ""mutations"": [], ""mutation_classes"": []}",,[],9606,
hsl,CHEMBL3590,Q05469,hsl,hsl,hsl,,"{""parenthetical"": [], ""dropped"": [], ""mutations"": [], ""mutation_classes"": []}",,[],9606,
hsp90,CHEMBL3880,P07900,hsp90,hsp90,hsp90,,"{""parenthetical"": [], ""dropped"": [], ""mutations"": [], ""mutation_classes"": []}",,[],9606,
hsp90,CHEMBL4303,P08238,hsp90,hsp90,hsp90,,"{""parenthetical"": [], ""dropped"": [], ""mutations"": [], ""mutation_classes"": []}",,[],9606,
hsp90 - alpha,CHEMBL3880,P07900,hsp90 alpha|hsp90-alpha|hsp90alpha,hsp90 alpha|hsp90-alpha|hsp90alpha,hsp90|alpha|hsp90-alpha|hsp90alpha,,"{""parenthetical"": [], ""dropped"": [], ""mutations"": [], ""mutation_classes"": []}",,[],9606,
hsp90 - atpase,CHEMBL4303,P08238,hsp90 atpase|hsp90-atpase|hsp90atpase,hsp90 atpase|hsp90-atpase|hsp90atpase,hsp90|atpase|hsp90-atpase|hsp90atpase,,"{""parenthetical"": [], ""dropped"": [], ""mutations"": [], ""mutation_classes"": []}",,[],9606,
hsp90 - beta,CHEMBL4303,P08238,hsp90 beta|hsp90-beta|hsp90beta,hsp90 beta|hsp90-beta|hsp90beta,hsp90|beta|hsp90-beta|hsp90beta,,"{""parenthetical"": [], ""dropped"": [], ""mutations"": [], ""mutation_classes"": []}",,[],9606,
hsp90 alpha,CHEMBL3880,P07900,hsp90 alpha,hsp90 alpha,hsp90|alpha,,"{""parenthetical"": [], ""dropped"": [], ""mutations"": [], ""mutation_classes"": []}",,[],9606,
hsp90 nucleotide binding domain,CHEMBL4303,P08238,hsp90 nucleotide binding domain,hsp90 nucleotide binding domain,hsp90|nucleotide|binding|domain,,"{""parenthetical"": [], ""dropped"": [], ""mutations"": [], ""mutation_classes"": []}",,[],9606,
hsp90a,CHEMBL3880,P07900,hsp90a,hsp90a,hsp90a,,"{""parenthetical"": [], ""dropped"": [], ""mutations"": [], ""mutation_classes"": []}",,[],9606,
hsp90alpha,CHEMBL3880,P07900,hsp90alpha,hsp90alpha,hsp90alpha,,"{""parenthetical"": [], ""dropped"": [], ""mutations"": [], ""mutation_classes"": []}",,[],9606,
hsp90alpha n -,CHEMBL3880,P07900,hsp90alpha n,hsp90alpha n,hsp90alpha|n,,"{""parenthetical"": [], ""dropped"": [], ""mutations"": [], ""mutation_classes"": []}",,[],9606,
hsp90beta,CHEMBL4303,P08238,hsp90beta,hsp90beta,hsp90beta,,"{""parenthetical"": [], ""dropped"": [], ""mutations"": [], ""mutation_classes"": []}",,[],9606,
hsstr2,CHEMBL1804,P30874,hsstr2,hsstr2,hsstr2,,"{""parenthetical"": [], ""dropped"": [], ""mutations"": [], ""mutation_classes"": []}",,[],9606,
hsstr4,CHEMBL1853,P31391,hsstr4,hsstr4,hsstr4,,"{""parenthetical"": [], ""dropped"": [], ""mutations"": [], ""mutation_classes"": []}",,[],9606,
ht3a receptor,CHEMBL1899,P46098,ht3a,ht3a receptor,ht3a,htr3a,"{""parenthetical"": [], ""dropped"": [""receptor""], ""mutations"": [], ""mutation_classes"": []}",,[],9606,
htlv - 1 protease l40i mutant,CHEMBL4296327,Q82134,htlv 1 protease l40i|htlv-1 protease l40i|htlv-1|htlv1 protease l40i|htlv1,htlv 1 protease l40i|htlv-1 protease l40i|htlv-1|htlv1 protease l40i|htlv1,htlv|1|protease|l40i|htlv-1|htlv1,,"{""parenthetical"": [], ""dropped"": [], ""mutations"": [""mutant""], ""mutation_classes"": [""NONE""]}",NONE,[],9606,
htlv - 1 recombinant protease l40i mutant,CHEMBL4296327,Q82134,htlv 1 recombinant protease l40i|htlv-1 recombinant protease l40i|htlv-1|htlv1 recombinant protease l40i|htlv1,htlv 1 recombinant protease l40i|htlv-1 recombinant protease l40i|htlv-1|htlv1 recombinant protease l40i|htlv1,htlv|1|recombinant|protease|l40i|htlv-1|htlv1,,"{""parenthetical"": [], ""dropped"": [], ""mutations"": [""mutant""], ""mutation_classes"": [""NONE""]}",NONE,[],9606,
htlv1 protease l40i mutant,CHEMBL4296327,Q82134,htlv1 protease l40i,htlv1 protease l40i,htlv1|protease|l40i,,"{""parenthetical"": [], ""dropped"": [], ""mutations"": [""mutant""], ""mutation_classes"": [""NONE""]}",NONE,[],9606,
htr1 ( thyroid hormone receptor alpha ),CHEMBL1860,P10827,htr1,htr1,htr1,,"{""parenthetical"": [""thyroid hormone receptor alpha""], ""dropped"": [], ""mutations"": [], ""mutation_classes"": []}",,[],9606,
htr1 ( thyroid hormone receptor beta ),CHEMBL1947,P10828,htr1,htr1,htr1,,"{""parenthetical"": [""thyroid hormone receptor beta""], ""dropped"": [], ""mutations"": [], ""mutation_classes"": []}",,[],9606,
human immunodeficiency virus 1 integrase,CHEMBL3471,Q7ZJM1,human immunodeficiency virus 1 integrase|human immunodeficiency virus1 integrase|virus1|human immunodeficiency virus-1 integrase|virus-1,human immunodeficiency virus 1 integrase|human immunodeficiency virus1 integrase|virus1|human immunodeficiency virus-1 integrase|virus-1,human|immunodeficiency|virus|1|integrase|virus1|virus-1,,"{""parenthetical"": [], ""dropped"": [], ""mutations"": [], ""mutation_classes"": []}",,[],9606,
human immunodeficiency virus 1 protease,CHEMBL243,Q72874,human immunodeficiency virus 1 protease|human immunodeficiency virus1 protease|virus1|human immunodeficiency virus-1 protease|virus-1,human immunodeficiency virus 1 protease|human immunodeficiency virus1 protease|virus1|human immunodeficiency virus-1 protease|virus-1,human|immunodeficiency|virus|1|protease|virus1|virus-1,,"{""parenthetical"": [], ""dropped"": [], ""mutations"": [], ""mutation_classes"": []}",,[],9606,
human immunodeficiency virus 1 reverse transcriptase,CHEMBL247,Q72547,human immunodeficiency virus 1 reverse transcriptase|human immunodeficiency virus1 reverse transcriptase|virus1|human immunodeficiency virus-1 reverse transcriptase|virus-1,human immunodeficiency virus 1 reverse transcriptase|human immunodeficiency virus1 reverse transcriptase|virus1|human immunodeficiency virus-1 reverse transcriptase|virus-1,human|immunodeficiency|virus|1|reverse|transcriptase|virus1|virus-1,,"{""parenthetical"": [], ""dropped"": [], ""mutations"": [], ""mutation_classes"": []}",,[],9606,
human immunodeficiency virus 1 reverse transcriptase lys103asn mutant,CHEMBL247,Q72547,human immunodeficiency virus 1 reverse transcriptase|human immunodeficiency virus1 reverse transcriptase|virus1|human immunodeficiency virus-1 reverse transcriptase|virus-1,human immunodeficiency virus 1 reverse transcriptase|human immunodeficiency virus1 reverse transcriptase|virus1|human immunodeficiency virus-1 reverse transcriptase|virus-1,human|immunodeficiency|virus|1|reverse|transcriptase|virus1|virus-1,,"{""parenthetical"": [], ""dropped"": [], ""mutations"": [""lys103asn"", ""mutant""], ""mutation_classes"": [""MISSENSE_3"", ""NONE""]}",MISSENSE_3|NONE,[],9606,
human immunodeficiency virus type 1 integrase,CHEMBL3471,Q7ZJM1,human immunodeficiency virus type 1 integrase|human immunodeficiency virus type1 integrase|type1|human immunodeficiency virus type-1 integrase|type-1,human immunodeficiency virus type 1 integrase|human immunodeficiency virus type1 integrase|type1|human immunodeficiency virus type-1 integrase|type-1,human|immunodeficiency|virus|type|1|integrase|type1|type-1,,"{""parenthetical"": [], ""dropped"": [], ""mutations"": [], ""mutation_classes"": []}",,[],9606,
human immunodeficiency virus type 1 protease,CHEMBL243,Q72874,human immunodeficiency virus type 1 protease|human immunodeficiency virus type1 protease|type1|human immunodeficiency virus type-1 protease|type-1,human immunodeficiency virus type 1 protease|human immunodeficiency virus type1 protease|type1|human immunodeficiency virus type-1 protease|type-1,human|immunodeficiency|virus|type|1|protease|type1|type-1,,"{""parenthetical"": [], ""dropped"": [], ""mutations"": [], ""mutation_classes"": []}",,[],9606,
human immunodeficiency virus type 1 reverse transcriptase,CHEMBL247,Q72547,human immunodeficiency virus type 1 reverse transcriptase|human immunodeficiency virus type1 reverse transcriptase|type1|human immunodeficiency virus type-1 reverse transcriptase|type-1,human immunodeficiency virus type 1 reverse transcriptase|human immunodeficiency virus type1 reverse transcriptase|type1|human immunodeficiency virus type-1 reverse transcriptase|type-1,human|immunodeficiency|virus|type|1|reverse|transcriptase|type1|type-1,,"{""parenthetical"": [], ""dropped"": [], ""mutations"": [], ""mutation_classes"": []}",,[],9606,
human leukocyte elastase,CHEMBL248,P08246,human leukocyte elastase,human leukocyte elastase,human|leukocyte|elastase,,"{""parenthetical"": [], ""dropped"": [], ""mutations"": [], ""mutation_classes"": []}",,[],9606,
human leukocyte elastase ( hle ),CHEMBL248,P08246,human leukocyte elastase hle|hle,human leukocyte elastase hle|hle,human|leukocyte|elastase|hle,,"{""parenthetical"": [""hle""], ""dropped"": [], ""mutations"": [], ""mutation_classes"": []}",,[],9606,
human leukocyte elastase ( hle ) enzyme,CHEMBL248,P08246,human leukocyte elastase enzyme hle|hle,human leukocyte elastase enzyme hle|hle,human|leukocyte|elastase|enzyme|hle,,"{""parenthetical"": [""hle""], ""dropped"": [], ""mutations"": [], ""mutation_classes"": []}",,[],9606,
i - kappa - b - kinase 2,CHEMBL1991,O14920,i kappa b kinase 2|i-kappa-b-kinase 2|i-kappa-b-kinase|ikappabkinase 2|ikappabkinase|i kappa b kinase2|kinase2|i kappa b kinase-2|kinase-2,i kappa b kinase 2|i-kappa-b-kinase 2|i-kappa-b-kinase|ikappabkinase 2|ikappabkinase|i kappa b kinase2|kinase2|i kappa b kinase-2|kinase-2,i|kappa|b|kinase|2|i-kappa-b-kinase|ikappabkinase|kinase2|kinase-2,,"{""parenthetical"": [], ""dropped"": [], ""mutations"": [], ""mutation_classes"": []}",,[],9606,
i - kappa - b - kinase beta,CHEMBL1991,O14920,i kappa b kinase beta|i-kappa-b-kinase beta|i-kappa-b-kinase|ikappabkinase beta|ikappabkinase,i kappa b kinase beta|i-kappa-b-kinase beta|i-kappa-b-kinase|ikappabkinase beta|ikappabkinase,i|kappa|b|kinase|beta|i-kappa-b-kinase|ikappabkinase,,"{""parenthetical"": [], ""dropped"": [], ""mutations"": [], ""mutation_classes"": []}",,[],9606,
i1 receptor imidazoline binding site,CHEMBL5221,Q4G017,i1 imidazoline binding site,i1 receptor imidazoline binding site,i1|imidazoline|binding|site,i1r nisch,"{""parenthetical"": [], ""dropped"": [""receptor""], ""mutations"": [], ""mutation_classes"": []}",,[],9606,
iap,CHEMBL4198,P98170,iap,iap,iap,,"{""parenthetical"": [], ""dropped"": [], ""mutations"": [], ""mutation_classes"": []}",,[],9606,
ice,CHEMBL4801,P29466,ice,ice,ice,,"{""parenthetical"": [], ""dropped"": [], ""mutations"": [], ""mutation_classes"": []}",,[],9606,
ick,CHEMBL1163126,Q9UPZ9,ick,ick,ick,,"{""parenthetical"": [], ""dropped"": [], ""mutations"": [], ""mutation_classes"": []}",,[],9606,
icl,CHEMBL5359,Q9P8Q7,icl,icl,icl,,"{""parenthetical"": [], ""dropped"": [], ""mutations"": [], ""mutation_classes"": []}",,[],9606,
icmt,CHEMBL4699,O60725,icmt,icmt,icmt,,"{""parenthetical"": [], ""dropped"": [], ""mutations"": [], ""mutation_classes"": []}",,[],9606,
ide,CHEMBL1293287,P14735,ide,ide,ide,,"{""parenthetical"": [], ""dropped"": [], ""mutations"": [], ""mutation_classes"": []}",,[],9606,
idh1,CHEMBL2007625,O75874,idh1,idh1,idh1,,"{""parenthetical"": [], ""dropped"": [], ""mutations"": [], ""mutation_classes"": []}",,[],9606,
idh1 r132c mutant,CHEMBL2007625,O75874,idh1 r132c,idh1 r132c,idh1|r132c,,"{""parenthetical"": [], ""dropped"": [], ""mutations"": [""mutant""], ""mutation_classes"": [""NONE""]}",NONE,[],9606,
idh1 r132g mutant,CHEMBL2007625,O75874,idh1 r132g,idh1 r132g,idh1|r132g,,"{""parenthetical"": [], ""dropped"": [], ""mutations"": [""mutant""], ""mutation_classes"": [""NONE""]}",NONE,[],9606,
idh1 r132h mutant,CHEMBL2007625,O75874,idh1 r132h,idh1 r132h,idh1|r132h,,"{""parenthetical"": [], ""dropped"": [], ""mutations"": [""mutant""], ""mutation_classes"": [""NONE""]}",NONE,[],9606,
idh1 r132l mutant,CHEMBL2007625,O75874,idh1 r132l,idh1 r132l,idh1|r132l,,"{""parenthetical"": [], ""dropped"": [], ""mutations"": [""mutant""], ""mutation_classes"": [""NONE""]}",NONE,[],9606,
idh1 ri32c mutant,CHEMBL2007625,O75874,idh1 ri32c,idh1 ri32c,idh1|ri32c,,"{""parenthetical"": [], ""dropped"": [], ""mutations"": [""mutant""], ""mutation_classes"": [""NONE""]}",NONE,[],9606,
idh2,CHEMBL3991501,P48735,idh2,idh2,idh2,,"{""parenthetical"": [], ""dropped"": [], ""mutations"": [], ""mutation_classes"": []}",,[],9606,
idh2 r140q mutant,CHEMBL3991501,P48735,idh2 r140q,idh2 r140q,idh2|r140q,,"{""parenthetical"": [], ""dropped"": [], ""mutations"": [""mutant""], ""mutation_classes"": [""NONE""]}",NONE,[],9606,
idh2 r172k mutant,CHEMBL3991501,P48735,idh2 r172k,idh2 r172k,idh2|r172k,,"{""parenthetical"": [], ""dropped"": [], ""mutations"": [""mutant""], ""mutation_classes"": [""NONE""]}",NONE,[],9606,
ido,CHEMBL4685,P14902,ido,ido,ido,,"{""parenthetical"": [], ""dropped"": [], ""mutations"": [], ""mutation_classes"": []}",,[],9606,
ido,CHEMBL1075294,P28776,ido,ido,ido,,"{""parenthetical"": [], ""dropped"": [], ""mutations"": [], ""mutation_classes"": []}",,[],9606,
ido - 1,CHEMBL4685,P14902,ido 1|ido-1|ido1,ido 1|ido-1|ido1,ido|1|ido-1|ido1,,"{""parenthetical"": [], ""dropped"": [], ""mutations"": [], ""mutation_classes"": []}",,[],9606,
ido - 1,CHEMBL1075294,P28776,ido 1|ido-1|ido1,ido 1|ido-1|ido1,ido|1|ido-1|ido1,,"{""parenthetical"": [], ""dropped"": [], ""mutations"": [], ""mutation_classes"": []}",,[],9606,
ido1,CHEMBL4685,P14902,ido1,ido1,ido1,,"{""parenthetical"": [], ""dropped"": [], ""mutations"": [], ""mutation_classes"": []}",,[],9606,
ido1,CHEMBL1075294,P28776,ido1,ido1,ido1,,"{""parenthetical"": [], ""dropped"": [], ""mutations"": [], ""mutation_classes"": []}",,[],9606,
ido2,CHEMBL3627587,Q6ZQW0,ido2,ido2,ido2,,"{""parenthetical"": [], ""dropped"": [], ""mutations"": [], ""mutation_classes"": []}",,[],9606,
igf - 1 receptor,CHEMBL1957,P08069,igf 1|igf-1|igf1,igf 1 receptor|igf-1 receptor|igf-1|igf1 receptor|igf1,igf|1|igf-1|igf1,igf1r,"{""parenthetical"": [], ""dropped"": [""receptor""], ""mutations"": [], ""mutation_classes"": []}",,[],9606,
igf - 1r,CHEMBL1957,P08069,igf 1r|igf-1r|igf1r,igf 1r|igf-1r|igf1r,igf|1r|igf-1r|igf1r,,"{""parenthetical"": [], ""dropped"": [], ""mutations"": [], ""mutation_classes"": []}",,[],9606,
igf - 1r kinase,CHEMBL1957,P08069,igf 1r kinase|igf-1r kinase|igf-1r|igf1r kinase|igf1r,igf 1r kinase|igf-1r kinase|igf-1r|igf1r kinase|igf1r,igf|1r|kinase|igf-1r|igf1r,,"{""parenthetical"": [], ""dropped"": [], ""mutations"": [], ""mutation_classes"": []}",,[],9606,
igf - 1r sal kinase,CHEMBL1957,P08069,igf 1r sal kinase|igf-1r sal kinase|igf-1r|igf1r sal kinase|igf1r,igf 1r sal kinase|igf-1r sal kinase|igf-1r|igf1r sal kinase|igf1r,igf|1r|sal|kinase|igf-1r|igf1r,,"{""parenthetical"": [], ""dropped"": [], ""mutations"": [], ""mutation_classes"": []}",,[],9606,
igf1 - r,CHEMBL1957,P08069,igf1 r|igf1-r|igf1r,igf1 r|igf1-r|igf1r,igf1|r|igf1-r|igf1r,,"{""parenthetical"": [], ""dropped"": [], ""mutations"": [], ""mutation_classes"": []}",,[],9606,
igf1 receptor,CHEMBL1957,P08069,igf1,igf1 receptor,igf1,igf1r,"{""parenthetical"": [], ""dropped"": [""receptor""], ""mutations"": [], ""mutation_classes"": []}",,[],9606,
igf1r,CHEMBL1957,P08069,igf1r,igf1r,igf1r,,"{""parenthetical"": [], ""dropped"": [], ""mutations"": [], ""mutation_classes"": []}",,[],9606,
iglur2 ( r ),CHEMBL3503,P19491,iglur2 r|r,iglur2 r|r,iglur2|r,,"{""parenthetical"": [""r""], ""dropped"": [], ""mutations"": [], ""mutation_classes"": []}",,[],9606,
"iglur6 ( v , c , r ) receptor",CHEMBL3607,P42260,iglur6,iglur6 receptor,iglur6,grik2,"{""parenthetical"": [""v , c , r""], ""dropped"": [""receptor""], ""mutations"": [], ""mutation_classes"": []}",,[],9606,
ik1,CHEMBL4305,O15554,ik1,ik1,ik1,,"{""parenthetical"": [], ""dropped"": [], ""mutations"": [], ""mutation_classes"": []}",,[],9606,
ikk - beta,CHEMBL1991,O14920,ikk beta|ikk-beta|ikkbeta,ikk beta|ikk-beta|ikkbeta,ikk|beta|ikk-beta|ikkbeta,,"{""parenthetical"": [], ""dropped"": [], ""mutations"": [], ""mutation_classes"": []}",,[],9606,
ikk beta,CHEMBL1991,O14920,ikk beta,ikk beta,ikk|beta,,"{""parenthetical"": [], ""dropped"": [], ""mutations"": [], ""mutation_classes"": []}",,[],9606,
ikk beta ),CHEMBL1991,O14920,ikk beta ),ikk beta ),ikk|beta|),,"{""parenthetical"": [], ""dropped"": [], ""mutations"": [], ""mutation_classes"": []}",,[],9606,
ikk2,CHEMBL1991,O14920,ikk2,ikk2,ikk2,,"{""parenthetical"": [], ""dropped"": [], ""mutations"": [], ""mutation_classes"": []}",,[],9606,
ikkalpha,CHEMBL3476,O15111,ikkalpha,ikkalpha,ikkalpha,,"{""parenthetical"": [], ""dropped"": [], ""mutations"": [], ""mutation_classes"": []}",,[],9606,
ikkbeta,CHEMBL1991,O14920,ikkbeta,ikkbeta,ikkbeta,,"{""parenthetical"": [], ""dropped"": [], ""mutations"": [], ""mutation_classes"": []}",,[],9606,
ikkbeta,CHEMBL6012,O88351,ikkbeta,ikkbeta,ikkbeta,,"{""parenthetical"": [], ""dropped"": [], ""mutations"": [], ""mutation_classes"": []}",,[],9606,
ikkbeta kinase,CHEMBL1991,O14920,ikkbeta kinase,ikkbeta kinase,ikkbeta|kinase,,"{""parenthetical"": [], ""dropped"": [], ""mutations"": [], ""mutation_classes"": []}",,[],9606,
ikkepsilon,CHEMBL3529,Q14164,ikkepsilon,ikkepsilon,ikkepsilon,,"{""parenthetical"": [], ""dropped"": [], ""mutations"": [], ""mutation_classes"": []}",,[],9606,
ikr,CHEMBL240,Q12809,ikr,ikr,ikr,,"{""parenthetical"": [], ""dropped"": [], ""mutations"": [], ""mutation_classes"": []}",,[],9606,
ikr channel,CHEMBL240,Q12809,ikr,ikr channel,ikr,kcnh2 kv11.1 herg,"{""parenthetical"": [], ""dropped"": [""channel""], ""mutations"": [], ""mutation_classes"": []}",,[],9606,
ikr potassium channel kv11,CHEMBL240,Q12809,ikr potassium kv11,ikr potassium channel kv11,ikr|potassium|kv11,,"{""parenthetical"": [], ""dropped"": [""channel""], ""mutations"": [], ""mutation_classes"": []}",,[],9606,
il - 5,CHEMBL1163111,P04401,il 5|il-5|il5,il 5|il-5|il5,il|5|il-5|il5,,"{""parenthetical"": [], ""dropped"": [], ""mutations"": [], ""mutation_classes"": []}",,[],9606,
il1 - beta,CHEMBL260,Q16539,il1 beta|il1-beta|il1beta,il1 beta|il1-beta|il1beta,il1|beta|il1-beta|il1beta,,"{""parenthetical"": [], ""dropped"": [], ""mutations"": [], ""mutation_classes"": []}",,[],9606,
il5,CHEMBL1163111,P04401,il5,il5,il5,,"{""parenthetical"": [], ""dropped"": [], ""mutations"": [], ""mutation_classes"": []}",,[],9606,
imidazoline receptor i - 1,CHEMBL3923,Q9Y2I1,imidazoline i-1|i-1|imidazoline i1|i1,imidazoline receptor i-1|i-1|imidazoline receptor i1|i1,imidazoline|i|1|i-1|i1,,"{""parenthetical"": [], ""dropped"": [""receptor""], ""mutations"": [], ""mutation_classes"": []}",,[],9606,
immunoproteasome,CHEMBL5620,P28062,immunoproteasome,immunoproteasome,immunoproteasome,,"{""parenthetical"": [], ""dropped"": [], ""mutations"": [], ""mutation_classes"": []}",,[],9606,
immunoproteasome,CHEMBL4662,P28074,immunoproteasome,immunoproteasome,immunoproteasome,,"{""parenthetical"": [], ""dropped"": [], ""mutations"": [], ""mutation_classes"": []}",,[],9606,
imp dehydrogenase 1,CHEMBL1822,P20839,imp dehydrogenase 1|imp dehydrogenase1|dehydrogenase1|imp dehydrogenase-1|dehydrogenase-1,imp dehydrogenase 1|imp dehydrogenase1|dehydrogenase1|imp dehydrogenase-1|dehydrogenase-1,imp|dehydrogenase|1|dehydrogenase1|dehydrogenase-1,,"{""parenthetical"": [], ""dropped"": [], ""mutations"": [], ""mutation_classes"": []}",,[],9606,
imp dehydrogenase 2,CHEMBL2002,P12268,imp dehydrogenase 2|imp dehydrogenase2|dehydrogenase2|imp dehydrogenase-2|dehydrogenase-2,imp dehydrogenase 2|imp dehydrogenase2|dehydrogenase2|imp dehydrogenase-2|dehydrogenase-2,imp|dehydrogenase|2|dehydrogenase2|dehydrogenase-2,,"{""parenthetical"": [], ""dropped"": [], ""mutations"": [], ""mutation_classes"": []}",,[],9606,
impdh,CHEMBL6145,Q8T6T2,impdh,impdh,impdh,,"{""parenthetical"": [], ""dropped"": [], ""mutations"": [], ""mutation_classes"": []}",,[],9606,
impdh 1,CHEMBL1822,P20839,impdh 1|impdh1|impdh-1,impdh 1|impdh1|impdh-1,impdh|1|impdh1|impdh-1,,"{""parenthetical"": [], ""dropped"": [], ""mutations"": [], ""mutation_classes"": []}",,[],9606,
impdh 2,CHEMBL2002,P12268,impdh 2|impdh2|impdh-2,impdh 2|impdh2|impdh-2,impdh|2|impdh2|impdh-2,,"{""parenthetical"": [], ""dropped"": [], ""mutations"": [], ""mutation_classes"": []}",,[],9606,
impdh ii ),CHEMBL2002,P12268,impdh 2 )|impdh2 )|impdh2|impdh-2 )|impdh-2,impdh 2 )|impdh2 )|impdh2|impdh-2 )|impdh-2,impdh|2|)|impdh2|impdh-2,,"{""parenthetical"": [], ""dropped"": [], ""mutations"": [], ""mutation_classes"": []}",,[],9606,
impdh type 1,CHEMBL1822,P20839,impdh type 1|impdh type1|type1|impdh type-1|type-1,impdh type 1|impdh type1|type1|impdh type-1|type-1,impdh|type|1|type1|type-1,,"{""parenthetical"": [], ""dropped"": [], ""mutations"": [], ""mutation_classes"": []}",,[],9606,
impdh type 2,CHEMBL2002,P12268,impdh type 2|impdh type2|type2|impdh type-2|type-2,impdh type 2|impdh type2|type2|impdh type-2|type-2,impdh|type|2|type2|type-2,,"{""parenthetical"": [], ""dropped"": [], ""mutations"": [], ""mutation_classes"": []}",,[],9606,
impdh1,CHEMBL1822,P20839,impdh1,impdh1,impdh1,,"{""parenthetical"": [], ""dropped"": [], ""mutations"": [], ""mutation_classes"": []}",,[],9606,
impdh2,CHEMBL2002,P12268,impdh2,impdh2,impdh2,,"{""parenthetical"": [], ""dropped"": [], ""mutations"": [], ""mutation_classes"": []}",,[],9606,
"indoleamine 2 , 3 - dioxygenase",CHEMBL4685,P14902,"indoleamine 2,3 dioxygenase|indoleamine 2,3-dioxygenase|3-dioxygenase|indoleamine 2,3dioxygenase|3dioxygenase","indoleamine 2,3 dioxygenase|indoleamine 2,3-dioxygenase|3-dioxygenase|indoleamine 2,3dioxygenase|3dioxygenase","indoleamine|2,3|dioxygenase|3-dioxygenase|3dioxygenase",,"{""parenthetical"": [], ""dropped"": [], ""mutations"": [], ""mutation_classes"": []}",,[],9606,
"indoleamine 2 , 3 - dioxygenase",CHEMBL1075294,P28776,"indoleamine 2,3 dioxygenase|indoleamine 2,3-dioxygenase|3-dioxygenase|indoleamine 2,3dioxygenase|3dioxygenase","indoleamine 2,3 dioxygenase|indoleamine 2,3-dioxygenase|3-dioxygenase|indoleamine 2,3dioxygenase|3dioxygenase","indoleamine|2,3|dioxygenase|3-dioxygenase|3dioxygenase",,"{""parenthetical"": [], ""dropped"": [], ""mutations"": [], ""mutation_classes"": []}",,[],9606,
inducible nitric oxide synthase,CHEMBL4481,P35228,inducible nitric oxide synthase,inducible nitric oxide synthase,inducible|nitric|oxide|synthase,,"{""parenthetical"": [], ""dropped"": [], ""mutations"": [], ""mutation_classes"": []}",,[],9606,
inducible nitric oxide synthase ( inos ),CHEMBL4481,P35228,inducible nitric oxide synthase,inducible nitric oxide synthase,inducible|nitric|oxide|synthase,,"{""parenthetical"": [""inos""], ""dropped"": [], ""mutations"": [], ""mutation_classes"": []}",,[],9606,
influenza a virus a / pr / 8 / 34 ( h1n1 ) neuraminidase,CHEMBL2051,P03468,influenza a virus a pr 8 34 neuraminidase h1n1|influenza a virus a pr8 34 neuraminidase h1n1|pr8|influenza a virus a pr-8 34 neuraminidase h1n1|pr-8|h1n1,influenza a virus pr 8 34 neuraminidase h1n1|influenza a virus pr8 34 neuraminidase h1n1|pr8|influenza a virus pr-8 34 neuraminidase h1n1|pr-8|h1n1,influenza|a|virus|pr|8|34|neuraminidase|h1n1|pr8|pr-8,,"{""parenthetical"": [""h1n1""], ""dropped"": [], ""mutations"": [], ""mutation_classes"": []}",,[],9606,
influenza a virus a / wsn / 1933 ( h1n1 ) neuraminidase,CHEMBL6135,B4URF0,influenza a virus a wsn 1933 neuraminidase h1n1|influenza a virus a wsn1933 neuraminidase h1n1|wsn1933|influenza a virus a wsn-1933 neuraminidase h1n1|wsn-1933|h1n1,influenza a virus wsn 1933 neuraminidase h1n1|influenza a virus wsn1933 neuraminidase h1n1|wsn1933|influenza a virus wsn-1933 neuraminidase h1n1|wsn-1933|h1n1,influenza|a|virus|wsn|1933|neuraminidase|h1n1|wsn1933|wsn-1933,,"{""parenthetical"": [""h1n1""], ""dropped"": [], ""mutations"": [], ""mutation_classes"": []}",,[],9606,
inha,CHEMBL1849,P9WGR1,inha,inha,inha,,"{""parenthetical"": [], ""dropped"": [], ""mutations"": [], ""mutation_classes"": []}",,[],9606,
inos,CHEMBL3464,P29477,inos,inos,inos,,"{""parenthetical"": [], ""dropped"": [], ""mutations"": [], ""mutation_classes"": []}",,[],9606,
inos,CHEMBL4481,P35228,inos,inos,inos,,"{""parenthetical"": [], ""dropped"": [], ""mutations"": [], ""mutation_classes"": []}",,[],9606,
inos ),CHEMBL3464,P29477,inos ),inos ),inos|),,"{""parenthetical"": [], ""dropped"": [], ""mutations"": [], ""mutation_classes"": []}",,[],9606,
inosine inosine - 5 ' - monophosphate dehydrogenase,CHEMBL1822,P20839,inosine inosine 5 ' monophosphate dehydrogenase|inosine inosine-5 ' monophosphate dehydrogenase|inosine-5|inosine inosine5 ' monophosphate dehydrogenase|inosine5,inosine 5 ' monophosphate dehydrogenase|inosine-5 ' monophosphate dehydrogenase|inosine-5|inosine5 ' monophosphate dehydrogenase|inosine5,inosine|5|'|monophosphate|dehydrogenase|inosine-5|inosine5,,"{""parenthetical"": [], ""dropped"": [], ""mutations"": [], ""mutation_classes"": []}",,[],9606,
inosox,CHEMBL4481,P35228,inosox,inosox,inosox,,"{""parenthetical"": [], ""dropped"": [], ""mutations"": [], ""mutation_classes"": []}",,[],9606,
inosox q263a mutant,CHEMBL4481,P35228,inosox q263a,inosox q263a,inosox|q263a,,"{""parenthetical"": [], ""dropped"": [], ""mutations"": [""mutant""], ""mutation_classes"": [""NONE""]}",NONE,[],9606,
inosox q263n,CHEMBL4481,P35228,inosox q263n,inosox q263n,inosox|q263n,,"{""parenthetical"": [], ""dropped"": [], ""mutations"": [], ""mutation_classes"": []}",,[],9606,
ins - r,CHEMBL1981,P06213,ins r|ins-r|insr,ins r|ins-r|insr,ins|r|ins-r|insr,,"{""parenthetical"": [], ""dropped"": [], ""mutations"": [], ""mutation_classes"": []}",,[],9606,
ins receptor,CHEMBL1981,P06213,ins,ins receptor,ins,,"{""parenthetical"": [], ""dropped"": [""receptor""], ""mutations"": [], ""mutation_classes"": []}",,[],9606,
insr,CHEMBL1981,P06213,insr,insr,insr,,"{""parenthetical"": [], ""dropped"": [], ""mutations"": [], ""mutation_classes"": []}",,[],9606,
insulin receptor,CHEMBL1981,P06213,insulin,insulin receptor,insulin,insr,"{""parenthetical"": [], ""dropped"": [""receptor""], ""mutations"": [], ""mutation_classes"": []}",,[],9606,
insulin receptor kinase,CHEMBL1981,P06213,insulin kinase,insulin receptor kinase,insulin|kinase,insr,"{""parenthetical"": [], ""dropped"": [""receptor""], ""mutations"": [], ""mutation_classes"": []}",,[],9606,
integrase,CHEMBL3471,Q7ZJM1,integrase,integrase,integrase,,"{""parenthetical"": [], ""dropped"": [], ""mutations"": [], ""mutation_classes"": []}",,[],9606,
interleukin - 5,CHEMBL1163111,P04401,interleukin 5|interleukin-5|interleukin5,interleukin 5|interleukin-5|interleukin5,interleukin|5|interleukin-5|interleukin5,,"{""parenthetical"": [], ""dropped"": [], ""mutations"": [], ""mutation_classes"": []}",,[],9606,
interleukin - 6 receptor,CHEMBL2034,P04150,interleukin 6|interleukin-6|interleukin6,interleukin 6 receptor|interleukin-6 receptor|interleukin-6|interleukin6 receptor|interleukin6,interleukin|6|interleukin-6|interleukin6,,"{""parenthetical"": [], ""dropped"": [""receptor""], ""mutations"": [], ""mutation_classes"": []}",,[],9606,
iontropic glutamate receptor 6,CHEMBL3683,Q13002,iontropic glutamate 6|receptor6|receptor-6,iontropic glutamate receptor 6|iontropic glutamate receptor6|receptor6|iontropic glutamate receptor-6|receptor-6,iontropic|glutamate|6|receptor6|receptor-6,grik2,"{""parenthetical"": [], ""dropped"": [""receptor""], ""mutations"": [], ""mutation_classes"": []}",,[],9606,
ir,CHEMBL1981,P06213,ir,ir,ir,,"{""parenthetical"": [], ""dropped"": [], ""mutations"": [], ""mutation_classes"": []}",,[],9606,
irak1,CHEMBL3357,P51617,irak1,irak1,irak1,,"{""parenthetical"": [], ""dropped"": [], ""mutations"": [], ""mutation_classes"": []}",,[],9606,
irak4,CHEMBL3778,Q9NWZ3,irak4,irak4,irak4,,"{""parenthetical"": [], ""dropped"": [], ""mutations"": [], ""mutation_classes"": []}",,[],9606,
irap,CHEMBL2693,Q9UIQ6,irap,irap,irap,,"{""parenthetical"": [], ""dropped"": [], ""mutations"": [], ""mutation_classes"": []}",,[],9606,
ire1alpha lkr domain,CHEMBL1163101,O75460,ire1alpha lkr domain,ire1alpha lkr domain,ire1alpha|lkr|domain,,"{""parenthetical"": [], ""dropped"": [], ""mutations"": [], ""mutation_classes"": []}",,[],9606,
irr,CHEMBL5483,P14616,irr,irr,irr,,"{""parenthetical"": [], ""dropped"": [], ""mutations"": [], ""mutation_classes"": []}",,[],9606,
isocitrate lyase,CHEMBL5359,Q9P8Q7,isocitrate lyase,isocitrate lyase,isocitrate|lyase,,"{""parenthetical"": [], ""dropped"": [], ""mutations"": [], ""mutation_classes"": []}",,[],9606,
isomaltase,CHEMBL3114,P23739,isomaltase,isomaltase,isomaltase,,"{""parenthetical"": [], ""dropped"": [], ""mutations"": [], ""mutation_classes"": []}",,[],9606,
itk,CHEMBL2959,Q08881,itk,itk,itk,,"{""parenthetical"": [], ""dropped"": [], ""mutations"": [], ""mutation_classes"": []}",,[],9606,
jak 1 protein kinase,CHEMBL2968,P52332,jak 1 kinase|jak1 kinase|jak1|jak-1 kinase|jak-1,jak 1 protein kinase|jak1 protein kinase|jak1|jak-1 protein kinase|jak-1,jak|1|kinase|jak1|jak-1,,"{""parenthetical"": [], ""dropped"": [""protein""], ""mutations"": [], ""mutation_classes"": []}",,[],9606,
jak 2,CHEMBL2971,O60674,jak 2|jak2|jak-2,jak 2|jak2|jak-2,jak|2|jak2|jak-2,,"{""parenthetical"": [], ""dropped"": [], ""mutations"": [], ""mutation_classes"": []}",,[],9606,
jak 3,CHEMBL2148,P52333,jak 3|jak3|jak-3,jak 3|jak3|jak-3,jak|3|jak3|jak-3,,"{""parenthetical"": [], ""dropped"": [], ""mutations"": [], ""mutation_classes"": []}",,[],9606,
jak1,CHEMBL2835,P23458,jak1,jak1,jak1,,"{""parenthetical"": [], ""dropped"": [], ""mutations"": [], ""mutation_classes"": []}",,[],9606,
jak1,CHEMBL2968,P52332,jak1,jak1,jak1,,"{""parenthetical"": [], ""dropped"": [], ""mutations"": [], ""mutation_classes"": []}",,[],9606,
jak1 - jh1 / jh2 domain,CHEMBL2835,P23458,jak1 jh1 jh2 domain|jak1-jh1 jh2 domain|jak1-jh1|jak1jh1 jh2 domain|jak1jh1,jak1 jh1 jh2 domain|jak1-jh1 jh2 domain|jak1-jh1|jak1jh1 jh2 domain|jak1jh1,jak1|jh1|jh2|domain|jak1-jh1|jak1jh1,,"{""parenthetical"": [], ""dropped"": [], ""mutations"": [], ""mutation_classes"": []}",,[],9606,
jak1 jh1,CHEMBL2835,P23458,jak1 jh1,jak1 jh1,jak1|jh1,,"{""parenthetical"": [], ""dropped"": [], ""mutations"": [], ""mutation_classes"": []}",,[],9606,
jak1 kinase - domain,CHEMBL2835,P23458,jak1 kinase domain|jak1 kinase-domain|kinase-domain|jak1 kinasedomain|kinasedomain,jak1 kinase domain|jak1 kinase-domain|kinase-domain|jak1 kinasedomain|kinasedomain,jak1|kinase|domain|kinase-domain|kinasedomain,,"{""parenthetical"": [], ""dropped"": [], ""mutations"": [], ""mutation_classes"": []}",,[],9606,
jak1 kinase domain,CHEMBL2835,P23458,jak1 kinase domain,jak1 kinase domain,jak1|kinase|domain,,"{""parenthetical"": [], ""dropped"": [], ""mutations"": [], ""mutation_classes"": []}",,[],9606,
jak2,CHEMBL2971,O60674,jak2,jak2,jak2,,"{""parenthetical"": [], ""dropped"": [], ""mutations"": [], ""mutation_classes"": []}",,[],9606,
jak2 - jh1 / jh2 domain,CHEMBL2971,O60674,jak2 jh1 jh2 domain|jak2-jh1 jh2 domain|jak2-jh1|jak2jh1 jh2 domain|jak2jh1,jak2 jh1 jh2 domain|jak2-jh1 jh2 domain|jak2-jh1|jak2jh1 jh2 domain|jak2jh1,jak2|jh1|jh2|domain|jak2-jh1|jak2jh1,,"{""parenthetical"": [], ""dropped"": [], ""mutations"": [], ""mutation_classes"": []}",,[],9606,
jak2 homodimer,CHEMBL2971,O60674,jak2 homodimer,jak2 homodimer,jak2|homodimer,,"{""parenthetical"": [], ""dropped"": [], ""mutations"": [], ""mutation_classes"": []}",,[],9606,
jak2 homodimer signaling pathway,CHEMBL2971,O60674,jak2 homodimer signaling pathway,jak2 homodimer signaling pathway,jak2|homodimer|signaling|pathway,,"{""parenthetical"": [], ""dropped"": [], ""mutations"": [], ""mutation_classes"": []}",,[],9606,
jak2 jh1,CHEMBL2971,O60674,jak2 jh1,jak2 jh1,jak2|jh1,,"{""parenthetical"": [], ""dropped"": [], ""mutations"": [], ""mutation_classes"": []}",,[],9606,
jak2 jh1 domain,CHEMBL2971,O60674,jak2 jh1 domain,jak2 jh1 domain,jak2|jh1|domain,,"{""parenthetical"": [], ""dropped"": [], ""mutations"": [], ""mutation_classes"": []}",,[],9606,
jak2 kinase - domain,CHEMBL2971,O60674,jak2 kinase domain|jak2 kinase-domain|kinase-domain|jak2 kinasedomain|kinasedomain,jak2 kinase domain|jak2 kinase-domain|kinase-domain|jak2 kinasedomain|kinasedomain,jak2|kinase|domain|kinase-domain|kinasedomain,,"{""parenthetical"": [], ""dropped"": [], ""mutations"": [], ""mutation_classes"": []}",,[],9606,
jak2 kinase domain,CHEMBL2971,O60674,jak2 kinase domain,jak2 kinase domain,jak2|kinase|domain,,"{""parenthetical"": [], ""dropped"": [], ""mutations"": [], ""mutation_classes"": []}",,[],9606,
jak2 signaling pathway,CHEMBL2971,O60674,jak2 signaling pathway,jak2 signaling pathway,jak2|signaling|pathway,,"{""parenthetical"": [], ""dropped"": [], ""mutations"": [], ""mutation_classes"": []}",,[],9606,
jak2 v61,CHEMBL2971,O60674,jak2 v61,jak2 v61,jak2|v61,,"{""parenthetical"": [], ""dropped"": [], ""mutations"": [], ""mutation_classes"": []}",,[],9606,
jak2 v617f,CHEMBL2971,O60674,jak2 v617f,jak2 v617f,jak2|v617f,,"{""parenthetical"": [], ""dropped"": [], ""mutations"": [], ""mutation_classes"": []}",,[],9606,
jak2 v617f mutant,CHEMBL2971,O60674,jak2 v617f,jak2 v617f,jak2|v617f,,"{""parenthetical"": [], ""dropped"": [], ""mutations"": [""mutant""], ""mutation_classes"": [""NONE""]}",NONE,[],9606,
jak3,CHEMBL2148,P52333,jak3,jak3,jak3,,"{""parenthetical"": [], ""dropped"": [], ""mutations"": [], ""mutation_classes"": []}",,[],9606,
jak3,CHEMBL5250,Q62137,jak3,jak3,jak3,,"{""parenthetical"": [], ""dropped"": [], ""mutations"": [], ""mutation_classes"": []}",,[],9606,
jak3 - jh1 / jh2 domain,CHEMBL2148,P52333,jak3 jh1 jh2 domain|jak3-jh1 jh2 domain|jak3-jh1|jak3jh1 jh2 domain|jak3jh1,jak3 jh1 jh2 domain|jak3-jh1 jh2 domain|jak3-jh1|jak3jh1 jh2 domain|jak3jh1,jak3|jh1|jh2|domain|jak3-jh1|jak3jh1,,"{""parenthetical"": [], ""dropped"": [], ""mutations"": [], ""mutation_classes"": []}",,[],9606,
jak3 jh1,CHEMBL2148,P52333,jak3 jh1,jak3 jh1,jak3|jh1,,"{""parenthetical"": [], ""dropped"": [], ""mutations"": [], ""mutation_classes"": []}",,[],9606,
jak3 jh1 domain,CHEMBL2148,P52333,jak3 jh1 domain,jak3 jh1 domain,jak3|jh1|domain,,"{""parenthetical"": [], ""dropped"": [], ""mutations"": [], ""mutation_classes"": []}",,[],9606,
jak3 kinase,CHEMBL2148,P52333,jak3 kinase,jak3 kinase,jak3|kinase,,"{""parenthetical"": [], ""dropped"": [], ""mutations"": [], ""mutation_classes"": []}",,[],9606,
jak3 kinase - domain,CHEMBL2148,P52333,jak3 kinase domain|jak3 kinase-domain|kinase-domain|jak3 kinasedomain|kinasedomain,jak3 kinase domain|jak3 kinase-domain|kinase-domain|jak3 kinasedomain|kinasedomain,jak3|kinase|domain|kinase-domain|kinasedomain,,"{""parenthetical"": [], ""dropped"": [], ""mutations"": [], ""mutation_classes"": []}",,[],9606,
jak3 kinase domain,CHEMBL2148,P52333,jak3 kinase domain,jak3 kinase domain,jak3|kinase|domain,,"{""parenthetical"": [], ""dropped"": [], ""mutations"": [], ""mutation_classes"": []}",,[],9606,
jarid1a,CHEMBL2424504,P29375,jarid1a,jarid1a,jarid1a,,"{""parenthetical"": [], ""dropped"": [], ""mutations"": [], ""mutation_classes"": []}",,[],9606,
jarid1a phd3 finger domain,CHEMBL2424504,P29375,jarid1a phd3 finger domain,jarid1a phd3 finger domain,jarid1a|phd3|finger|domain,,"{""parenthetical"": [], ""dropped"": [], ""mutations"": [], ""mutation_classes"": []}",,[],9606,phd3
jarid1c,CHEMBL2163176,P41229,jarid1c,jarid1c,jarid1c,,"{""parenthetical"": [], ""dropped"": [], ""mutations"": [], ""mutation_classes"": []}",,[],9606,
jmjd1a,CHEMBL1938209,Q9Y4C1,jmjd1a,jmjd1a,jmjd1a,,"{""parenthetical"": [], ""dropped"": [], ""mutations"": [], ""mutation_classes"": []}",,[],9606,
jmjd2c,CHEMBL6175,Q9H3R0,jmjd2c,jmjd2c,jmjd2c,,"{""parenthetical"": [], ""dropped"": [], ""mutations"": [], ""mutation_classes"": []}",,[],9606,
jmjd2e,CHEMBL1293226,B2RXH2,jmjd2e,jmjd2e,jmjd2e,,"{""parenthetical"": [], ""dropped"": [], ""mutations"": [], ""mutation_classes"": []}",,[],9606,
jmjd3,CHEMBL1938211,O15054,jmjd3,jmjd3,jmjd3,,"{""parenthetical"": [], ""dropped"": [], ""mutations"": [], ""mutation_classes"": []}",,[],9606,
jnk -,CHEMBL2276,P45983,jnk,jnk,jnk,,"{""parenthetical"": [], ""dropped"": [], ""mutations"": [], ""mutation_classes"": []}",,[],9606,
jnk1,CHEMBL2276,P45983,jnk1,jnk1,jnk1,,"{""parenthetical"": [], ""dropped"": [], ""mutations"": [], ""mutation_classes"": []}",,[],9606,
jnk1 alpha1,CHEMBL2276,P45983,jnk1 alpha1,jnk1 alpha1,jnk1|alpha1,,"{""parenthetical"": [], ""dropped"": [], ""mutations"": [], ""mutation_classes"": []}",,[],9606,
jnk1alpha1,CHEMBL2276,P45983,jnk1alpha1,jnk1alpha1,jnk1alpha1,,"{""parenthetical"": [], ""dropped"": [], ""mutations"": [], ""mutation_classes"": []}",,[],9606,
jnk2,CHEMBL4179,P45984,jnk2,jnk2,jnk2,,"{""parenthetical"": [], ""dropped"": [], ""mutations"": [], ""mutation_classes"": []}",,[],9606,
jnk2alpha2,CHEMBL4179,P45984,jnk2alpha2,jnk2alpha2,jnk2alpha2,,"{""parenthetical"": [], ""dropped"": [], ""mutations"": [], ""mutation_classes"": []}",,[],9606,
jnk3,CHEMBL2637,P53779,jnk3,jnk3,jnk3,,"{""parenthetical"": [], ""dropped"": [], ""mutations"": [], ""mutation_classes"": []}",,[],9606,
jnk3alpha1,CHEMBL2637,P53779,jnk3alpha1,jnk3alpha1,jnk3alpha1,,"{""parenthetical"": [], ""dropped"": [], ""mutations"": [], ""mutation_classes"": []}",,[],9606,
kallikrein,CHEMBL2000,P03952,kallikrein,kallikrein,kallikrein,,"{""parenthetical"": [], ""dropped"": [], ""mutations"": [], ""mutation_classes"": []}",,[],9606,
kallikrein - 5,CHEMBL4447,Q9Y337,kallikrein 5|kallikrein-5|kallikrein5,kallikrein 5|kallikrein-5|kallikrein5,kallikrein|5|kallikrein-5|kallikrein5,,"{""parenthetical"": [], ""dropped"": [], ""mutations"": [], ""mutation_classes"": []}",,[],9606,
kallikrein - 7,CHEMBL2443,P49862,kallikrein 7|kallikrein-7|kallikrein7,kallikrein 7|kallikrein-7|kallikrein7,kallikrein|7|kallikrein-7|kallikrein7,,"{""parenthetical"": [], ""dropped"": [], ""mutations"": [], ""mutation_classes"": []}",,[],9606,
kappa - opioid receptor,CHEMBL3952,P41144,kappa opioid|kappa-opioid|kappaopioid,kappa opioid receptor|kappa-opioid receptor|kappa-opioid|kappaopioid receptor|kappaopioid,kappa|opioid|kappa-opioid|kappaopioid,kor oprk1 oprm1 oprd1 oprl1,"{""parenthetical"": [], ""dropped"": [""receptor""], ""mutations"": [], ""mutation_classes"": []}",,[],9606,
kappa - opioid receptor,CHEMBL237,P41145,kappa opioid|kappa-opioid|kappaopioid,kappa opioid receptor|kappa-opioid receptor|kappa-opioid|kappaopioid receptor|kappaopioid,kappa|opioid|kappa-opioid|kappaopioid,kor oprk1 oprm1 oprd1 oprl1,"{""parenthetical"": [], ""dropped"": [""receptor""], ""mutations"": [], ""mutation_classes"": []}",,[],9606,
kappa - type opioid receptor,CHEMBL237,P41145,kappa type opioid|kappa-type opioid|kappa-type|kappatype opioid|kappatype,kappa type opioid receptor|kappa-type opioid receptor|kappa-type|kappatype opioid receptor|kappatype,kappa|type|opioid|kappa-type|kappatype,oprm1 oprk1 oprd1 oprl1,"{""parenthetical"": [], ""dropped"": [""receptor""], ""mutations"": [], ""mutation_classes"": []}",,[],9606,
kappa opioid receptor,CHEMBL3952,P41144,kappa opioid,kappa opioid receptor,kappa|opioid,kor oprk1 oprm1 oprd1 oprl1,"{""parenthetical"": [], ""dropped"": [""receptor""], ""mutations"": [], ""mutation_classes"": []}",,[],9606,
kappa opioid receptor,CHEMBL237,P41145,kappa opioid,kappa opioid receptor,kappa|opioid,kor oprk1 oprm1 oprd1 oprl1,"{""parenthetical"": [], ""dropped"": [""receptor""], ""mutations"": [], ""mutation_classes"": []}",,[],9606,
kat - 2,CHEMBL2662,Q64602,kat 2|kat-2|kat2,kat 2|kat-2|kat2,kat|2|kat-2|kat2,,"{""parenthetical"": [], ""dropped"": [], ""mutations"": [], ""mutation_classes"": []}",,[],9606,
kat1,CHEMBL3962,Q16773,kat1,kat1,kat1,,"{""parenthetical"": [], ""dropped"": [], ""mutations"": [], ""mutation_classes"": []}",,[],9606,
kat2,CHEMBL2662,Q64602,kat2,kat2,kat2,,"{""parenthetical"": [], ""dropped"": [], ""mutations"": [], ""mutation_classes"": []}",,[],9606,
kat3,CHEMBL2046260,Q6YP21,kat3,kat3,kat3,,"{""parenthetical"": [], ""dropped"": [], ""mutations"": [], ""mutation_classes"": []}",,[],9606,
kca 3 . 1,CHEMBL4305,O15554,kca 3.1,kca 3.1,kca|3.1,,"{""parenthetical"": [], ""dropped"": [], ""mutations"": [], ""mutation_classes"": []}",,[],9606,
kcc2,CHEMBL1075108,Q63633,kcc2,kcc2,kcc2,,"{""parenthetical"": [], ""dropped"": [], ""mutations"": [], ""mutation_classes"": []}",,[],9606,
kdac1,CHEMBL325,Q13547,kdac1,kdac1,kdac1,,"{""parenthetical"": [], ""dropped"": [], ""mutations"": [], ""mutation_classes"": []}",,[],9606,
kdac3,CHEMBL1829,O15379,kdac3,kdac3,kdac3,,"{""parenthetical"": [], ""dropped"": [], ""mutations"": [], ""mutation_classes"": []}",,[],9606,
kdac6,CHEMBL1865,Q9UBN7,kdac6,kdac6,kdac6,,"{""parenthetical"": [], ""dropped"": [], ""mutations"": [], ""mutation_classes"": []}",,[],9606,
kdac8,CHEMBL3192,Q9BY41,kdac8,kdac8,kdac8,,"{""parenthetical"": [], ""dropped"": [], ""mutations"": [], ""mutation_classes"": []}",,[],9606,
kdm1a,CHEMBL6136,O60341,kdm1a,kdm1a,kdm1a,,"{""parenthetical"": [], ""dropped"": [], ""mutations"": [], ""mutation_classes"": []}",,[],9606,
kdm1b,CHEMBL1938208,Q8NB78,kdm1b,kdm1b,kdm1b,,"{""parenthetical"": [], ""dropped"": [], ""mutations"": [], ""mutation_classes"": []}",,[],9606,
kdm2a,CHEMBL1938210,Q9Y2K7,kdm2a,kdm2a,kdm2a,,"{""parenthetical"": [], ""dropped"": [], ""mutations"": [], ""mutation_classes"": []}",,[],9606,
kdm3a,CHEMBL1938209,Q9Y4C1,kdm3a,kdm3a,kdm3a,,"{""parenthetical"": [], ""dropped"": [], ""mutations"": [], ""mutation_classes"": []}",,[],9606,
kdm4c,CHEMBL6175,Q9H3R0,kdm4c,kdm4c,kdm4c,,"{""parenthetical"": [], ""dropped"": [], ""mutations"": [], ""mutation_classes"": []}",,[],9606,
kdm4d,CHEMBL6138,Q6B0I6,kdm4d,kdm4d,kdm4d,,"{""parenthetical"": [], ""dropped"": [], ""mutations"": [], ""mutation_classes"": []}",,[],9606,
kdm4e,CHEMBL1293226,B2RXH2,kdm4e,kdm4e,kdm4e,,"{""parenthetical"": [], ""dropped"": [], ""mutations"": [], ""mutation_classes"": []}",,[],9606,
kdm5a,CHEMBL2424504,P29375,kdm5a,kdm5a,kdm5a,,"{""parenthetical"": [], ""dropped"": [], ""mutations"": [], ""mutation_classes"": []}",,[],9606,
kdm5a phd3 domain,CHEMBL2424504,P29375,kdm5a phd3 domain,kdm5a phd3 domain,kdm5a|phd3|domain,,"{""parenthetical"": [], ""dropped"": [], ""mutations"": [], ""mutation_classes"": []}",,[],9606,phd3
kdm5b,CHEMBL3774295,Q9UGL1,kdm5b,kdm5b,kdm5b,,"{""parenthetical"": [], ""dropped"": [], ""mutations"": [], ""mutation_classes"": []}",,[],9606,
kdm5c,CHEMBL2163176,P41229,kdm5c,kdm5c,kdm5c,,"{""parenthetical"": [], ""dropped"": [], ""mutations"": [], ""mutation_classes"": []}",,[],9606,
kdm6b,CHEMBL1938211,O15054,kdm6b,kdm6b,kdm6b,,"{""parenthetical"": [], ""dropped"": [], ""mutations"": [], ""mutation_classes"": []}",,[],9606,
kdr,CHEMBL279,P35968,kdr,kdr,kdr,kdr,"{""parenthetical"": [], ""dropped"": [], ""mutations"": [], ""mutation_classes"": []}",,[],9606,
kdr ) kinase .,CHEMBL279,P35968,kdr ) kinase,kdr ) kinase,kdr|)|kinase,kdr,"{""parenthetical"": [], ""dropped"": [], ""mutations"": [], ""mutation_classes"": []}",,[],9606,
kdr kinase,CHEMBL279,P35968,kdr kinase,kdr kinase,kdr|kinase,kdr,"{""parenthetical"": [], ""dropped"": [], ""mutations"": [], ""mutation_classes"": []}",,[],9606,
keap1,CHEMBL2069156,Q14145,keap1,keap1,keap1,,"{""parenthetical"": [], ""dropped"": [], ""mutations"": [], ""mutation_classes"": []}",,[],9606,
keap1 dc domain,CHEMBL2069156,Q14145,keap1 dc domain,keap1 dc domain,keap1|dc|domain,,"{""parenthetical"": [], ""dropped"": [], ""mutations"": [], ""mutation_classes"": []}",,[],9606,
keap1 kelch domain,CHEMBL2069156,Q14145,keap1 kelch domain,keap1 kelch domain,keap1|kelch|domain,,"{""parenthetical"": [], ""dropped"": [], ""mutations"": [], ""mutation_classes"": []}",,[],9606,
kga,CHEMBL2146302,O94925,kga,kga,kga,,"{""parenthetical"": [], ""dropped"": [], ""mutations"": [], ""mutation_classes"": []}",,[],9606,
khk,CHEMBL4105923,Q02974,khk,khk,khk,,"{""parenthetical"": [], ""dropped"": [], ""mutations"": [], ""mutation_classes"": []}",,[],9606,
khk - a,CHEMBL1275212,P50053,khk a|khk-a|khka,khk a|khk-a|khka,khk|a|khk-a|khka,,"{""parenthetical"": [], ""dropped"": [], ""mutations"": [], ""mutation_classes"": []}",,[],9606,
khk - c,CHEMBL1275212,P50053,khk c|khk-c|khkc,khk c|khk-c|khkc,khk|c|khk-c|khkc,,"{""parenthetical"": [], ""dropped"": [], ""mutations"": [], ""mutation_classes"": []}",,[],9606,
khkc,CHEMBL1275212,P50053,khkc,khkc,khkc,,"{""parenthetical"": [], ""dropped"": [], ""mutations"": [], ""mutation_classes"": []}",,[],9606,
khs,CHEMBL4852,Q9Y4K4,khs,khs,khs,,"{""parenthetical"": [], ""dropped"": [], ""mutations"": [], ""mutation_classes"": []}",,[],9606,
kinesin eg5,CHEMBL4581,P52732,kinesin eg5,kinesin eg5,kinesin|eg5,,"{""parenthetical"": [], ""dropped"": [], ""mutations"": [], ""mutation_classes"": []}",,[],9606,
kinesin spindle protein,CHEMBL4581,P52732,kinesin spindle,kinesin spindle protein,kinesin|spindle,,"{""parenthetical"": [], ""dropped"": [""protein""], ""mutations"": [], ""mutation_classes"": []}",,[],9606,
kir1 . 1,CHEMBL1293292,P48048,kir1.1,kir1.1,kir1.1,,"{""parenthetical"": [], ""dropped"": [], ""mutations"": [], ""mutation_classes"": []}",,[],9606,
kiss1r,CHEMBL5413,Q969F8,kiss1r,kiss1r,kiss1r,kiss1r gpr54,"{""parenthetical"": [], ""dropped"": [], ""mutations"": [], ""mutation_classes"": []}",,[],9606,
kit,CHEMBL1936,P10721,kit,kit,kit,,"{""parenthetical"": [], ""dropped"": [], ""mutations"": [], ""mutation_classes"": []}",,[],9606,
kit cytoplasmic domain,CHEMBL1936,P10721,kit cytoplasmic domain,kit cytoplasmic domain,kit|cytoplasmic|domain,,"{""parenthetical"": [], ""dropped"": [], ""mutations"": [], ""mutation_classes"": []}",,[],9606,
kit k642e mutant,CHEMBL1936,P10721,kit k642e,kit k642e,kit|k642e,,"{""parenthetical"": [], ""dropped"": [], ""mutations"": [""mutant""], ""mutation_classes"": [""NONE""]}",NONE,[],9606,
kit v559d / t670i double mutant,CHEMBL1936,P10721,kit v559d t670i double,kit v559d t670i double,kit|v559d|t670i|double,,"{""parenthetical"": [], ""dropped"": [], ""mutations"": [""mutant""], ""mutation_classes"": [""NONE""]}",NONE,[],9606,
kit v559d / v654a double mutant,CHEMBL1936,P10721,kit v559d v654a double,kit v559d v654a double,kit|v559d|v654a|double,,"{""parenthetical"": [], ""dropped"": [], ""mutations"": [""mutant""], ""mutation_classes"": [""NONE""]}",NONE,[],9606,
kmo,CHEMBL2145,O15229,kmo,kmo,kmo,,"{""parenthetical"": [], ""dropped"": [], ""mutations"": [], ""mutation_classes"": []}",,[],9606,
kor,CHEMBL237,P41145,kor,kor,kor,,"{""parenthetical"": [], ""dropped"": [], ""mutations"": [], ""mutation_classes"": []}",,[],9606,
kpc - 1,CHEMBL6132,Q9F663,kpc 1|kpc-1|kpc1,kpc 1|kpc-1|kpc1,kpc|1|kpc-1|kpc1,,"{""parenthetical"": [], ""dropped"": [], ""mutations"": [], ""mutation_classes"": []}",,[],9606,
kpc - 1 beta lactamase,CHEMBL6132,Q9F663,kpc 1 beta lactamase|kpc-1 beta lactamase|kpc-1|kpc1 beta lactamase|kpc1,kpc 1 beta lactamase|kpc-1 beta lactamase|kpc-1|kpc1 beta lactamase|kpc1,kpc|1|beta|lactamase|kpc-1|kpc1,,"{""parenthetical"": [], ""dropped"": [], ""mutations"": [], ""mutation_classes"": []}",,[],9606,
kras,CHEMBL2189121,P01116,kras,kras,kras,,"{""parenthetical"": [], ""dropped"": [], ""mutations"": [], ""mutation_classes"": []}",,[],9606,
kras g12c / c118a mutant,CHEMBL2189121,P01116,kras g12c c118a,kras g12c c118a,kras|g12c|c118a,,"{""parenthetical"": [], ""dropped"": [], ""mutations"": [""mutant""], ""mutation_classes"": [""NONE""]}",NONE,[],9606,
kras g12c mutant,CHEMBL2189121,P01116,kras g12c,kras g12c,kras|g12c,,"{""parenthetical"": [], ""dropped"": [], ""mutations"": [""mutant""], ""mutation_classes"": [""NONE""]}",NONE,[],9606,
ksp,CHEMBL4581,P52732,ksp,ksp,ksp,,"{""parenthetical"": [], ""dropped"": [], ""mutations"": [], ""mutation_classes"": []}",,[],9606,
ksp atpase motor,CHEMBL4581,P52732,ksp atpase motor,ksp atpase motor,ksp|atpase|motor,,"{""parenthetical"": [], ""dropped"": [], ""mutations"": [], ""mutation_classes"": []}",,[],9606,
ksp motor domain,CHEMBL4581,P52732,ksp motor domain,ksp motor domain,ksp|motor|domain,,"{""parenthetical"": [], ""dropped"": [], ""mutations"": [], ""mutation_classes"": []}",,[],9606,
ksr1,CHEMBL1938215,Q8IVT5,ksr1,ksr1,ksr1,,"{""parenthetical"": [], ""dropped"": [], ""mutations"": [], ""mutation_classes"": []}",,[],9606,
ksr2,CHEMBL3627583,Q6VAB6,ksr2,ksr2,ksr2,,"{""parenthetical"": [], ""dropped"": [], ""mutations"": [], ""mutation_classes"": []}",,[],9606,
kv1 . 3,CHEMBL4633,P22001,kv1.3,kv1.3,kv1.3,,"{""parenthetical"": [], ""dropped"": [], ""mutations"": [], ""mutation_classes"": []}",,[],9606,
kv1 . 3 ion channel,CHEMBL4633,P22001,kv1.3 ion,kv1.3 ion channel,kv1.3|ion,kcna3 kv1.3,"{""parenthetical"": [], ""dropped"": [""channel""], ""mutations"": [], ""mutation_classes"": []}",,[],9606,
kv1 . 5,CHEMBL4306,P22460,kv1.5,kv1.5,kv1.5,,"{""parenthetical"": [], ""dropped"": [], ""mutations"": [], ""mutation_classes"": []}",,[],9606,
kv1 . 5 channel,CHEMBL4306,P22460,kv1.5,kv1.5 channel,kv1.5,kcna5 kv1.5,"{""parenthetical"": [], ""dropped"": [""channel""], ""mutations"": [], ""mutation_classes"": []}",,[],9606,
kv1 . 5 ion channel,CHEMBL4306,P22460,kv1.5 ion,kv1.5 ion channel,kv1.5|ion,kcna5 kv1.5,"{""parenthetical"": [], ""dropped"": [""channel""], ""mutations"": [], ""mutation_classes"": []}",,[],9606,
kv11 . 1,CHEMBL240,Q12809,kv11.1,kv11.1,kv11.1,kcnh2 kv11.1 herg,"{""parenthetical"": [], ""dropped"": [], ""mutations"": [], ""mutation_classes"": []}",,[],9606,
kv11 . 1 erg potassium channel,CHEMBL240,Q12809,kv11.1 erg potassium,kv11.1 erg potassium channel,kv11.1|erg|potassium,kcnh2 kv11.1 herg,"{""parenthetical"": [], ""dropped"": [""channel""], ""mutations"": [], ""mutation_classes"": []}",,[],9606,
kynurenine monooxygenase,CHEMBL2145,O15229,kynurenine monooxygenase,kynurenine monooxygenase,kynurenine|monooxygenase,,"{""parenthetical"": [], ""dropped"": [], ""mutations"": [], ""mutation_classes"": []}",,[],9606,
l - hexonate dehydrogenase,CHEMBL2622,P07943,l hexonate dehydrogenase|l-hexonate dehydrogenase|l-hexonate|lhexonate dehydrogenase|lhexonate,l hexonate dehydrogenase|l-hexonate dehydrogenase|l-hexonate|lhexonate dehydrogenase|lhexonate,l|hexonate|dehydrogenase|l-hexonate|lhexonate,,"{""parenthetical"": [], ""dropped"": [], ""mutations"": [], ""mutation_classes"": []}",,[],9606,
l - type calcium channel,CHEMBL2366456,O35505,l type calcium|l-type calcium|l-type|ltype calcium|ltype,l type calcium channel|l-type calcium channel|l-type|ltype calcium channel|ltype,l|type|calcium|l-type|ltype,cacna1c cacna1d,"{""parenthetical"": [], ""dropped"": [""channel""], ""mutations"": [], ""mutation_classes"": []}",,[],9606,
l - type calcium channel receptor ( ccr ),CHEMBL3762,P22002,l type calcium ccr|l-type calcium ccr|l-type|ltype calcium ccr|ltype|ccr,l type calcium channel receptor ccr|l-type calcium channel receptor ccr|l-type|ltype calcium channel receptor ccr|ltype|ccr,l|type|calcium|ccr|l-type|ltype,cacna1c cacna1d,"{""parenthetical"": [""ccr""], ""dropped"": [""channel"", ""receptor""], ""mutations"": [], ""mutation_classes"": []}",,[],9606,
l1196m mutant,CHEMBL4247,Q9UM73,l1196m,l1196m,l1196m,,"{""parenthetical"": [], ""dropped"": [], ""mutations"": [""mutant""], ""mutation_classes"": [""NONE""]}",NONE,[],9606,
l3mbtl1,CHEMBL1287622,Q9Y468,l3mbtl1,l3mbtl1,l3mbtl1,,"{""parenthetical"": [], ""dropped"": [], ""mutations"": [], ""mutation_classes"": []}",,[],9606,
l3mbtl3,CHEMBL1287623,Q96JM7,l3mbtl3,l3mbtl3,l3mbtl3,,"{""parenthetical"": [], ""dropped"": [], ""mutations"": [], ""mutation_classes"": []}",,[],9606,
lap,CHEMBL5624,P28839,lap,lap,lap,,"{""parenthetical"": [], ""dropped"": [], ""mutations"": [], ""mutation_classes"": []}",,[],9606,
lar,CHEMBL3521,P10586,lar,lar,lar,,"{""parenthetical"": [], ""dropped"": [], ""mutations"": [], ""mutation_classes"": []}",,[],9606,
lats1,CHEMBL6167,O95835,lats1,lats1,lats1,,"{""parenthetical"": [], ""dropped"": [], ""mutations"": [], ""mutation_classes"": []}",,[],9606,
lats2,CHEMBL5907,Q9NRM7,lats2,lats2,lats2,,"{""parenthetical"": [], ""dropped"": [], ""mutations"": [], ""mutation_classes"": []}",,[],9606,
lck,CHEMBL258,P06239,lck,lck,lck,,"{""parenthetical"": [], ""dropped"": [], ""mutations"": [], ""mutation_classes"": []}",,[],9606,
lck,CHEMBL2480,P06240,lck,lck,lck,,"{""parenthetical"": [], ""dropped"": [], ""mutations"": [], ""mutation_classes"": []}",,[],9606,
lck ( ),CHEMBL258,P06239,lck,lck,lck,,"{""parenthetical"": [""""], ""dropped"": [], ""mutations"": [], ""mutation_classes"": []}",,[],9606,
lck inase,CHEMBL258,P06239,lck inase,lck inase,lck|inase,,"{""parenthetical"": [], ""dropped"": [], ""mutations"": [], ""mutation_classes"": []}",,[],9606,
lck kinase,CHEMBL258,P06239,lck kinase,lck kinase,lck|kinase,,"{""parenthetical"": [], ""dropped"": [], ""mutations"": [], ""mutation_classes"": []}",,[],9606,
lck2,CHEMBL1163126,Q9UPZ9,lck2,lck2,lck2,,"{""parenthetical"": [], ""dropped"": [], ""mutations"": [], ""mutation_classes"": []}",,[],9606,
ldh - a,CHEMBL4835,P00338,ldh a|ldh-a|ldha,ldh a|ldh-a|ldha,ldh|a|ldh-a|ldha,,"{""parenthetical"": [], ""dropped"": [], ""mutations"": [], ""mutation_classes"": []}",,[],9606,
ldh5,CHEMBL4835,P00338,ldh5,ldh5,ldh5,,"{""parenthetical"": [], ""dropped"": [], ""mutations"": [], ""mutation_classes"": []}",,[],9606,
ldha,CHEMBL4835,P00338,ldha,ldha,ldha,,"{""parenthetical"": [], ""dropped"": [], ""mutations"": [], ""mutation_classes"": []}",,[],9606,
ldhb,CHEMBL4940,P07195,ldhb,ldhb,ldhb,,"{""parenthetical"": [], ""dropped"": [], ""mutations"": [], ""mutation_classes"": []}",,[],9606,
ledgf / p75,CHEMBL3471,Q7ZJM1,ledgf p75,ledgf p75,ledgf|p75,,"{""parenthetical"": [], ""dropped"": [], ""mutations"": [], ""mutation_classes"": []}",,[],9606,
leucine aminopeptidase,CHEMBL5624,P28839,leucine aminopeptidase,leucine aminopeptidase,leucine|aminopeptidase,,"{""parenthetical"": [], ""dropped"": [], ""mutations"": [], ""mutation_classes"": []}",,[],9606,
leukocyte elastase,CHEMBL248,P08246,leukocyte elastase,leukocyte elastase,leukocyte|elastase,,"{""parenthetical"": [], ""dropped"": [], ""mutations"": [], ""mutation_classes"": []}",,[],9606,
leukotriene a4 hydrolase,CHEMBL4618,P09960,leukotriene a4 hydrolase,leukotriene a4 hydrolase,leukotriene|a4|hydrolase,oxtr,"{""parenthetical"": [], ""dropped"": [], ""mutations"": [], ""mutation_classes"": []}",,[],9606,
leukotriene d4 receptor,CHEMBL1798,Q9Y271,leukotriene d4,leukotriene d4 receptor,leukotriene|d4,cysltr1 oxtr drd4,"{""parenthetical"": [], ""dropped"": [""receptor""], ""mutations"": [], ""mutation_classes"": []}",,[],9606,
leutinizing releasing hormone receptor,CHEMBL1855,P30968,leutinizing releasing hormone,leutinizing releasing hormone receptor,leutinizing|releasing|hormone,,"{""parenthetical"": [], ""dropped"": [""receptor""], ""mutations"": [], ""mutation_classes"": []}",,[],9606,
leutinizing releasing hormone receptor,CHEMBL3066,P30969,leutinizing releasing hormone,leutinizing releasing hormone receptor,leutinizing|releasing|hormone,,"{""parenthetical"": [], ""dropped"": [""receptor""], ""mutations"": [], ""mutation_classes"": []}",,[],9606,
lf,CHEMBL4372,P15917,lf,lf,lf,,"{""parenthetical"": [], ""dropped"": [], ""mutations"": [], ""mutation_classes"": []}",,[],9606,
limk1,CHEMBL3836,P53667,limk1,limk1,limk1,,"{""parenthetical"": [], ""dropped"": [], ""mutations"": [], ""mutation_classes"": []}",,[],9606,
limk2,CHEMBL5932,P53671,limk2,limk2,limk2,,"{""parenthetical"": [], ""dropped"": [], ""mutations"": [], ""mutation_classes"": []}",,[],9606,
lipoprotein - associated phospholipase a2,CHEMBL3514,Q13093,lipoprotein associated phospholipase a2|lipoprotein-associated phospholipase a2|lipoprotein-associated|lipoproteinassociated phospholipase a2|lipoproteinassociated,lipoprotein associated phospholipase a2|lipoprotein-associated phospholipase a2|lipoprotein-associated|lipoproteinassociated phospholipase a2|lipoproteinassociated,lipoprotein|associated|phospholipase|a2|lipoprotein-associated|lipoproteinassociated,,"{""parenthetical"": [], ""dropped"": [], ""mutations"": [], ""mutation_classes"": []}",,[],9606,
lipoxygenase,CHEMBL1641359,Q39829,lipoxygenase,lipoxygenase,lipoxygenase,,"{""parenthetical"": [], ""dropped"": [], ""mutations"": [], ""mutation_classes"": []}",,[],9606,
lkb1,CHEMBL5606,Q15831,lkb1,lkb1,lkb1,,"{""parenthetical"": [], ""dropped"": [], ""mutations"": [], ""mutation_classes"": []}",,[],9606,
llrk2,CHEMBL1075104,Q5S007,llrk2,llrk2,llrk2,,"{""parenthetical"": [], ""dropped"": [], ""mutations"": [], ""mutation_classes"": []}",,[],9606,
llrk2 g2019s mutant,CHEMBL1075104,Q5S007,llrk2 g2019s,llrk2 g2019s,llrk2|g2019s,,"{""parenthetical"": [], ""dropped"": [], ""mutations"": [""mutant""], ""mutation_classes"": [""NONE""]}",NONE,[],9606,
lmp2,CHEMBL1944495,P28065,lmp2,lmp2,lmp2,,"{""parenthetical"": [], ""dropped"": [], ""mutations"": [], ""mutation_classes"": []}",,[],9606,
lmp7,CHEMBL5620,P28062,lmp7,lmp7,lmp7,,"{""parenthetical"": [], ""dropped"": [], ""mutations"": [], ""mutation_classes"": []}",,[],9606,
lok,CHEMBL3981,O94804,lok,lok,lok,,"{""parenthetical"": [], ""dropped"": [], ""mutations"": [], ""mutation_classes"": []}",,[],9606,
lolx2,CHEMBL3714029,Q9Y4K0,lolx2,lolx2,lolx2,,"{""parenthetical"": [], ""dropped"": [], ""mutations"": [], ""mutation_classes"": []}",,[],9606,
low density lipoprotein - associated phospholipase a2,CHEMBL3514,Q13093,low density lipoprotein associated phospholipase a2|low density lipoprotein-associated phospholipase a2|lipoprotein-associated|low density lipoproteinassociated phospholipase a2|lipoproteinassociated,low density lipoprotein associated phospholipase a2|low density lipoprotein-associated phospholipase a2|lipoprotein-associated|low density lipoproteinassociated phospholipase a2|lipoproteinassociated,low|density|lipoprotein|associated|phospholipase|a2|lipoprotein-associated|lipoproteinassociated,,"{""parenthetical"": [], ""dropped"": [], ""mutations"": [], ""mutation_classes"": []}",,[],9606,
lox,CHEMBL2249,P28300,lox,lox,lox,,"{""parenthetical"": [], ""dropped"": [], ""mutations"": [], ""mutation_classes"": []}",,[],9606,
lox,CHEMBL1641359,Q39829,lox,lox,lox,,"{""parenthetical"": [], ""dropped"": [], ""mutations"": [], ""mutation_classes"": []}",,[],9606,
loxl2,CHEMBL3714029,Q9Y4K0,loxl2,loxl2,loxl2,,"{""parenthetical"": [], ""dropped"": [], ""mutations"": [], ""mutation_classes"": []}",,[],9606,
loxl3,CHEMBL4105989,P58215,loxl3,loxl3,loxl3,,"{""parenthetical"": [], ""dropped"": [], ""mutations"": [], ""mutation_classes"": []}",,[],9606,
lp - pla2,CHEMBL3514,Q13093,lp pla2|lp-pla2|lppla2,lp pla2|lp-pla2|lppla2,lp|pla2|lp-pla2|lppla2,,"{""parenthetical"": [], ""dropped"": [], ""mutations"": [], ""mutation_classes"": []}",,[],9606,
lpa1,CHEMBL3819,Q92633,lpa1,lpa1,lpa1,,"{""parenthetical"": [], ""dropped"": [], ""mutations"": [], ""mutation_classes"": []}",,[],9606,
lpa1 receptor,CHEMBL3819,Q92633,lpa1,lpa1 receptor,lpa1,lpar1,"{""parenthetical"": [], ""dropped"": [""receptor""], ""mutations"": [], ""mutation_classes"": []}",,[],9606,
lppla2,CHEMBL3514,Q13093,lppla2,lppla2,lppla2,,"{""parenthetical"": [], ""dropped"": [], ""mutations"": [], ""mutation_classes"": []}",,[],9606,
lrrk2,CHEMBL1075104,Q5S007,lrrk2,lrrk2,lrrk2,,"{""parenthetical"": [], ""dropped"": [], ""mutations"": [], ""mutation_classes"": []}",,[],9606,
lrrk2 a2016t mutant,CHEMBL1075104,Q5S007,lrrk2 a2016t,lrrk2 a2016t,lrrk2|a2016t,,"{""parenthetical"": [], ""dropped"": [], ""mutations"": [""mutant""], ""mutation_classes"": [""NONE""]}",NONE,[],9606,
lrrk2 g2019s / a2016t mutant,CHEMBL1075104,Q5S007,lrrk2 g2019s a2016t,lrrk2 g2019s a2016t,lrrk2|g2019s|a2016t,,"{""parenthetical"": [], ""dropped"": [], ""mutations"": [""mutant""], ""mutation_classes"": [""NONE""]}",NONE,[],9606,
lrrk2 g2019s mutant,CHEMBL1075104,Q5S007,lrrk2 g2019s,lrrk2 g2019s,lrrk2|g2019s,,"{""parenthetical"": [], ""dropped"": [], ""mutations"": [""mutant""], ""mutation_classes"": [""NONE""]}",NONE,[],9606,
lsd1,CHEMBL6136,O60341,lsd1,lsd1,lsd1,,"{""parenthetical"": [], ""dropped"": [], ""mutations"": [], ""mutation_classes"": []}",,[],9606,
lsd1 isoform2,CHEMBL6136,O60341,lsd1 isoform2,lsd1 isoform2,lsd1|isoform2,,"{""parenthetical"": [], ""dropped"": [], ""mutations"": [], ""mutation_classes"": []}",,[],9606,
lta4h,CHEMBL4618,P09960,lta4h,lta4h,lta4h,,"{""parenthetical"": [], ""dropped"": [], ""mutations"": [], ""mutation_classes"": []}",,[],9606,
lta4h epoxide hydrolase,CHEMBL4618,P09960,lta4h epoxide hydrolase,lta4h epoxide hydrolase,lta4h|epoxide|hydrolase,,"{""parenthetical"": [], ""dropped"": [], ""mutations"": [], ""mutation_classes"": []}",,[],9606,
ltd4 receptor,CHEMBL5645,Q2NNR5,ltd4,ltd4 receptor,ltd4,cysltr1,"{""parenthetical"": [], ""dropped"": [""receptor""], ""mutations"": [], ""mutation_classes"": []}",,[],9606,
lte4,CHEMBL288,Q08499,lte4,lte4,lte4,,"{""parenthetical"": [], ""dropped"": [], ""mutations"": [], ""mutation_classes"": []}",,[],9606,
ltk,CHEMBL5627,P29376,ltk,ltk,ltk,,"{""parenthetical"": [], ""dropped"": [], ""mutations"": [], ""mutation_classes"": []}",,[],9606,
luciferase,CHEMBL5567,P08659,luciferase,luciferase,luciferase,,"{""parenthetical"": [], ""dropped"": [], ""mutations"": [], ""mutation_classes"": []}",,[],9606,
lung membrane,CHEMBL5645,Q2NNR5,lung membrane,lung membrane,lung|membrane,,"{""parenthetical"": [], ""dropped"": [], ""mutations"": [], ""mutation_classes"": []}",,[],9606,
lung parenchymal membranes,CHEMBL5645,Q2NNR5,lung parenchymal membranes,lung parenchymal membranes,lung|parenchymal|membranes,,"{""parenthetical"": [], ""dropped"": [], ""mutations"": [], ""mutation_classes"": []}",,[],9606,
luxr,CHEMBL5351,P12746,luxr,luxr,luxr,,"{""parenthetical"": [], ""dropped"": [], ""mutations"": [], ""mutation_classes"": []}",,[],9606,
lxr alpha,CHEMBL2808,Q13133,lxr alpha,lxr alpha,lxr|alpha,,"{""parenthetical"": [], ""dropped"": [], ""mutations"": [], ""mutation_classes"": []}",,[],9606,
lxr beta,CHEMBL4093,P55055,lxr beta,lxr beta,lxr|beta,,"{""parenthetical"": [], ""dropped"": [], ""mutations"": [], ""mutation_classes"": []}",,[],9606,
lxralpha,CHEMBL2808,Q13133,lxralpha,lxralpha,lxralpha,,"{""parenthetical"": [], ""dropped"": [], ""mutations"": [], ""mutation_classes"": []}",,[],9606,
lxralpha - lbd,CHEMBL2808,Q13133,lxralpha lbd|lxralpha-lbd|lxralphalbd,lxralpha lbd|lxralpha-lbd|lxralphalbd,lxralpha|lbd|lxralpha-lbd|lxralphalbd,,"{""parenthetical"": [], ""dropped"": [], ""mutations"": [], ""mutation_classes"": []}",,[],9606,
lxralpha lbd,CHEMBL2808,Q13133,lxralpha lbd,lxralpha lbd,lxralpha|lbd,,"{""parenthetical"": [], ""dropped"": [], ""mutations"": [], ""mutation_classes"": []}",,[],9606,
lxralpha ligand binding domain,CHEMBL2808,Q13133,lxralpha ligand binding domain,lxralpha ligand binding domain,lxralpha|ligand|binding|domain,,"{""parenthetical"": [], ""dropped"": [], ""mutations"": [], ""mutation_classes"": []}",,[],9606,
lxrbeta,CHEMBL4093,P55055,lxrbeta,lxrbeta,lxrbeta,,"{""parenthetical"": [], ""dropped"": [], ""mutations"": [], ""mutation_classes"": []}",,[],9606,
lxrbeta lbd,CHEMBL4093,P55055,lxrbeta lbd,lxrbeta lbd,lxrbeta|lbd,,"{""parenthetical"": [], ""dropped"": [], ""mutations"": [], ""mutation_classes"": []}",,[],9606,
lxrbeta ligand binding domain,CHEMBL4093,P55055,lxrbeta ligand binding domain,lxrbeta ligand binding domain,lxrbeta|ligand|binding|domain,,"{""parenthetical"": [], ""dropped"": [], ""mutations"": [], ""mutation_classes"": []}",,[],9606,
lxrspa alpha,CHEMBL2808,Q13133,lxrspa alpha,lxrspa alpha,lxrspa|alpha,,"{""parenthetical"": [], ""dropped"": [], ""mutations"": [], ""mutation_classes"": []}",,[],9606,
lxrspa beta,CHEMBL4093,P55055,lxrspa beta,lxrspa beta,lxrspa|beta,,"{""parenthetical"": [], ""dropped"": [], ""mutations"": [], ""mutation_classes"": []}",,[],9606,
lyn,CHEMBL3905,P07948,lyn,lyn,lyn,,"{""parenthetical"": [], ""dropped"": [], ""mutations"": [], ""mutation_classes"": []}",,[],9606,
lyna,CHEMBL3905,P07948,lyna,lyna,lyna,,"{""parenthetical"": [], ""dropped"": [], ""mutations"": [], ""mutation_classes"": []}",,[],9606,
lyp,CHEMBL2889,Q9Y2R2,lyp,lyp,lyp,,"{""parenthetical"": [], ""dropped"": [], ""mutations"": [], ""mutation_classes"": []}",,[],9606,
lysosomal alpha - glucosidase,CHEMBL2608,P10253,lysosomal alpha glucosidase|lysosomal alpha-glucosidase|alpha-glucosidase|lysosomal alphaglucosidase|alphaglucosidase,lysosomal alpha glucosidase|lysosomal alpha-glucosidase|alpha-glucosidase|lysosomal alphaglucosidase|alphaglucosidase,lysosomal|alpha|glucosidase|alpha-glucosidase|alphaglucosidase,,"{""parenthetical"": [], ""dropped"": [], ""mutations"": [], ""mutation_classes"": []}",,[],9606,
lysosomal alpha glucosidase,CHEMBL2608,P10253,lysosomal alpha glucosidase,lysosomal alpha glucosidase,lysosomal|alpha|glucosidase,,"{""parenthetical"": [], ""dropped"": [], ""mutations"": [], ""mutation_classes"": []}",,[],9606,
m1 muscarinic receptor,CHEMBL216,P11229,m1 muscarinic,m1 muscarinic receptor,m1|muscarinic,,"{""parenthetical"": [], ""dropped"": [""receptor""], ""mutations"": [], ""mutation_classes"": []}",,[],9606,
m1 receptor,CHEMBL216,P11229,m1,m1 receptor,m1,,"{""parenthetical"": [], ""dropped"": [""receptor""], ""mutations"": [], ""mutation_classes"": []}",,[],9606,
m1 receptor n -,CHEMBL216,P11229,m1 n,m1 receptor n,m1|n,,"{""parenthetical"": [], ""dropped"": [""receptor""], ""mutations"": [], ""mutation_classes"": []}",,[],9606,
m2 muscarinic receptor,CHEMBL211,P08172,m2 muscarinic,m2 muscarinic receptor,m2|muscarinic,,"{""parenthetical"": [], ""dropped"": [""receptor""], ""mutations"": [], ""mutation_classes"": []}",,[],9606,
m2 receptor,CHEMBL211,P08172,m2,m2 receptor,m2,,"{""parenthetical"": [], ""dropped"": [""receptor""], ""mutations"": [], ""mutation_classes"": []}",,[],9606,
m2 receptor,CHEMBL309,P10980,m2,m2 receptor,m2,,"{""parenthetical"": [], ""dropped"": [""receptor""], ""mutations"": [], ""mutation_classes"": []}",,[],9606,
m3,CHEMBL245,P20309,m3,m3,m3,,"{""parenthetical"": [], ""dropped"": [], ""mutations"": [], ""mutation_classes"": []}",,[],9606,
m3 d518a mutant,CHEMBL245,P20309,m3 d518a,m3 d518a,m3|d518a,,"{""parenthetical"": [], ""dropped"": [], ""mutations"": [""mutant""], ""mutation_classes"": [""NONE""]}",NONE,[],9606,
m3 e220a mutant,CHEMBL245,P20309,m3 e220a,m3 e220a,m3|e220a,,"{""parenthetical"": [], ""dropped"": [], ""mutations"": [""mutant""], ""mutation_classes"": [""NONE""]}",NONE,[],9606,
m3 e228a mutant,CHEMBL245,P20309,m3 e228a,m3 e228a,m3|e228a,,"{""parenthetical"": [], ""dropped"": [], ""mutations"": [""mutant""], ""mutation_classes"": [""NONE""]}",NONE,[],9606,
m3 f222a mutant,CHEMBL245,P20309,m3 f222a,m3 f222a,m3|f222a,,"{""parenthetical"": [], ""dropped"": [], ""mutations"": [""mutant""], ""mutation_classes"": [""NONE""]}",NONE,[],9606,
m3 f225a mutant,CHEMBL245,P20309,m3 f225a,m3 f225a,m3|f225a,,"{""parenthetical"": [], ""dropped"": [], ""mutations"": [""mutant""], ""mutation_classes"": [""NONE""]}",NONE,[],9606,
m3 k213a mutant,CHEMBL245,P20309,m3 k213a,m3 k213a,m3|k213a,,"{""parenthetical"": [], ""dropped"": [], ""mutations"": [""mutant""], ""mutation_classes"": [""NONE""]}",NONE,[],9606,
m3 k523a mutant,CHEMBL245,P20309,m3 k523a,m3 k523a,m3|k523a,,"{""parenthetical"": [], ""dropped"": [], ""mutations"": [""mutant""], ""mutation_classes"": [""NONE""]}",NONE,[],9606,
m3 muscarinic receptor,CHEMBL245,P20309,m3 muscarinic,m3 muscarinic receptor,m3|muscarinic,m3 chrm3,"{""parenthetical"": [], ""dropped"": [""receptor""], ""mutations"": [], ""mutation_classes"": []}",,[],9606,
m3 q224a mutant,CHEMBL245,P20309,m3 q224a,m3 q224a,m3|q224a,,"{""parenthetical"": [], ""dropped"": [], ""mutations"": [""mutant""], ""mutation_classes"": [""NONE""]}",NONE,[],9606,
m3 r133a mutant,CHEMBL245,P20309,m3 r133a,m3 r133a,m3|r133a,,"{""parenthetical"": [], ""dropped"": [], ""mutations"": [""mutant""], ""mutation_classes"": [""NONE""]}",NONE,[],9606,
m3 receptor,CHEMBL245,P20309,m3,m3 receptor,m3,,"{""parenthetical"": [], ""dropped"": [""receptor""], ""mutations"": [], ""mutation_classes"": []}",,[],9606,
m4 muscarinic receptor,CHEMBL1821,P08173,m4 muscarinic,m4 muscarinic receptor,m4|muscarinic,,"{""parenthetical"": [], ""dropped"": [""receptor""], ""mutations"": [], ""mutation_classes"": []}",,[],9606,
m4 receptor,CHEMBL1821,P08173,m4,m4 receptor,m4,,"{""parenthetical"": [], ""dropped"": [""receptor""], ""mutations"": [], ""mutation_classes"": []}",,[],9606,
m5 muscarinic receptor,CHEMBL2035,P08912,m5 muscarinic,m5 muscarinic receptor,m5|muscarinic,,"{""parenthetical"": [], ""dropped"": [""receptor""], ""mutations"": [], ""mutation_classes"": []}",,[],9606,
m5 receptor,CHEMBL2035,P08912,m5,m5 receptor,m5,,"{""parenthetical"": [], ""dropped"": [""receptor""], ""mutations"": [], ""mutation_classes"": []}",,[],9606,
magl,CHEMBL5774,O35678,magl,magl,magl,,"{""parenthetical"": [], ""dropped"": [], ""mutations"": [], ""mutation_classes"": []}",,[],9606,
magl,CHEMBL3321,Q8R431,magl,magl,magl,,"{""parenthetical"": [], ""dropped"": [], ""mutations"": [], ""mutation_classes"": []}",,[],9606,
magl,CHEMBL4191,Q99685,magl,magl,magl,,"{""parenthetical"": [], ""dropped"": [], ""mutations"": [], ""mutation_classes"": []}",,[],9606,
mak,CHEMBL1163106,P20794,mak,mak,mak,,"{""parenthetical"": [], ""dropped"": [], ""mutations"": [], ""mutation_classes"": []}",,[],9606,
malt1,CHEMBL3632452,Q9UDY8,malt1,malt1,malt1,,"{""parenthetical"": [], ""dropped"": [], ""mutations"": [], ""mutation_classes"": []}",,[],9606,
maltase,CHEMBL2074,O43451,maltase,maltase,maltase,,"{""parenthetical"": [], ""dropped"": [], ""mutations"": [], ""mutation_classes"": []}",,[],9606,
maltase,CHEMBL2608,P10253,maltase,maltase,maltase,,"{""parenthetical"": [], ""dropped"": [], ""mutations"": [], ""mutation_classes"": []}",,[],9606,
maltase,CHEMBL3114,P23739,maltase,maltase,maltase,,"{""parenthetical"": [], ""dropped"": [], ""mutations"": [], ""mutation_classes"": []}",,[],9606,
maltase,CHEMBL3513,Q6P7A9,maltase,maltase,maltase,,"{""parenthetical"": [], ""dropped"": [], ""mutations"": [], ""mutation_classes"": []}",,[],9606,
maltase - glucoamylase,CHEMBL2074,O43451,maltase glucoamylase|maltase-glucoamylase|maltaseglucoamylase,maltase glucoamylase|maltase-glucoamylase|maltaseglucoamylase,maltase|glucoamylase|maltase-glucoamylase|maltaseglucoamylase,,"{""parenthetical"": [], ""dropped"": [], ""mutations"": [], ""mutation_classes"": []}",,[],9606,
maltase glucoamylase,CHEMBL2074,O43451,maltase glucoamylase,maltase glucoamylase,maltase|glucoamylase,,"{""parenthetical"": [], ""dropped"": [], ""mutations"": [], ""mutation_classes"": []}",,[],9606,
mao - a,CHEMBL1951,P21397,mao a|mao-a|maoa,mao a|mao-a|maoa,mao|a|mao-a|maoa,,"{""parenthetical"": [], ""dropped"": [], ""mutations"": [], ""mutation_classes"": []}",,[],9606,
mao - a,CHEMBL3254,P21398,mao a|mao-a|maoa,mao a|mao-a|maoa,mao|a|mao-a|maoa,,"{""parenthetical"": [], ""dropped"": [], ""mutations"": [], ""mutation_classes"": []}",,[],9606,
mao - b,CHEMBL2993,P19643,mao b|mao-b|maob,mao b|mao-b|maob,mao|b|mao-b|maob,,"{""parenthetical"": [], ""dropped"": [], ""mutations"": [], ""mutation_classes"": []}",,[],9606,
mao - b,CHEMBL2039,P27338,mao b|mao-b|maob,mao b|mao-b|maob,mao|b|mao-b|maob,,"{""parenthetical"": [], ""dropped"": [], ""mutations"": [], ""mutation_classes"": []}",,[],9606,
mao - b,CHEMBL3050,Q8BW75,mao b|mao-b|maob,mao b|mao-b|maob,mao|b|mao-b|maob,,"{""parenthetical"": [], ""dropped"": [], ""mutations"": [], ""mutation_classes"": []}",,[],9606,
mao a,CHEMBL1951,P21397,mao a,mao a,mao|a,,"{""parenthetical"": [], ""dropped"": [], ""mutations"": [], ""mutation_classes"": []}",,[],9606,
mao b,CHEMBL2039,P27338,mao b,mao b,mao|b,,"{""parenthetical"": [], ""dropped"": [], ""mutations"": [], ""mutation_classes"": []}",,[],9606,
maoa,CHEMBL3358,P21396,maoa,maoa,maoa,,"{""parenthetical"": [], ""dropped"": [], ""mutations"": [], ""mutation_classes"": []}",,[],9606,
maoa,CHEMBL1951,P21397,maoa,maoa,maoa,,"{""parenthetical"": [], ""dropped"": [], ""mutations"": [], ""mutation_classes"": []}",,[],9606,
maoa,CHEMBL3254,P21398,maoa,maoa,maoa,,"{""parenthetical"": [], ""dropped"": [], ""mutations"": [], ""mutation_classes"": []}",,[],9606,
maob,CHEMBL2993,P19643,maob,maob,maob,,"{""parenthetical"": [], ""dropped"": [], ""mutations"": [], ""mutation_classes"": []}",,[],9606,
maob,CHEMBL1951,P21397,maob,maob,maob,,"{""parenthetical"": [], ""dropped"": [], ""mutations"": [], ""mutation_classes"": []}",,[],9606,
maob,CHEMBL2039,P27338,maob,maob,maob,,"{""parenthetical"": [], ""dropped"": [], ""mutations"": [], ""mutation_classes"": []}",,[],9606,
maob,CHEMBL3050,Q8BW75,maob,maob,maob,,"{""parenthetical"": [], ""dropped"": [], ""mutations"": [], ""mutation_classes"": []}",,[],9606,
map2k5,CHEMBL5332,Q13164,map2k5,map2k5,map2k5,,"{""parenthetical"": [], ""dropped"": [], ""mutations"": [], ""mutation_classes"": []}",,[],9606,
map4k4,CHEMBL6166,O95819,map4k4,map4k4,map4k4,,"{""parenthetical"": [], ""dropped"": [], ""mutations"": [], ""mutation_classes"": []}",,[],9606,
mapk1,CHEMBL4040,P28482,mapk1,mapk1,mapk1,,"{""parenthetical"": [], ""dropped"": [], ""mutations"": [], ""mutation_classes"": []}",,[],9606,
mapk14,CHEMBL260,Q16539,mapk14,mapk14,mapk14,,"{""parenthetical"": [], ""dropped"": [], ""mutations"": [], ""mutation_classes"": []}",,[],9606,
mapk15,CHEMBL5198,Q8TD08,mapk15,mapk15,mapk15,,"{""parenthetical"": [], ""dropped"": [], ""mutations"": [], ""mutation_classes"": []}",,[],9606,
mapk7,CHEMBL5332,Q13164,mapk7,mapk7,mapk7,,"{""parenthetical"": [], ""dropped"": [], ""mutations"": [], ""mutation_classes"": []}",,[],9606,
mapkap2,CHEMBL2208,P49137,mapkap2,mapkap2,mapkap2,,"{""parenthetical"": [], ""dropped"": [], ""mutations"": [], ""mutation_classes"": []}",,[],9606,
mapkapk2,CHEMBL2208,P49137,mapkapk2,mapkapk2,mapkapk2,,"{""parenthetical"": [], ""dropped"": [], ""mutations"": [], ""mutation_classes"": []}",,[],9606,
mapkapk3,CHEMBL4670,Q16644,mapkapk3,mapkapk3,mapkapk3,,"{""parenthetical"": [], ""dropped"": [], ""mutations"": [], ""mutation_classes"": []}",,[],9606,
mapkapk5,CHEMBL3094,Q8IW41,mapkapk5,mapkapk5,mapkapk5,,"{""parenthetical"": [], ""dropped"": [], ""mutations"": [], ""mutation_classes"": []}",,[],9606,
mark1,CHEMBL5940,Q9P0L2,mark1,mark1,mark1,,"{""parenthetical"": [], ""dropped"": [], ""mutations"": [], ""mutation_classes"": []}",,[],9606,
mark2,CHEMBL3831,Q7KZI7,mark2,mark2,mark2,,"{""parenthetical"": [], ""dropped"": [], ""mutations"": [], ""mutation_classes"": []}",,[],9606,
mark3,CHEMBL5600,P27448,mark3,mark3,mark3,,"{""parenthetical"": [], ""dropped"": [], ""mutations"": [], ""mutation_classes"": []}",,[],9606,
mark4,CHEMBL5754,Q96L34,mark4,mark4,mark4,,"{""parenthetical"": [], ""dropped"": [], ""mutations"": [], ""mutation_classes"": []}",,[],9606,
matriptase,CHEMBL3018,Q9Y5Y6,matriptase,matriptase,matriptase,,"{""parenthetical"": [], ""dropped"": [], ""mutations"": [], ""mutation_classes"": []}",,[],9606,
matrix metalloprotease - 1,CHEMBL332,P03956,matrix metalloprotease 1|matrix metalloprotease-1|metalloprotease-1|matrix metalloprotease1|metalloprotease1,matrix metalloprotease 1|matrix metalloprotease-1|metalloprotease-1|matrix metalloprotease1|metalloprotease1,matrix|metalloprotease|1|metalloprotease-1|metalloprotease1,,"{""parenthetical"": [], ""dropped"": [], ""mutations"": [], ""mutation_classes"": []}",,[],9606,
matrix metalloprotease - 1 - 1,CHEMBL332,P03956,matrix metalloprotease 1 1|matrix metalloprotease-1-1|metalloprotease-1-1|matrix metalloprotease11|metalloprotease11|matrix metalloprotease1 1|metalloprotease1|matrix metalloprotease-1 1|metalloprotease-1,matrix metalloprotease 1|metalloprotease-1-1|metalloprotease11|matrix metalloprotease1|metalloprotease1|matrix metalloprotease-1|metalloprotease-1,matrix|metalloprotease|1|metalloprotease-1-1|metalloprotease11|metalloprotease1|metalloprotease-1,,"{""parenthetical"": [], ""dropped"": [], ""mutations"": [], ""mutation_classes"": []}",,[],9606,
"matrix metalloprotease - 1 ,",CHEMBL332,P03956,matrix metalloprotease 1|matrix metalloprotease-1|metalloprotease-1|matrix metalloprotease1|metalloprotease1,matrix metalloprotease 1|matrix metalloprotease-1|metalloprotease-1|matrix metalloprotease1|metalloprotease1,matrix|metalloprotease|1|metalloprotease-1|metalloprotease1,,"{""parenthetical"": [], ""dropped"": [], ""mutations"": [], ""mutation_classes"": []}",,[],9606,
"matrix metalloprotease - 1 , collagenase - 1",CHEMBL332,P03956,matrix metalloprotease 1 collagenase 1|matrix metalloprotease-1 collagenase 1|metalloprotease-1|matrix metalloprotease1 collagenase 1|metalloprotease1|matrix metalloprotease 1 collagenase-1|collagenase-1|matrix metalloprotease 1 collagenase1|collagenase1,matrix metalloprotease 1 collagenase|matrix metalloprotease-1 collagenase|metalloprotease-1|matrix metalloprotease1 collagenase|metalloprotease1|collagenase-1|collagenase1,matrix|metalloprotease|1|collagenase|metalloprotease-1|metalloprotease1|collagenase-1|collagenase1,,"{""parenthetical"": [], ""dropped"": [], ""mutations"": [], ""mutation_classes"": []}",,[],9606,
matrix metalloprotease - 13,CHEMBL4944,P23097,matrix metalloprotease 13|matrix metalloprotease-13|metalloprotease-13|matrix metalloprotease13|metalloprotease13,matrix metalloprotease 13|matrix metalloprotease-13|metalloprotease-13|matrix metalloprotease13|metalloprotease13,matrix|metalloprotease|13|metalloprotease-13|metalloprotease13,,"{""parenthetical"": [], ""dropped"": [], ""mutations"": [], ""mutation_classes"": []}",,[],9606,
matrix metalloprotease - 13,CHEMBL280,P45452,matrix metalloprotease 13|matrix metalloprotease-13|metalloprotease-13|matrix metalloprotease13|metalloprotease13,matrix metalloprotease 13|matrix metalloprotease-13|metalloprotease-13|matrix metalloprotease13|metalloprotease13,matrix|metalloprotease|13|metalloprotease-13|metalloprotease13,,"{""parenthetical"": [], ""dropped"": [], ""mutations"": [], ""mutation_classes"": []}",,[],9606,
matrix metalloprotease - 13 - 13,CHEMBL280,P45452,matrix metalloprotease 13 13|matrix metalloprotease-13-13|metalloprotease-13-13|matrix metalloprotease1313|metalloprotease1313|matrix metalloprotease13 13|metalloprotease13|matrix metalloprotease-13 13|metalloprotease-13,matrix metalloprotease 13|metalloprotease-13-13|metalloprotease1313|matrix metalloprotease13|metalloprotease13|matrix metalloprotease-13|metalloprotease-13,matrix|metalloprotease|13|metalloprotease-13-13|metalloprotease1313|metalloprotease13|metalloprotease-13,,"{""parenthetical"": [], ""dropped"": [], ""mutations"": [], ""mutation_classes"": []}",,[],9606,
matrix metalloprotease - 14,CHEMBL3869,P50281,matrix metalloprotease 14|matrix metalloprotease-14|metalloprotease-14|matrix metalloprotease14|metalloprotease14,matrix metalloprotease 14|matrix metalloprotease-14|metalloprotease-14|matrix metalloprotease14|metalloprotease14,matrix|metalloprotease|14|metalloprotease-14|metalloprotease14,,"{""parenthetical"": [], ""dropped"": [], ""mutations"": [], ""mutation_classes"": []}",,[],9606,
matrix metalloprotease - 2,CHEMBL333,P08253,matrix metalloprotease 2|matrix metalloprotease-2|metalloprotease-2|matrix metalloprotease2|metalloprotease2,matrix metalloprotease 2|matrix metalloprotease-2|metalloprotease-2|matrix metalloprotease2|metalloprotease2,matrix|metalloprotease|2|metalloprotease-2|metalloprotease2,,"{""parenthetical"": [], ""dropped"": [], ""mutations"": [], ""mutation_classes"": []}",,[],9606,
matrix metalloprotease - 3,CHEMBL283,P08254,matrix metalloprotease 3|matrix metalloprotease-3|metalloprotease-3|matrix metalloprotease3|metalloprotease3,matrix metalloprotease 3|matrix metalloprotease-3|metalloprotease-3|matrix metalloprotease3|metalloprotease3,matrix|metalloprotease|3|metalloprotease-3|metalloprotease3,,"{""parenthetical"": [], ""dropped"": [], ""mutations"": [], ""mutation_classes"": []}",,[],9606,
matrix metalloprotease - 7,CHEMBL4073,P09237,matrix metalloprotease 7|matrix metalloprotease-7|metalloprotease-7|matrix metalloprotease7|metalloprotease7,matrix metalloprotease 7|matrix metalloprotease-7|metalloprotease-7|matrix metalloprotease7|metalloprotease7,matrix|metalloprotease|7|metalloprotease-7|metalloprotease7,,"{""parenthetical"": [], ""dropped"": [], ""mutations"": [], ""mutation_classes"": []}",,[],9606,
matrix metalloprotease - 8,CHEMBL4588,P22894,matrix metalloprotease 8|matrix metalloprotease-8|metalloprotease-8|matrix metalloprotease8|metalloprotease8,matrix metalloprotease 8|matrix metalloprotease-8|metalloprotease-8|matrix metalloprotease8|metalloprotease8,matrix|metalloprotease|8|metalloprotease-8|metalloprotease8,,"{""parenthetical"": [], ""dropped"": [], ""mutations"": [], ""mutation_classes"": []}",,[],9606,
matrix metalloprotease - 9,CHEMBL321,P14780,matrix metalloprotease 9|matrix metalloprotease-9|metalloprotease-9|matrix metalloprotease9|metalloprotease9,matrix metalloprotease 9|matrix metalloprotease-9|metalloprotease-9|matrix metalloprotease9|metalloprotease9,matrix|metalloprotease|9|metalloprotease-9|metalloprotease9,,"{""parenthetical"": [], ""dropped"": [], ""mutations"": [], ""mutation_classes"": []}",,[],9606,
matrix metalloprotease - 9 (,CHEMBL321,P14780,matrix metalloprotease 9 (|matrix metalloprotease-9 (|metalloprotease-9|matrix metalloprotease9 (|metalloprotease9,matrix metalloprotease 9 (|matrix metalloprotease-9 (|metalloprotease-9|matrix metalloprotease9 (|metalloprotease9,matrix|metalloprotease|9|(|metalloprotease-9|metalloprotease9,,"{""parenthetical"": [], ""dropped"": [], ""mutations"": [], ""mutation_classes"": []}",,[],9606,
matrix metalloprotease - 9 ( gelatinase b ),CHEMBL321,P14780,matrix metalloprotease 9|matrix metalloprotease-9|metalloprotease-9|matrix metalloprotease9|metalloprotease9,matrix metalloprotease 9|matrix metalloprotease-9|metalloprotease-9|matrix metalloprotease9|metalloprotease9,matrix|metalloprotease|9|metalloprotease-9|metalloprotease9,,"{""parenthetical"": [""gelatinase b""], ""dropped"": [], ""mutations"": [], ""mutation_classes"": []}",,[],9606,
matrix metalloprotease 1,CHEMBL332,P03956,matrix metalloprotease 1|matrix metalloprotease1|metalloprotease1|matrix metalloprotease-1|metalloprotease-1,matrix metalloprotease 1|matrix metalloprotease1|metalloprotease1|matrix metalloprotease-1|metalloprotease-1,matrix|metalloprotease|1|metalloprotease1|metalloprotease-1,,"{""parenthetical"": [], ""dropped"": [], ""mutations"": [], ""mutation_classes"": []}",,[],9606,
matrix metalloprotease 13,CHEMBL4944,P23097,matrix metalloprotease 13|matrix metalloprotease13|metalloprotease13|matrix metalloprotease-13|metalloprotease-13,matrix metalloprotease 13|matrix metalloprotease13|metalloprotease13|matrix metalloprotease-13|metalloprotease-13,matrix|metalloprotease|13|metalloprotease13|metalloprotease-13,,"{""parenthetical"": [], ""dropped"": [], ""mutations"": [], ""mutation_classes"": []}",,[],9606,
matrix metalloprotease 13,CHEMBL280,P45452,matrix metalloprotease 13|matrix metalloprotease13|metalloprotease13|matrix metalloprotease-13|metalloprotease-13,matrix metalloprotease 13|matrix metalloprotease13|metalloprotease13|matrix metalloprotease-13|metalloprotease-13,matrix|metalloprotease|13|metalloprotease13|metalloprotease-13,,"{""parenthetical"": [], ""dropped"": [], ""mutations"": [], ""mutation_classes"": []}",,[],9606,
matrix metalloprotease 2,CHEMBL333,P08253,matrix metalloprotease 2|matrix metalloprotease2|metalloprotease2|matrix metalloprotease-2|metalloprotease-2,matrix metalloprotease 2|matrix metalloprotease2|metalloprotease2|matrix metalloprotease-2|metalloprotease-2,matrix|metalloprotease|2|metalloprotease2|metalloprotease-2,,"{""parenthetical"": [], ""dropped"": [], ""mutations"": [], ""mutation_classes"": []}",,[],9606,
matrix metalloprotease 3,CHEMBL283,P08254,matrix metalloprotease 3|matrix metalloprotease3|metalloprotease3|matrix metalloprotease-3|metalloprotease-3,matrix metalloprotease 3|matrix metalloprotease3|metalloprotease3|matrix metalloprotease-3|metalloprotease-3,matrix|metalloprotease|3|metalloprotease3|metalloprotease-3,,"{""parenthetical"": [], ""dropped"": [], ""mutations"": [], ""mutation_classes"": []}",,[],9606,
matrix metalloprotease 7,CHEMBL4073,P09237,matrix metalloprotease 7|matrix metalloprotease7|metalloprotease7|matrix metalloprotease-7|metalloprotease-7,matrix metalloprotease 7|matrix metalloprotease7|metalloprotease7|matrix metalloprotease-7|metalloprotease-7,matrix|metalloprotease|7|metalloprotease7|metalloprotease-7,,"{""parenthetical"": [], ""dropped"": [], ""mutations"": [], ""mutation_classes"": []}",,[],9606,
matrix metalloprotease 9,CHEMBL321,P14780,matrix metalloprotease 9|matrix metalloprotease9|metalloprotease9|matrix metalloprotease-9|metalloprotease-9,matrix metalloprotease 9|matrix metalloprotease9|metalloprotease9|matrix metalloprotease-9|metalloprotease-9,matrix|metalloprotease|9|metalloprotease9|metalloprotease-9,,"{""parenthetical"": [], ""dropped"": [], ""mutations"": [], ""mutation_classes"": []}",,[],9606,
mc1 - 1,CHEMBL4361,Q07820,mc1 1|mc1-1|mc11,mc1 1|mc1-1|mc11,mc1|1|mc1-1|mc11,mc1r,"{""parenthetical"": [], ""dropped"": [], ""mutations"": [], ""mutation_classes"": []}",,[],9606,
mc1 receptor,CHEMBL3795,Q01726,mc1,mc1 receptor,mc1,mc1r,"{""parenthetical"": [], ""dropped"": [""receptor""], ""mutations"": [], ""mutation_classes"": []}",,[],9606,
mc1r,CHEMBL3795,Q01726,mc1r,mc1r,mc1r,mc1r,"{""parenthetical"": [], ""dropped"": [], ""mutations"": [], ""mutation_classes"": []}",,[],9606,
mc1r lbd,CHEMBL3795,Q01726,mc1r lbd,mc1r lbd,mc1r|lbd,mc1r,"{""parenthetical"": [], ""dropped"": [], ""mutations"": [], ""mutation_classes"": []}",,[],9606,
mc3 receptor,CHEMBL4644,P41968,mc3,mc3 receptor,mc3,mc3r,"{""parenthetical"": [], ""dropped"": [""receptor""], ""mutations"": [], ""mutation_classes"": []}",,[],9606,
mc3r,CHEMBL4644,P41968,mc3r,mc3r,mc3r,mc3r,"{""parenthetical"": [], ""dropped"": [], ""mutations"": [], ""mutation_classes"": []}",,[],9606,
mc4 receptor,CHEMBL259,P32245,mc4,mc4 receptor,mc4,mc4r,"{""parenthetical"": [], ""dropped"": [""receptor""], ""mutations"": [], ""mutation_classes"": []}",,[],9606,
mc4r,CHEMBL259,P32245,mc4r,mc4r,mc4r,mc4r,"{""parenthetical"": [], ""dropped"": [], ""mutations"": [], ""mutation_classes"": []}",,[],9606,
mc4r,CHEMBL3719,P56450,mc4r,mc4r,mc4r,mc4r,"{""parenthetical"": [], ""dropped"": [], ""mutations"": [], ""mutation_classes"": []}",,[],9606,
mc4r d122a mutant,CHEMBL259,P32245,mc4r d122a,mc4r d122a,mc4r|d122a,mc4r,"{""parenthetical"": [], ""dropped"": [], ""mutations"": [""mutant""], ""mutation_classes"": [""NONE""]}",NONE,[],9606,
mc4r f184a,CHEMBL259,P32245,mc4r f184a,mc4r f184a,mc4r|f184a,mc4r,"{""parenthetical"": [], ""dropped"": [], ""mutations"": [], ""mutation_classes"": []}",,[],9606,
mc4r f184l,CHEMBL259,P32245,mc4r f184l,mc4r f184l,mc4r|f184l,mc4r,"{""parenthetical"": [], ""dropped"": [], ""mutations"": [], ""mutation_classes"": []}",,[],9606,
mc4r i125a,CHEMBL259,P32245,mc4r i125a,mc4r i125a,mc4r|i125a,mc4r,"{""parenthetical"": [], ""dropped"": [], ""mutations"": [], ""mutation_classes"": []}",,[],9606,
mc4r i129a,CHEMBL259,P32245,mc4r i129a,mc4r i129a,mc4r|i129a,mc4r,"{""parenthetical"": [], ""dropped"": [], ""mutations"": [], ""mutation_classes"": []}",,[],9606,
mc4r i291a,CHEMBL259,P32245,mc4r i291a,mc4r i291a,mc4r|i291a,mc4r,"{""parenthetical"": [], ""dropped"": [], ""mutations"": [], ""mutation_classes"": []}",,[],9606,
mc4r lbd,CHEMBL259,P32245,mc4r lbd,mc4r lbd,mc4r|lbd,mc4r,"{""parenthetical"": [], ""dropped"": [], ""mutations"": [], ""mutation_classes"": []}",,[],9606,
mc4r y268a,CHEMBL259,P32245,mc4r y268a,mc4r y268a,mc4r|y268a,mc4r,"{""parenthetical"": [], ""dropped"": [], ""mutations"": [], ""mutation_classes"": []}",,[],9606,
mc4r y268f,CHEMBL259,P32245,mc4r y268f,mc4r y268f,mc4r|y268f,mc4r,"{""parenthetical"": [], ""dropped"": [], ""mutations"": [], ""mutation_classes"": []}",,[],9606,
mc4r y287a,CHEMBL259,P32245,mc4r y287a,mc4r y287a,mc4r|y287a,mc4r,"{""parenthetical"": [], ""dropped"": [], ""mutations"": [], ""mutation_classes"": []}",,[],9606,
mc4r y287f,CHEMBL259,P32245,mc4r y287f,mc4r y287f,mc4r|y287f,mc4r,"{""parenthetical"": [], ""dropped"": [], ""mutations"": [], ""mutation_classes"": []}",,[],9606,
mc5r,CHEMBL4608,P33032,mc5r,mc5r,mc5r,mc5r,"{""parenthetical"": [], ""dropped"": [], ""mutations"": [], ""mutation_classes"": []}",,[],9606,
mc5r lbd,CHEMBL4608,P33032,mc5r lbd,mc5r lbd,mc5r|lbd,mc5r,"{""parenthetical"": [], ""dropped"": [], ""mutations"": [], ""mutation_classes"": []}",,[],9606,
mcd,CHEMBL4698,O95822,mcd,mcd,mcd,,"{""parenthetical"": [], ""dropped"": [], ""mutations"": [], ""mutation_classes"": []}",,[],9606,
mch - 1r,CHEMBL344,Q99705,mch 1r|mch-1r|mch1r,mch 1r|mch-1r|mch1r,mch|1r|mch-1r|mch1r,,"{""parenthetical"": [], ""dropped"": [], ""mutations"": [], ""mutation_classes"": []}",,[],9606,
mch - r1,CHEMBL344,Q99705,mch r1|mch-r1|mchr1,mch r1|mch-r1|mchr1,mch|r1|mch-r1|mchr1,mchr1,"{""parenthetical"": [], ""dropped"": [], ""mutations"": [], ""mutation_classes"": []}",,[],9606,
mch1 receptor,CHEMBL1075228,P97639,mch1,mch1 receptor,mch1,mchr1,"{""parenthetical"": [], ""dropped"": [""receptor""], ""mutations"": [], ""mutation_classes"": []}",,[],9606,
mch1 receptor,CHEMBL344,Q99705,mch1,mch1 receptor,mch1,mchr1,"{""parenthetical"": [], ""dropped"": [""receptor""], ""mutations"": [], ""mutation_classes"": []}",,[],9606,
mch1r,CHEMBL344,Q99705,mch1r,mch1r,mch1r,,"{""parenthetical"": [], ""dropped"": [], ""mutations"": [], ""mutation_classes"": []}",,[],9606,
mch1r receptor,CHEMBL1075228,P97639,mch1r,mch1r receptor,mch1r,mchr1,"{""parenthetical"": [], ""dropped"": [""receptor""], ""mutations"": [], ""mutation_classes"": []}",,[],9606,
mchr1,CHEMBL344,Q99705,mchr1,mchr1,mchr1,mchr1,"{""parenthetical"": [], ""dropped"": [], ""mutations"": [], ""mutation_classes"": []}",,[],9606,
mcl - 1,CHEMBL4361,Q07820,mcl 1|mcl-1|mcl1,mcl 1|mcl-1|mcl1,mcl|1|mcl-1|mcl1,,"{""parenthetical"": [], ""dropped"": [], ""mutations"": [], ""mutation_classes"": []}",,[],9606,
mcl - 1 protein,CHEMBL4361,Q07820,mcl 1|mcl-1|mcl1,mcl 1 protein|mcl-1 protein|mcl-1|mcl1 protein|mcl1,mcl|1|mcl-1|mcl1,,"{""parenthetical"": [], ""dropped"": [""protein""], ""mutations"": [], ""mutation_classes"": []}",,[],9606,
mcl1,CHEMBL5768,P97287,mcl1,mcl1,mcl1,,"{""parenthetical"": [], ""dropped"": [], ""mutations"": [], ""mutation_classes"": []}",,[],9606,
mcl1,CHEMBL4361,Q07820,mcl1,mcl1,mcl1,,"{""parenthetical"": [], ""dropped"": [], ""mutations"": [], ""mutation_classes"": []}",,[],9606,
mcp1,CHEMBL4015,P41597,mcp1,mcp1,mcp1,,"{""parenthetical"": [], ""dropped"": [], ""mutations"": [], ""mutation_classes"": []}",,[],9606,
mcr,CHEMBL1994,P08235,mcr,mcr,mcr,mc1r mc2r mc3r mc4r mc5r,"{""parenthetical"": [], ""dropped"": [], ""mutations"": [], ""mutation_classes"": []}",,[],9606,
mct1,CHEMBL4360,P53985,mct1,mct1,mct1,,"{""parenthetical"": [], ""dropped"": [], ""mutations"": [], ""mutation_classes"": []}",,[],9606,
mdh2,CHEMBL5917,P40926,mdh2,mdh2,mdh2,,"{""parenthetical"": [], ""dropped"": [], ""mutations"": [], ""mutation_classes"": []}",,[],9606,
mdm2,CHEMBL5023,Q00987,mdm2,mdm2,mdm2,,"{""parenthetical"": [], ""dropped"": [], ""mutations"": [], ""mutation_classes"": []}",,[],9606,
mdm2 - p53 interaction,CHEMBL5023,Q00987,mdm2 p53 interaction|mdm2-p53 interaction|mdm2-p53|mdm2p53 interaction|mdm2p53,mdm2 p53 interaction|mdm2-p53 interaction|mdm2-p53|mdm2p53 interaction|mdm2p53,mdm2|p53|interaction|mdm2-p53|mdm2p53,,"{""parenthetical"": [], ""dropped"": [], ""mutations"": [], ""mutation_classes"": []}",,[],9606,
mdm2 ( 1 to 118 ),CHEMBL5023,Q00987,mdm2,mdm2,mdm2,,"{""parenthetical"": [""1 to 118""], ""dropped"": [], ""mutations"": [], ""mutation_classes"": []}",,[],9606,
mdm2 ( 18,CHEMBL5023,Q00987,mdm2 ( 18,mdm2 ( 18,mdm2|(|18,,"{""parenthetical"": [], ""dropped"": [], ""mutations"": [], ""mutation_classes"": []}",,[],9606,
mdm2 protein,CHEMBL5023,Q00987,mdm2,mdm2 protein,mdm2,,"{""parenthetical"": [], ""dropped"": [""protein""], ""mutations"": [], ""mutation_classes"": []}",,[],9606,
mdr1,CHEMBL4302,P08183,mdr1,mdr1,mdr1,,"{""parenthetical"": [], ""dropped"": [], ""mutations"": [], ""mutation_classes"": []}",,[],9606,
meh,CHEMBL1968,P07099,meh,meh,meh,,"{""parenthetical"": [], ""dropped"": [], ""mutations"": [], ""mutation_classes"": []}",,[],9606,
mek - 1,CHEMBL3587,Q02750,mek 1|mek-1|mek1,mek 1|mek-1|mek1,mek|1|mek-1|mek1,,"{""parenthetical"": [], ""dropped"": [], ""mutations"": [], ""mutation_classes"": []}",,[],9606,
mek1,CHEMBL1906,P04049,mek1,mek1,mek1,,"{""parenthetical"": [], ""dropped"": [], ""mutations"": [], ""mutation_classes"": []}",,[],9606,
mek1,CHEMBL3587,Q02750,mek1,mek1,mek1,,"{""parenthetical"": [], ""dropped"": [], ""mutations"": [], ""mutation_classes"": []}",,[],9606,
mek1 k97r mutant,CHEMBL1906,P04049,mek1 k97r,mek1 k97r,mek1|k97r,,"{""parenthetical"": [], ""dropped"": [], ""mutations"": [""mutant""], ""mutation_classes"": [""NONE""]}",NONE,[],9606,
mek1 k97r mutant,CHEMBL1169596,P10398,mek1 k97r,mek1 k97r,mek1|k97r,,"{""parenthetical"": [], ""dropped"": [], ""mutations"": [""mutant""], ""mutation_classes"": [""NONE""]}",NONE,[],9606,
"mek1 s218e , mutant",CHEMBL3587,Q02750,mek1 s218e,mek1 s218e,mek1|s218e,,"{""parenthetical"": [], ""dropped"": [], ""mutations"": [""mutant""], ""mutation_classes"": [""NONE""]}",NONE,[],9606,
mek1 s218e / s222e mutant,CHEMBL3587,Q02750,mek1 s218e s222e,mek1 s218e s222e,mek1|s218e|s222e,,"{""parenthetical"": [], ""dropped"": [], ""mutations"": [""mutant""], ""mutation_classes"": [""NONE""]}",NONE,[],9606,
mek2,CHEMBL2964,P36507,mek2,mek2,mek2,,"{""parenthetical"": [], ""dropped"": [], ""mutations"": [], ""mutation_classes"": []}",,[],9606,
mek3,CHEMBL2109,P46734,mek3,mek3,mek3,,"{""parenthetical"": [], ""dropped"": [], ""mutations"": [], ""mutation_classes"": []}",,[],9606,
mek5,CHEMBL4948,Q13163,mek5,mek5,mek5,,"{""parenthetical"": [], ""dropped"": [], ""mutations"": [], ""mutation_classes"": []}",,[],9606,
mekk1,CHEMBL3956,Q13233,mekk1,mekk1,mekk1,,"{""parenthetical"": [], ""dropped"": [], ""mutations"": [], ""mutation_classes"": []}",,[],9606,
mekk2,CHEMBL5914,Q9Y2U5,mekk2,mekk2,mekk2,,"{""parenthetical"": [], ""dropped"": [], ""mutations"": [], ""mutation_classes"": []}",,[],9606,
mekk3,CHEMBL5970,Q99759,mekk3,mekk3,mekk3,,"{""parenthetical"": [], ""dropped"": [], ""mutations"": [], ""mutation_classes"": []}",,[],9606,
mekk6,CHEMBL1163123,O95382,mekk6,mekk6,mekk6,,"{""parenthetical"": [], ""dropped"": [], ""mutations"": [], ""mutation_classes"": []}",,[],9606,
melanin - concentrating hormone 1 receptor,CHEMBL344,Q99705,melanin concentrating hormone 1|melanin-concentrating hormone 1|melanin-concentrating|melaninconcentrating hormone 1|melaninconcentrating|melanin concentrating hormone1|hormone1|melanin concentrating hormone-1|hormone-1,melanin concentrating hormone 1 receptor|melanin-concentrating hormone 1 receptor|melanin-concentrating|melaninconcentrating hormone 1 receptor|melaninconcentrating|melanin concentrating hormone1 receptor|hormone1|melanin concentrating hormone-1 receptor|hormone-1,melanin|concentrating|hormone|1|melanin-concentrating|melaninconcentrating|hormone1|hormone-1,mchr1,"{""parenthetical"": [], ""dropped"": [""receptor""], ""mutations"": [], ""mutation_classes"": []}",,[],9606,
melanin - concentrating hormone receptor 1,CHEMBL344,Q99705,melanin concentrating hormone 1|melanin-concentrating hormone 1|melanin-concentrating|melaninconcentrating hormone 1|melaninconcentrating|receptor1|receptor-1,melanin concentrating hormone receptor 1|melanin-concentrating hormone receptor 1|melanin-concentrating|melaninconcentrating hormone receptor 1|melaninconcentrating|melanin concentrating hormone receptor1|receptor1|melanin concentrating hormone receptor-1|receptor-1,melanin|concentrating|hormone|1|melanin-concentrating|melaninconcentrating|receptor1|receptor-1,,"{""parenthetical"": [], ""dropped"": [""receptor""], ""mutations"": [], ""mutation_classes"": []}",,[],9606,
melanin concentrating hormone receptor 1,CHEMBL344,Q99705,melanin concentrating hormone 1|receptor1|receptor-1,melanin concentrating hormone receptor 1|melanin concentrating hormone receptor1|receptor1|melanin concentrating hormone receptor-1|receptor-1,melanin|concentrating|hormone|1|receptor1|receptor-1,,"{""parenthetical"": [], ""dropped"": [""receptor""], ""mutations"": [], ""mutation_classes"": []}",,[],9606,
melanocortin 3 receptor,CHEMBL4644,P41968,melanocortin 3|melanocortin3|melanocortin-3,melanocortin 3 receptor|melanocortin3 receptor|melanocortin3|melanocortin-3 receptor|melanocortin-3,melanocortin|3|melanocortin3|melanocortin-3,mc3r,"{""parenthetical"": [], ""dropped"": [""receptor""], ""mutations"": [], ""mutation_classes"": []}",,[],9606,
melanocortin 4 receptor,CHEMBL259,P32245,melanocortin 4|melanocortin4|melanocortin-4,melanocortin 4 receptor|melanocortin4 receptor|melanocortin4|melanocortin-4 receptor|melanocortin-4,melanocortin|4|melanocortin4|melanocortin-4,mc4r,"{""parenthetical"": [], ""dropped"": [""receptor""], ""mutations"": [], ""mutation_classes"": []}",,[],9606,
melatonin receptor type 1,CHEMBL1945,P48039,melatonin type 1|melatonin type1|type1|melatonin type-1|type-1,melatonin receptor type 1|melatonin receptor type1|type1|melatonin receptor type-1|type-1,melatonin|type|1|type1|type-1,,"{""parenthetical"": [], ""dropped"": [""receptor""], ""mutations"": [], ""mutation_classes"": []}",,[],9606,
melatonin receptor type 1a,CHEMBL1945,P48039,melatonin type 1a,melatonin receptor type 1a,melatonin|type|1a,mt1 mtnr1a,"{""parenthetical"": [], ""dropped"": [""receptor""], ""mutations"": [], ""mutation_classes"": []}",,[],9606,
melatonin receptor type 1a ( mt1 ),CHEMBL1945,P48039,melatonin type 1a mt1|mt1,melatonin receptor type 1a mt1|mt1,melatonin|type|1a|mt1,mt1 mtnr1a,"{""parenthetical"": [""mt1""], ""dropped"": [""receptor""], ""mutations"": [], ""mutation_classes"": []}",,[],9606,
melatonin receptor type 1b,CHEMBL1946,P49286,melatonin type 1b,melatonin receptor type 1b,melatonin|type|1b,mt2 mtnr1b,"{""parenthetical"": [], ""dropped"": [""receptor""], ""mutations"": [], ""mutation_classes"": []}",,[],9606,
melatonin receptor type 1b ( mt2 ),CHEMBL1946,P49286,melatonin type 1b mt2|mt2,melatonin receptor type 1b mt2|mt2,melatonin|type|1b|mt2,mt2 mtnr1b,"{""parenthetical"": [""mt2""], ""dropped"": [""receptor""], ""mutations"": [], ""mutation_classes"": []}",,[],9606,
melatonin receptor type 2,CHEMBL1946,P49286,melatonin type 2|melatonin type2|type2|melatonin type-2|type-2,melatonin receptor type 2|melatonin receptor type2|type2|melatonin receptor type-2|type-2,melatonin|type|2|type2|type-2,mt2 mtnr1b,"{""parenthetical"": [], ""dropped"": [""receptor""], ""mutations"": [], ""mutation_classes"": []}",,[],9606,
melk,CHEMBL4578,Q14680,melk,melk,melk,,"{""parenthetical"": [], ""dropped"": [], ""mutations"": [], ""mutation_classes"": []}",,[],9606,
memapsin 2,CHEMBL4822,P56817,memapsin 2|memapsin2|memapsin-2,memapsin 2|memapsin2|memapsin-2,memapsin|2|memapsin2|memapsin-2,,"{""parenthetical"": [], ""dropped"": [], ""mutations"": [], ""mutation_classes"": []}",,[],9606,
memapsin 2 beta - secretase,CHEMBL4822,P56817,memapsin 2 beta secretase|memapsin 2 beta-secretase|beta-secretase|memapsin 2 betasecretase|betasecretase|memapsin2 beta secretase|memapsin2|memapsin-2 beta secretase|memapsin-2,memapsin 2 beta secretase|memapsin 2 beta-secretase|beta-secretase|memapsin 2 betasecretase|betasecretase|memapsin2 beta secretase|memapsin2|memapsin-2 beta secretase|memapsin-2,memapsin|2|beta|secretase|beta-secretase|betasecretase|memapsin2|memapsin-2,,"{""parenthetical"": [], ""dropped"": [], ""mutations"": [], ""mutation_classes"": []}",,[],9606,
memapsin 2 beta - secretase ( bace ),CHEMBL4822,P56817,memapsin 2 beta secretase|memapsin 2 beta-secretase|beta-secretase|memapsin 2 betasecretase|betasecretase|memapsin2 beta secretase|memapsin2|memapsin-2 beta secretase|memapsin-2,memapsin 2 beta secretase|memapsin 2 beta-secretase|beta-secretase|memapsin 2 betasecretase|betasecretase|memapsin2 beta secretase|memapsin2|memapsin-2 beta secretase|memapsin-2,memapsin|2|beta|secretase|beta-secretase|betasecretase|memapsin2|memapsin-2,,"{""parenthetical"": [""bace""], ""dropped"": [], ""mutations"": [], ""mutation_classes"": []}",,[],9606,
membrane - associated aspartic protease 2,CHEMBL4822,P56817,membrane associated aspartic protease 2|membrane-associated aspartic protease 2|membrane-associated|membraneassociated aspartic protease 2|membraneassociated|membrane associated aspartic protease2|protease2|membrane associated aspartic protease-2|protease-2,membrane associated aspartic protease 2|membrane-associated aspartic protease 2|membrane-associated|membraneassociated aspartic protease 2|membraneassociated|membrane associated aspartic protease2|protease2|membrane associated aspartic protease-2|protease-2,membrane|associated|aspartic|protease|2|membrane-associated|membraneassociated|protease2|protease-2,,"{""parenthetical"": [], ""dropped"": [], ""mutations"": [], ""mutation_classes"": []}",,[],9606,
mer,CHEMBL5331,Q12866,mer,mer,mer,,"{""parenthetical"": [], ""dropped"": [], ""mutations"": [], ""mutation_classes"": []}",,[],9606,
mer ( 588 855,CHEMBL5331,Q12866,mer ( 588 855,mer ( 588 855,mer|(|588|855,,"{""parenthetical"": [], ""dropped"": [], ""mutations"": [], ""mutation_classes"": []}",,[],9606,
mertk,CHEMBL5331,Q12866,mertk,mertk,mertk,,"{""parenthetical"": [], ""dropped"": [], ""mutations"": [], ""mutation_classes"": []}",,[],9606,
mertk cytoplasmic,CHEMBL5331,Q12866,mertk cytoplasmic,mertk cytoplasmic,mertk|cytoplasmic,,"{""parenthetical"": [], ""dropped"": [], ""mutations"": [], ""mutation_classes"": []}",,[],9606,
met,CHEMBL3717,P08581,met,met,met,,"{""parenthetical"": [], ""dropped"": [], ""mutations"": [], ""mutation_classes"": []}",,[],9606,
met kinase,CHEMBL3717,P08581,met kinase,met kinase,met|kinase,,"{""parenthetical"": [], ""dropped"": [], ""mutations"": [], ""mutation_classes"": []}",,[],9606,
met kinase domain,CHEMBL3717,P08581,met kinase domain,met kinase domain,met|kinase|domain,,"{""parenthetical"": [], ""dropped"": [], ""mutations"": [], ""mutation_classes"": []}",,[],9606,
metabotropic glutamate receptor,CHEMBL3772,Q13255,metabotropic glutamate,metabotropic glutamate receptor,metabotropic|glutamate,oxtr grm1 grm2 grm3 grm4 grm5 grm6 grm7 grm8,"{""parenthetical"": [], ""dropped"": [""receptor""], ""mutations"": [], ""mutation_classes"": []}",,[],9606,
metabotropic glutamate receptor 5,CHEMBL2564,P31424,metabotropic glutamate 5|receptor5|receptor-5,metabotropic glutamate receptor 5|metabotropic glutamate receptor5|receptor5|metabotropic glutamate receptor-5|receptor-5,metabotropic|glutamate|5|receptor5|receptor-5,grm5 oxtr grm1 grm2 grm3 grm4 grm6 grm7 grm8,"{""parenthetical"": [], ""dropped"": [""receptor""], ""mutations"": [], ""mutation_classes"": []}",,[],9606,
metabotropic glutamate receptor 5,CHEMBL3227,P41594,metabotropic glutamate 5|receptor5|receptor-5,metabotropic glutamate receptor 5|metabotropic glutamate receptor5|receptor5|metabotropic glutamate receptor-5|receptor-5,metabotropic|glutamate|5|receptor5|receptor-5,grm5 oxtr grm1 grm2 grm3 grm4 grm6 grm7 grm8,"{""parenthetical"": [], ""dropped"": [""receptor""], ""mutations"": [], ""mutation_classes"": []}",,[],9606,
metalloprotease - 1 ( mmp - 1 ),CHEMBL332,P03956,metalloprotease 1|metalloprotease-1|metalloprotease1,metalloprotease 1|metalloprotease-1|metalloprotease1,metalloprotease|1|metalloprotease-1|metalloprotease1,,"{""parenthetical"": [""mmp - 1""], ""dropped"": [], ""mutations"": [], ""mutation_classes"": []}",,[],9606,
metalloprotease - 13 ( mmp - 13 ),CHEMBL280,P45452,metalloprotease 13|metalloprotease-13|metalloprotease13,metalloprotease 13|metalloprotease-13|metalloprotease13,metalloprotease|13|metalloprotease-13|metalloprotease13,,"{""parenthetical"": [""mmp - 13""], ""dropped"": [], ""mutations"": [], ""mutation_classes"": []}",,[],9606,
metalloprotease - 2 ( mmp - 2 ),CHEMBL333,P08253,metalloprotease 2|metalloprotease-2|metalloprotease2,metalloprotease 2|metalloprotease-2|metalloprotease2,metalloprotease|2|metalloprotease-2|metalloprotease2,,"{""parenthetical"": [""mmp - 2""], ""dropped"": [], ""mutations"": [], ""mutation_classes"": []}",,[],9606,
metalloprotease - 3 ( mmp - 3 ),CHEMBL283,P08254,metalloprotease 3|metalloprotease-3|metalloprotease3,metalloprotease 3|metalloprotease-3|metalloprotease3,metalloprotease|3|metalloprotease-3|metalloprotease3,,"{""parenthetical"": [""mmp - 3""], ""dropped"": [], ""mutations"": [], ""mutation_classes"": []}",,[],9606,
metalloprotease - 9 ( mmp - 9 ),CHEMBL321,P14780,metalloprotease 9|metalloprotease-9|metalloprotease9,metalloprotease 9|metalloprotease-9|metalloprotease9,metalloprotease|9|metalloprotease-9|metalloprotease9,,"{""parenthetical"": [""mmp - 9""], ""dropped"": [], ""mutations"": [], ""mutation_classes"": []}",,[],9606,
metap1,CHEMBL2474,P53582,metap1,metap1,metap1,,"{""parenthetical"": [], ""dropped"": [], ""mutations"": [], ""mutation_classes"": []}",,[],9606,
metap2,CHEMBL3922,P50579,metap2,metap2,metap2,,"{""parenthetical"": [], ""dropped"": [], ""mutations"": [], ""mutation_classes"": []}",,[],9606,
methionine aminopeptidase 2,CHEMBL3922,P50579,methionine aminopeptidase 2|methionine aminopeptidase2|aminopeptidase2|methionine aminopeptidase-2|aminopeptidase-2,methionine aminopeptidase 2|methionine aminopeptidase2|aminopeptidase2|methionine aminopeptidase-2|aminopeptidase-2,methionine|aminopeptidase|2|aminopeptidase2|aminopeptidase-2,,"{""parenthetical"": [], ""dropped"": [], ""mutations"": [], ""mutation_classes"": []}",,[],9606,
mgat2,CHEMBL2321630,Q10469,mgat2,mgat2,mgat2,,"{""parenthetical"": [], ""dropped"": [], ""mutations"": [], ""mutation_classes"": []}",,[],9606,
mgl,CHEMBL4191,Q99685,mgl,mgl,mgl,,"{""parenthetical"": [], ""dropped"": [], ""mutations"": [], ""mutation_classes"": []}",,[],9606,
mglu1 receptor,CHEMBL3772,Q13255,mglu1,mglu1 receptor,mglu1,grm1,"{""parenthetical"": [], ""dropped"": [""receptor""], ""mutations"": [], ""mutation_classes"": []}",,[],9606,
mglu2,CHEMBL5137,Q14416,mglu2,mglu2,mglu2,grm2,"{""parenthetical"": [], ""dropped"": [], ""mutations"": [], ""mutation_classes"": []}",,[],9606,
mglu2 receptor,CHEMBL5137,Q14416,mglu2,mglu2 receptor,mglu2,grm2,"{""parenthetical"": [], ""dropped"": [""receptor""], ""mutations"": [], ""mutation_classes"": []}",,[],9606,
mglu3,CHEMBL2888,Q14832,mglu3,mglu3,mglu3,grm3,"{""parenthetical"": [], ""dropped"": [], ""mutations"": [], ""mutation_classes"": []}",,[],9606,
mglu3 receptor,CHEMBL3067,P31422,mglu3,mglu3 receptor,mglu3,grm3,"{""parenthetical"": [], ""dropped"": [""receptor""], ""mutations"": [], ""mutation_classes"": []}",,[],9606,
mglu3 receptor,CHEMBL2888,Q14832,mglu3,mglu3 receptor,mglu3,grm3,"{""parenthetical"": [], ""dropped"": [""receptor""], ""mutations"": [], ""mutation_classes"": []}",,[],9606,
mglu3r,CHEMBL3067,P31422,mglu3r,mglu3r,mglu3r,,"{""parenthetical"": [], ""dropped"": [], ""mutations"": [], ""mutation_classes"": []}",,[],9606,
mglu5,CHEMBL2564,P31424,mglu5,mglu5,mglu5,,"{""parenthetical"": [], ""dropped"": [], ""mutations"": [], ""mutation_classes"": []}",,[],9606,
mglu5,CHEMBL3227,P41594,mglu5,mglu5,mglu5,,"{""parenthetical"": [], ""dropped"": [], ""mutations"": [], ""mutation_classes"": []}",,[],9606,
mglu5 ),CHEMBL3227,P41594,mglu5 ),mglu5 ),mglu5|),,"{""parenthetical"": [], ""dropped"": [], ""mutations"": [], ""mutation_classes"": []}",,[],9606,
mglu5 receptor,CHEMBL2564,P31424,mglu5,mglu5 receptor,mglu5,grm5,"{""parenthetical"": [], ""dropped"": [""receptor""], ""mutations"": [], ""mutation_classes"": []}",,[],9606,
mglu5 receptor,CHEMBL3227,P41594,mglu5,mglu5 receptor,mglu5,grm5,"{""parenthetical"": [], ""dropped"": [""receptor""], ""mutations"": [], ""mutation_classes"": []}",,[],9606,
mglu5a receptor,CHEMBL3227,P41594,mglu5a,mglu5a receptor,mglu5a,grm5,"{""parenthetical"": [], ""dropped"": [""receptor""], ""mutations"": [], ""mutation_classes"": []}",,[],9606,
mglu7 receptor,CHEMBL3879,P35400,mglu7,mglu7 receptor,mglu7,grm7,"{""parenthetical"": [], ""dropped"": [""receptor""], ""mutations"": [], ""mutation_classes"": []}",,[],9606,
mglur1,CHEMBL4477,P23385,mglur1,mglur1,mglur1,grm1,"{""parenthetical"": [], ""dropped"": [], ""mutations"": [], ""mutation_classes"": []}",,[],9606,
mglur1,CHEMBL3772,Q13255,mglur1,mglur1,mglur1,grm1,"{""parenthetical"": [], ""dropped"": [], ""mutations"": [], ""mutation_classes"": []}",,[],9606,
mglur1a,CHEMBL3772,Q13255,mglur1a,mglur1a,mglur1a,grm1,"{""parenthetical"": [], ""dropped"": [], ""mutations"": [], ""mutation_classes"": []}",,[],9606,
mglur2,CHEMBL2851,P31421,mglur2,mglur2,mglur2,grm2,"{""parenthetical"": [], ""dropped"": [], ""mutations"": [], ""mutation_classes"": []}",,[],9606,
mglur2 receptor,CHEMBL2851,P31421,mglur2,mglur2 receptor,mglur2,grm2,"{""parenthetical"": [], ""dropped"": [""receptor""], ""mutations"": [], ""mutation_classes"": []}",,[],9606,
mglur2 receptor,CHEMBL5137,Q14416,mglur2,mglur2 receptor,mglur2,grm2,"{""parenthetical"": [], ""dropped"": [""receptor""], ""mutations"": [], ""mutation_classes"": []}",,[],9606,
mglur3,CHEMBL3067,P31422,mglur3,mglur3,mglur3,grm3,"{""parenthetical"": [], ""dropped"": [], ""mutations"": [], ""mutation_classes"": []}",,[],9606,
mglur3 receptor,CHEMBL3067,P31422,mglur3,mglur3 receptor,mglur3,grm3,"{""parenthetical"": [], ""dropped"": [""receptor""], ""mutations"": [], ""mutation_classes"": []}",,[],9606,
mglur5,CHEMBL2564,P31424,mglur5,mglur5,mglur5,grm5,"{""parenthetical"": [], ""dropped"": [], ""mutations"": [], ""mutation_classes"": []}",,[],9606,
mglur5,CHEMBL3227,P41594,mglur5,mglur5,mglur5,grm5,"{""parenthetical"": [], ""dropped"": [], ""mutations"": [], ""mutation_classes"": []}",,[],9606,
mglur5 receptor,CHEMBL2564,P31424,mglur5,mglur5 receptor,mglur5,grm5,"{""parenthetical"": [], ""dropped"": [""receptor""], ""mutations"": [], ""mutation_classes"": []}",,[],9606,
mglur5 receptor,CHEMBL3227,P41594,mglur5,mglur5 receptor,mglur5,grm5,"{""parenthetical"": [], ""dropped"": [""receptor""], ""mutations"": [], ""mutation_classes"": []}",,[],9606,
mglur5 star domain,CHEMBL3227,P41594,mglur5 star domain,mglur5 star domain,mglur5|star|domain,grm5,"{""parenthetical"": [], ""dropped"": [], ""mutations"": [], ""mutation_classes"": []}",,[],9606,
mglur5a,CHEMBL3227,P41594,mglur5a,mglur5a,mglur5a,grm5,"{""parenthetical"": [], ""dropped"": [], ""mutations"": [], ""mutation_classes"": []}",,[],9606,
mglur7,CHEMBL3879,P35400,mglur7,mglur7,mglur7,grm7,"{""parenthetical"": [], ""dropped"": [], ""mutations"": [], ""mutation_classes"": []}",,[],9606,
mgmt,CHEMBL2864,P16455,mgmt,mgmt,mgmt,,"{""parenthetical"": [], ""dropped"": [], ""mutations"": [], ""mutation_classes"": []}",,[],9606,
microplasmin,CHEMBL1801,P00747,microplasmin,microplasmin,microplasmin,,"{""parenthetical"": [], ""dropped"": [], ""mutations"": [], ""mutation_classes"": []}",,[],9606,
microsomal neural aminopeptidase,CHEMBL2590,P15145,microsomal neural aminopeptidase,microsomal neural aminopeptidase,microsomal|neural|aminopeptidase,,"{""parenthetical"": [], ""dropped"": [], ""mutations"": [], ""mutation_classes"": []}",,[],9606,
microsomal steroid sulfatase,CHEMBL3559,P08842,microsomal steroid sulfatase,microsomal steroid sulfatase,microsomal|steroid|sulfatase,,"{""parenthetical"": [], ""dropped"": [], ""mutations"": [], ""mutation_classes"": []}",,[],9606,
mif,CHEMBL2085,P14174,mif,mif,mif,,"{""parenthetical"": [], ""dropped"": [], ""mutations"": [], ""mutation_classes"": []}",,[],9606,
mif receptor,CHEMBL2085,P14174,mif,mif receptor,mif,,"{""parenthetical"": [], ""dropped"": [""receptor""], ""mutations"": [], ""mutation_classes"": []}",,[],9606,
mif tautomerase,CHEMBL2085,P14174,mif tautomerase,mif tautomerase,mif|tautomerase,,"{""parenthetical"": [], ""dropped"": [], ""mutations"": [], ""mutation_classes"": []}",,[],9606,
mineralocorticoid receptor,CHEMBL1994,P08235,mineralocorticoid,mineralocorticoid receptor,mineralocorticoid,,"{""parenthetical"": [], ""dropped"": [""receptor""], ""mutations"": [], ""mutation_classes"": []}",,[],9606,
mineralocorticoid receptor - lbd,CHEMBL1994,P08235,mineralocorticoid lbd|receptor-lbd|receptorlbd,mineralocorticoid receptor lbd|mineralocorticoid receptor-lbd|receptor-lbd|mineralocorticoid receptorlbd|receptorlbd,mineralocorticoid|lbd|receptor-lbd|receptorlbd,,"{""parenthetical"": [], ""dropped"": [""receptor""], ""mutations"": [], ""mutation_classes"": []}",,[],9606,
mineralocorticoid receptor ( hmr ),CHEMBL1994,P08235,mineralocorticoid hmr|hmr,mineralocorticoid receptor hmr|hmr,mineralocorticoid|hmr,,"{""parenthetical"": [""hmr""], ""dropped"": [""receptor""], ""mutations"": [], ""mutation_classes"": []}",,[],9606,
mineralocorticoid receptor lbd,CHEMBL1994,P08235,mineralocorticoid lbd,mineralocorticoid receptor lbd,mineralocorticoid|lbd,,"{""parenthetical"": [], ""dropped"": [""receptor""], ""mutations"": [], ""mutation_classes"": []}",,[],9606,
mink1,CHEMBL5518,Q8N4C8,mink1,mink1,mink1,,"{""parenthetical"": [], ""dropped"": [], ""mutations"": [], ""mutation_classes"": []}",,[],9606,
mitochondrail isozyme ca va,CHEMBL4789,P35218,mitochondrail isozyme ca va,mitochondrail isozyme ca va,mitochondrail|isozyme|ca|va,,"{""parenthetical"": [], ""dropped"": [], ""mutations"": [], ""mutation_classes"": []}",,[],9606,
mitochondrail isozyme ca vb,CHEMBL3969,Q9Y2D0,mitochondrail isozyme ca vb,mitochondrail isozyme ca vb,mitochondrail|isozyme|ca|vb,,"{""parenthetical"": [], ""dropped"": [], ""mutations"": [], ""mutation_classes"": []}",,[],9606,
mitogen - activated protein kinase 11 ( p38 beta ),CHEMBL3961,Q15759,mitogen activated kinase 11|mitogen-activated kinase 11|mitogen-activated|mitogenactivated kinase 11|mitogenactivated|mitogen activated kinase11|kinase11|mitogen activated kinase-11|kinase-11,mitogen activated protein kinase 11|mitogen-activated protein kinase 11|mitogen-activated|mitogenactivated protein kinase 11|mitogenactivated|mitogen activated protein kinase11|kinase11|mitogen activated protein kinase-11|kinase-11,mitogen|activated|kinase|11|mitogen-activated|mitogenactivated|kinase11|kinase-11,,"{""parenthetical"": [""p38 beta""], ""dropped"": [""protein""], ""mutations"": [], ""mutation_classes"": []}",,[],9606,
mitogen - activated protein kinase 14 ( p38 alpha ),CHEMBL260,Q16539,mitogen activated kinase 14|mitogen-activated kinase 14|mitogen-activated|mitogenactivated kinase 14|mitogenactivated|mitogen activated kinase14|kinase14|mitogen activated kinase-14|kinase-14,mitogen activated protein kinase 14|mitogen-activated protein kinase 14|mitogen-activated|mitogenactivated protein kinase 14|mitogenactivated|mitogen activated protein kinase14|kinase14|mitogen activated protein kinase-14|kinase-14,mitogen|activated|kinase|14|mitogen-activated|mitogenactivated|kinase14|kinase-14,,"{""parenthetical"": [""p38 alpha""], ""dropped"": [""protein""], ""mutations"": [], ""mutation_classes"": []}",,[],9606,
mitogen activated protein kinase p38,CHEMBL260,Q16539,mitogen activated kinase p38,mitogen activated protein kinase p38,mitogen|activated|kinase|p38,,"{""parenthetical"": [], ""dropped"": [""protein""], ""mutations"": [], ""mutation_classes"": []}",,[],9606,
mk2,CHEMBL2208,P49137,mk2,mk2,mk2,,"{""parenthetical"": [], ""dropped"": [], ""mutations"": [], ""mutation_classes"": []}",,[],9606,
mk2 ( 41 - 364 ),CHEMBL2208,P49137,mk2,mk2,mk2,,"{""parenthetical"": [""41 - 364""], ""dropped"": [], ""mutations"": [], ""mutation_classes"": []}",,[],9606,
mk5,CHEMBL3094,Q8IW41,mk5,mk5,mk5,,"{""parenthetical"": [], ""dropped"": [], ""mutations"": [], ""mutation_classes"": []}",,[],9606,
mkk4,CHEMBL2897,P45985,mkk4,mkk4,mkk4,,"{""parenthetical"": [], ""dropped"": [], ""mutations"": [], ""mutation_classes"": []}",,[],9606,
mkk6,CHEMBL2171,P52564,mkk6,mkk6,mkk6,,"{""parenthetical"": [], ""dropped"": [], ""mutations"": [], ""mutation_classes"": []}",,[],9606,
mkk7,CHEMBL3530,O14733,mkk7,mkk7,mkk7,,"{""parenthetical"": [], ""dropped"": [], ""mutations"": [], ""mutation_classes"": []}",,[],9606,
mkn1,CHEMBL4718,Q9BUB5,mkn1,mkn1,mkn1,,"{""parenthetical"": [], ""dropped"": [], ""mutations"": [], ""mutation_classes"": []}",,[],9606,
mkn2,CHEMBL4204,Q9HBH9,mkn2,mkn2,mkn2,,"{""parenthetical"": [], ""dropped"": [], ""mutations"": [], ""mutation_classes"": []}",,[],9606,
ml1a receptor,CHEMBL1945,P48039,ml1a,ml1a receptor,ml1a,mt1 mtnr1a,"{""parenthetical"": [], ""dropped"": [""receptor""], ""mutations"": [], ""mutation_classes"": []}",,[],9606,
mlck,CHEMBL2428,Q15746,mlck,mlck,mlck,,"{""parenthetical"": [], ""dropped"": [], ""mutations"": [], ""mutation_classes"": []}",,[],9606,
mlck2,CHEMBL2777,Q9H1R3,mlck2,mlck2,mlck2,,"{""parenthetical"": [], ""dropped"": [], ""mutations"": [], ""mutation_classes"": []}",,[],9606,
mlk1,CHEMBL2872,P80192,mlk1,mlk1,mlk1,,"{""parenthetical"": [], ""dropped"": [], ""mutations"": [], ""mutation_classes"": []}",,[],9606,
mlk2,CHEMBL2873,Q02779,mlk2,mlk2,mlk2,,"{""parenthetical"": [], ""dropped"": [], ""mutations"": [], ""mutation_classes"": []}",,[],9606,
mlk2 kd / lz,CHEMBL2873,Q02779,mlk2 kd lz,mlk2 kd lz,mlk2|kd|lz,,"{""parenthetical"": [], ""dropped"": [], ""mutations"": [], ""mutation_classes"": []}",,[],9606,
mlk3,CHEMBL2708,Q16584,mlk3,mlk3,mlk3,,"{""parenthetical"": [], ""dropped"": [], ""mutations"": [], ""mutation_classes"": []}",,[],9606,
mlk4,CHEMBL3627584,Q5TCX8,mlk4,mlk4,mlk4,,"{""parenthetical"": [], ""dropped"": [], ""mutations"": [], ""mutation_classes"": []}",,[],9606,
mll1,CHEMBL1293299,Q03164,mll1,mll1,mll1,,"{""parenthetical"": [], ""dropped"": [], ""mutations"": [], ""mutation_classes"": []}",,[],9606,
mmp - 1,CHEMBL332,P03956,mmp 1|mmp-1|mmp1,mmp 1|mmp-1|mmp1,mmp|1|mmp-1|mmp1,,"{""parenthetical"": [], ""dropped"": [], ""mutations"": [], ""mutation_classes"": []}",,[],9606,
mmp - 1 ),CHEMBL332,P03956,mmp 1 )|mmp-1 )|mmp-1|mmp1 )|mmp1,mmp 1 )|mmp-1 )|mmp-1|mmp1 )|mmp1,mmp|1|)|mmp-1|mmp1,,"{""parenthetical"": [], ""dropped"": [], ""mutations"": [], ""mutation_classes"": []}",,[],9606,
mmp - 1 ) .,CHEMBL332,P03956,mmp 1 )|mmp-1 )|mmp-1|mmp1 )|mmp1,mmp 1 )|mmp-1 )|mmp-1|mmp1 )|mmp1,mmp|1|)|mmp-1|mmp1,,"{""parenthetical"": [], ""dropped"": [], ""mutations"": [], ""mutation_classes"": []}",,[],9606,
mmp - 10,CHEMBL4270,P09238,mmp 10|mmp-10|mmp10,mmp 10|mmp-10|mmp10,mmp|10|mmp-10|mmp10,,"{""parenthetical"": [], ""dropped"": [], ""mutations"": [], ""mutation_classes"": []}",,[],9606,
mmp - 12,CHEMBL4393,P39900,mmp 12|mmp-12|mmp12,mmp 12|mmp-12|mmp12,mmp|12|mmp-12|mmp12,,"{""parenthetical"": [], ""dropped"": [], ""mutations"": [], ""mutation_classes"": []}",,[],9606,
mmp - 13,CHEMBL280,P45452,mmp 13|mmp-13|mmp13,mmp 13|mmp-13|mmp13,mmp|13|mmp-13|mmp13,,"{""parenthetical"": [], ""dropped"": [], ""mutations"": [], ""mutation_classes"": []}",,[],9606,
mmp - 13 ),CHEMBL280,P45452,mmp 13 )|mmp-13 )|mmp-13|mmp13 )|mmp13,mmp 13 )|mmp-13 )|mmp-13|mmp13 )|mmp13,mmp|13|)|mmp-13|mmp13,,"{""parenthetical"": [], ""dropped"": [], ""mutations"": [], ""mutation_classes"": []}",,[],9606,
mmp - 13 ) .,CHEMBL280,P45452,mmp 13 )|mmp-13 )|mmp-13|mmp13 )|mmp13,mmp 13 )|mmp-13 )|mmp-13|mmp13 )|mmp13,mmp|13|)|mmp-13|mmp13,,"{""parenthetical"": [], ""dropped"": [], ""mutations"": [], ""mutation_classes"": []}",,[],9606,
mmp - 14,CHEMBL3869,P50281,mmp 14|mmp-14|mmp14,mmp 14|mmp-14|mmp14,mmp|14|mmp-14|mmp14,,"{""parenthetical"": [], ""dropped"": [], ""mutations"": [], ""mutation_classes"": []}",,[],9606,
mmp - 2,CHEMBL333,P08253,mmp 2|mmp-2|mmp2,mmp 2|mmp-2|mmp2,mmp|2|mmp-2|mmp2,,"{""parenthetical"": [], ""dropped"": [], ""mutations"": [], ""mutation_classes"": []}",,[],9606,
mmp - 2 ),CHEMBL333,P08253,mmp 2 )|mmp-2 )|mmp-2|mmp2 )|mmp2,mmp 2 )|mmp-2 )|mmp-2|mmp2 )|mmp2,mmp|2|)|mmp-2|mmp2,,"{""parenthetical"": [], ""dropped"": [], ""mutations"": [], ""mutation_classes"": []}",,[],9606,
mmp - 2 ) .,CHEMBL333,P08253,mmp 2 )|mmp-2 )|mmp-2|mmp2 )|mmp2,mmp 2 )|mmp-2 )|mmp-2|mmp2 )|mmp2,mmp|2|)|mmp-2|mmp2,,"{""parenthetical"": [], ""dropped"": [], ""mutations"": [], ""mutation_classes"": []}",,[],9606,
mmp - 3,CHEMBL283,P08254,mmp 3|mmp-3|mmp3,mmp 3|mmp-3|mmp3,mmp|3|mmp-3|mmp3,,"{""parenthetical"": [], ""dropped"": [], ""mutations"": [], ""mutation_classes"": []}",,[],9606,
mmp - 3 ),CHEMBL283,P08254,mmp 3 )|mmp-3 )|mmp-3|mmp3 )|mmp3,mmp 3 )|mmp-3 )|mmp-3|mmp3 )|mmp3,mmp|3|)|mmp-3|mmp3,,"{""parenthetical"": [], ""dropped"": [], ""mutations"": [], ""mutation_classes"": []}",,[],9606,
mmp - 3 ) .,CHEMBL283,P08254,mmp 3 )|mmp-3 )|mmp-3|mmp3 )|mmp3,mmp 3 )|mmp-3 )|mmp-3|mmp3 )|mmp3,mmp|3|)|mmp-3|mmp3,,"{""parenthetical"": [], ""dropped"": [], ""mutations"": [], ""mutation_classes"": []}",,[],9606,
mmp - 3 .,CHEMBL283,P08254,mmp 3|mmp-3|mmp3,mmp 3|mmp-3|mmp3,mmp|3|mmp-3|mmp3,,"{""parenthetical"": [], ""dropped"": [], ""mutations"": [], ""mutation_classes"": []}",,[],9606,
mmp - 8,CHEMBL4588,P22894,mmp 8|mmp-8|mmp8,mmp 8|mmp-8|mmp8,mmp|8|mmp-8|mmp8,,"{""parenthetical"": [], ""dropped"": [], ""mutations"": [], ""mutation_classes"": []}",,[],9606,
mmp - 9,CHEMBL321,P14780,mmp 9|mmp-9|mmp9,mmp 9|mmp-9|mmp9,mmp|9|mmp-9|mmp9,,"{""parenthetical"": [], ""dropped"": [], ""mutations"": [], ""mutation_classes"": []}",,[],9606,
mmp - 9 ),CHEMBL321,P14780,mmp 9 )|mmp-9 )|mmp-9|mmp9 )|mmp9,mmp 9 )|mmp-9 )|mmp-9|mmp9 )|mmp9,mmp|9|)|mmp-9|mmp9,,"{""parenthetical"": [], ""dropped"": [], ""mutations"": [], ""mutation_classes"": []}",,[],9606,
mmp - 9 ) .,CHEMBL321,P14780,mmp 9 )|mmp-9 )|mmp-9|mmp9 )|mmp9,mmp 9 )|mmp-9 )|mmp-9|mmp9 )|mmp9,mmp|9|)|mmp-9|mmp9,,"{""parenthetical"": [], ""dropped"": [], ""mutations"": [], ""mutation_classes"": []}",,[],9606,
mmp1,CHEMBL332,P03956,mmp1,mmp1,mmp1,,"{""parenthetical"": [], ""dropped"": [], ""mutations"": [], ""mutation_classes"": []}",,[],9606,
mmp1 ),CHEMBL332,P03956,mmp1 ),mmp1 ),mmp1|),,"{""parenthetical"": [], ""dropped"": [], ""mutations"": [], ""mutation_classes"": []}",,[],9606,
mmp12,CHEMBL4393,P39900,mmp12,mmp12,mmp12,,"{""parenthetical"": [], ""dropped"": [], ""mutations"": [], ""mutation_classes"": []}",,[],9606,
mmp13,CHEMBL280,P45452,mmp13,mmp13,mmp13,,"{""parenthetical"": [], ""dropped"": [], ""mutations"": [], ""mutation_classes"": []}",,[],9606,
mmp14,CHEMBL3869,P50281,mmp14,mmp14,mmp14,,"{""parenthetical"": [], ""dropped"": [], ""mutations"": [], ""mutation_classes"": []}",,[],9606,
mmp2,CHEMBL333,P08253,mmp2,mmp2,mmp2,,"{""parenthetical"": [], ""dropped"": [], ""mutations"": [], ""mutation_classes"": []}",,[],9606,
mmp3,CHEMBL283,P08254,mmp3,mmp3,mmp3,,"{""parenthetical"": [], ""dropped"": [], ""mutations"": [], ""mutation_classes"": []}",,[],9606,
mmp7,CHEMBL4073,P09237,mmp7,mmp7,mmp7,,"{""parenthetical"": [], ""dropped"": [], ""mutations"": [], ""mutation_classes"": []}",,[],9606,
mmp8,CHEMBL4588,P22894,mmp8,mmp8,mmp8,,"{""parenthetical"": [], ""dropped"": [], ""mutations"": [], ""mutation_classes"": []}",,[],9606,
mmp9,CHEMBL321,P14780,mmp9,mmp9,mmp9,,"{""parenthetical"": [], ""dropped"": [], ""mutations"": [], ""mutation_classes"": []}",,[],9606,
mnk1,CHEMBL4718,Q9BUB5,mnk1,mnk1,mnk1,,"{""parenthetical"": [], ""dropped"": [], ""mutations"": [], ""mutation_classes"": []}",,[],9606,
mnk1 kinase,CHEMBL4718,Q9BUB5,mnk1 kinase,mnk1 kinase,mnk1|kinase,,"{""parenthetical"": [], ""dropped"": [], ""mutations"": [], ""mutation_classes"": []}",,[],9606,
mnk2,CHEMBL4204,Q9HBH9,mnk2,mnk2,mnk2,,"{""parenthetical"": [], ""dropped"": [], ""mutations"": [], ""mutation_classes"": []}",,[],9606,
mnk2 kinase domain,CHEMBL4204,Q9HBH9,mnk2 kinase domain,mnk2 kinase domain,mnk2|kinase|domain,,"{""parenthetical"": [], ""dropped"": [], ""mutations"": [], ""mutation_classes"": []}",,[],9606,
mof,CHEMBL1932912,Q9H7Z6,mof,mof,mof,,"{""parenthetical"": [], ""dropped"": [], ""mutations"": [], ""mutation_classes"": []}",,[],9606,
monoamine oxidase - a,CHEMBL1951,P21397,monoamine oxidase a|monoamine oxidase-a|oxidase-a|monoamine oxidasea|oxidasea,monoamine oxidase a|monoamine oxidase-a|oxidase-a|monoamine oxidasea|oxidasea,monoamine|oxidase|a|oxidase-a|oxidasea,,"{""parenthetical"": [], ""dropped"": [], ""mutations"": [], ""mutation_classes"": []}",,[],9606,
monoamine oxidase - b,CHEMBL2039,P27338,monoamine oxidase b|monoamine oxidase-b|oxidase-b|monoamine oxidaseb|oxidaseb,monoamine oxidase b|monoamine oxidase-b|oxidase-b|monoamine oxidaseb|oxidaseb,monoamine|oxidase|b|oxidase-b|oxidaseb,,"{""parenthetical"": [], ""dropped"": [], ""mutations"": [], ""mutation_classes"": []}",,[],9606,
monoamine oxidase a,CHEMBL3358,P21396,monoamine oxidase a,monoamine oxidase a,monoamine|oxidase|a,,"{""parenthetical"": [], ""dropped"": [], ""mutations"": [], ""mutation_classes"": []}",,[],9606,
monoamine oxidase a,CHEMBL1951,P21397,monoamine oxidase a,monoamine oxidase a,monoamine|oxidase|a,,"{""parenthetical"": [], ""dropped"": [], ""mutations"": [], ""mutation_classes"": []}",,[],9606,
monocytes,CHEMBL4015,P41597,monocytes,monocytes,monocytes,,"{""parenthetical"": [], ""dropped"": [], ""mutations"": [], ""mutation_classes"": []}",,[],9606,
mor,CHEMBL233,P35372,mor,mor,mor,,"{""parenthetical"": [], ""dropped"": [], ""mutations"": [], ""mutation_classes"": []}",,[],9606,
mor,CHEMBL4354,P97266,mor,mor,mor,,"{""parenthetical"": [], ""dropped"": [], ""mutations"": [], ""mutation_classes"": []}",,[],9606,
mpges - 1,CHEMBL5658,O14684,mpges 1|mpges-1|mpges1,mpges 1|mpges-1|mpges1,mpges|1|mpges-1|mpges1,,"{""parenthetical"": [], ""dropped"": [], ""mutations"": [], ""mutation_classes"": []}",,[],9606,
mpges1,CHEMBL5658,O14684,mpges1,mpges1,mpges1,,"{""parenthetical"": [], ""dropped"": [], ""mutations"": [], ""mutation_classes"": []}",,[],9606,
mpo,CHEMBL2439,P05164,mpo,mpo,mpo,,"{""parenthetical"": [], ""dropped"": [], ""mutations"": [], ""mutation_classes"": []}",,[],9606,
mpo peroxidase,CHEMBL2439,P05164,mpo peroxidase,mpo peroxidase,mpo|peroxidase,,"{""parenthetical"": [], ""dropped"": [], ""mutations"": [], ""mutation_classes"": []}",,[],9606,
mps1,CHEMBL3983,P33981,mps1,mps1,mps1,,"{""parenthetical"": [], ""dropped"": [], ""mutations"": [], ""mutation_classes"": []}",,[],9606,
mps1 / ttk,CHEMBL3983,P33981,mps1 ttk,mps1 ttk,mps1|ttk,,"{""parenthetical"": [], ""dropped"": [], ""mutations"": [], ""mutation_classes"": []}",,[],9606,
mps1 kinase,CHEMBL3983,P33981,mps1 kinase,mps1 kinase,mps1|kinase,,"{""parenthetical"": [], ""dropped"": [], ""mutations"": [], ""mutation_classes"": []}",,[],9606,
mr,CHEMBL1994,P08235,mr,mr,mr,,"{""parenthetical"": [], ""dropped"": [], ""mutations"": [], ""mutation_classes"": []}",,[],9606,
mr lbd,CHEMBL1994,P08235,mr lbd,mr lbd,mr|lbd,,"{""parenthetical"": [], ""dropped"": [], ""mutations"": [], ""mutation_classes"": []}",,[],9606,
mr lbd domain,CHEMBL1994,P08235,mr lbd domain,mr lbd domain,mr|lbd|domain,,"{""parenthetical"": [], ""dropped"": [], ""mutations"": [], ""mutation_classes"": []}",,[],9606,
mr ligand,CHEMBL1994,P08235,mr ligand,mr ligand,mr|ligand,,"{""parenthetical"": [], ""dropped"": [], ""mutations"": [], ""mutation_classes"": []}",,[],9606,
mr ligand binding domain,CHEMBL1994,P08235,mr ligand binding domain,mr ligand binding domain,mr|ligand|binding|domain,,"{""parenthetical"": [], ""dropped"": [], ""mutations"": [], ""mutation_classes"": []}",,[],9606,
mr ligand domain,CHEMBL1994,P08235,mr ligand domain,mr ligand domain,mr|ligand|domain,,"{""parenthetical"": [], ""dropped"": [], ""mutations"": [], ""mutation_classes"": []}",,[],9606,
mrckalpha,CHEMBL4516,Q5VT25,mrckalpha,mrckalpha,mrckalpha,,"{""parenthetical"": [], ""dropped"": [], ""mutations"": [], ""mutation_classes"": []}",,[],9606,
mrckbeta,CHEMBL5052,Q9Y5S2,mrckbeta,mrckbeta,mrckbeta,,"{""parenthetical"": [], ""dropped"": [], ""mutations"": [], ""mutation_classes"": []}",,[],9606,
mrgx1,CHEMBL5850,Q96LB2,mrgx1,mrgx1,mrgx1,,"{""parenthetical"": [], ""dropped"": [], ""mutations"": [], ""mutation_classes"": []}",,[],9606,
mrp1,CHEMBL3004,P33527,mrp1,mrp1,mrp1,,"{""parenthetical"": [], ""dropped"": [], ""mutations"": [], ""mutation_classes"": []}",,[],9606,
msk - 1,CHEMBL4237,O75582,msk 1|msk-1|msk1,msk 1|msk-1|msk1,msk|1|msk-1|msk1,,"{""parenthetical"": [], ""dropped"": [], ""mutations"": [], ""mutation_classes"": []}",,[],9606,
msk1,CHEMBL4237,O75582,msk1,msk1,msk1,,"{""parenthetical"": [], ""dropped"": [], ""mutations"": [], ""mutation_classes"": []}",,[],9606,
msk2,CHEMBL3125,O75676,msk2,msk2,msk2,,"{""parenthetical"": [], ""dropped"": [], ""mutations"": [], ""mutation_classes"": []}",,[],9606,
mssk1,CHEMBL5415,Q9UPE1,mssk1,mssk1,mssk1,,"{""parenthetical"": [], ""dropped"": [], ""mutations"": [], ""mutation_classes"": []}",,[],9606,
mst1,CHEMBL4598,Q13043,mst1,mst1,mst1,,"{""parenthetical"": [], ""dropped"": [], ""mutations"": [], ""mutation_classes"": []}",,[],9606,
mst2,CHEMBL4708,Q13188,mst2,mst2,mst2,,"{""parenthetical"": [], ""dropped"": [], ""mutations"": [], ""mutation_classes"": []}",,[],9606,
mst3,CHEMBL5082,Q9Y6E0,mst3,mst3,mst3,,"{""parenthetical"": [], ""dropped"": [], ""mutations"": [], ""mutation_classes"": []}",,[],9606,
mst4,CHEMBL5941,Q9P289,mst4,mst4,mst4,,"{""parenthetical"": [], ""dropped"": [], ""mutations"": [], ""mutation_classes"": []}",,[],9606,
mt1,CHEMBL1945,P48039,mt1,mt1,mt1,mt1 mtnr1a,"{""parenthetical"": [], ""dropped"": [], ""mutations"": [], ""mutation_classes"": []}",,[],9606,
mt1 receptor,CHEMBL1945,P48039,mt1,mt1 receptor,mt1,mt1 mtnr1a,"{""parenthetical"": [], ""dropped"": [""receptor""], ""mutations"": [], ""mutation_classes"": []}",,[],9606,
mt1a receptor,CHEMBL1945,P48039,mt1a,mt1a receptor,mt1a,mt1 mtnr1a,"{""parenthetical"": [], ""dropped"": [""receptor""], ""mutations"": [], ""mutation_classes"": []}",,[],9606,
mt2,CHEMBL1946,P49286,mt2,mt2,mt2,mt2 mtnr1b,"{""parenthetical"": [], ""dropped"": [], ""mutations"": [], ""mutation_classes"": []}",,[],9606,
mt2 receptor,CHEMBL1946,P49286,mt2,mt2 receptor,mt2,mt2 mtnr1b,"{""parenthetical"": [], ""dropped"": [""receptor""], ""mutations"": [], ""mutation_classes"": []}",,[],9606,
mtap,CHEMBL4941,Q13126,mtap,mtap,mtap,,"{""parenthetical"": [], ""dropped"": [], ""mutations"": [], ""mutation_classes"": []}",,[],9606,
mth1,CHEMBL3708265,P36639,mth1,mth1,mth1,,"{""parenthetical"": [], ""dropped"": [], ""mutations"": [], ""mutation_classes"": []}",,[],9606,
mtor,CHEMBL2842,P42345,mtor,mtor,mtor,,"{""parenthetical"": [], ""dropped"": [], ""mutations"": [], ""mutation_classes"": []}",,[],9606,
mtor / frap1,CHEMBL2842,P42345,mtor frap1,mtor frap1,mtor|frap1,,"{""parenthetical"": [], ""dropped"": [], ""mutations"": [], ""mutation_classes"": []}",,[],9606,
mtor kinase,CHEMBL2842,P42345,mtor kinase,mtor kinase,mtor|kinase,,"{""parenthetical"": [], ""dropped"": [], ""mutations"": [], ""mutation_classes"": []}",,[],9606,
mtor protein,CHEMBL2842,P42345,mtor,mtor protein,mtor,,"{""parenthetical"": [], ""dropped"": [""protein""], ""mutations"": [], ""mutation_classes"": []}",,[],9606,
mtp,CHEMBL2569,P55157,mtp,mtp,mtp,,"{""parenthetical"": [], ""dropped"": [], ""mutations"": [], ""mutation_classes"": []}",,[],9606,
mu - calpain,CHEMBL3891,P07384,mu calpain|mu-calpain|mucalpain,mu calpain|mu-calpain|mucalpain,mu|calpain|mu-calpain|mucalpain,,"{""parenthetical"": [], ""dropped"": [], ""mutations"": [], ""mutation_classes"": []}",,[],9606,
mu - opioid receptor,CHEMBL233,P35372,mu opioid|mu-opioid|muopioid,mu opioid receptor|mu-opioid receptor|mu-opioid|muopioid receptor|muopioid,mu|opioid|mu-opioid|muopioid,mor oprm1 oprk1 oprd1 oprl1,"{""parenthetical"": [], ""dropped"": [""receptor""], ""mutations"": [], ""mutation_classes"": []}",,[],9606,
mu - opioid receptor,CHEMBL3952,P41144,mu opioid|mu-opioid|muopioid,mu opioid receptor|mu-opioid receptor|mu-opioid|muopioid receptor|muopioid,mu|opioid|mu-opioid|muopioid,mor oprm1 oprk1 oprd1 oprl1,"{""parenthetical"": [], ""dropped"": [""receptor""], ""mutations"": [], ""mutation_classes"": []}",,[],9606,
mu - opioid receptor,CHEMBL4354,P97266,mu opioid|mu-opioid|muopioid,mu opioid receptor|mu-opioid receptor|mu-opioid|muopioid receptor|muopioid,mu|opioid|mu-opioid|muopioid,mor oprm1 oprk1 oprd1 oprl1,"{""parenthetical"": [], ""dropped"": [""receptor""], ""mutations"": [], ""mutation_classes"": []}",,[],9606,
mu - receptor,CHEMBL4354,P97266,mu|mu-receptor|mureceptor,mu receptor|mu-receptor|mureceptor,mu|mu-receptor|mureceptor,mor oprm1,"{""parenthetical"": [], ""dropped"": [""receptor""], ""mutations"": [], ""mutation_classes"": []}",,[],9606,
mu - type opioid receptor,CHEMBL233,P35372,mu type opioid|mu-type opioid|mu-type|mutype opioid|mutype,mu type opioid receptor|mu-type opioid receptor|mu-type|mutype opioid receptor|mutype,mu|type|opioid|mu-type|mutype,mor oprm1 oprk1 oprd1 oprl1,"{""parenthetical"": [], ""dropped"": [""receptor""], ""mutations"": [], ""mutation_classes"": []}",,[],9606,
mu 1 opioid receptors,CHEMBL4354,P97266,mu 1 opioid receptors|mu1 opioid receptors|mu1|mu-1 opioid receptors|mu-1,mu 1 opioid receptors|mu1 opioid receptors|mu1|mu-1 opioid receptors|mu-1,mu|1|opioid|receptors|mu1|mu-1,mor oprm1 oprk1 oprd1 oprl1,"{""parenthetical"": [], ""dropped"": [], ""mutations"": [], ""mutation_classes"": []}",,[],9606,
mu calpain,CHEMBL3891,P07384,mu calpain,mu calpain,mu|calpain,,"{""parenthetical"": [], ""dropped"": [], ""mutations"": [], ""mutation_classes"": []}",,[],9606,
mu opioid receptor,CHEMBL270,P33535,mu opioid,mu opioid receptor,mu|opioid,mor oprm1 oprk1 oprd1 oprl1,"{""parenthetical"": [], ""dropped"": [""receptor""], ""mutations"": [], ""mutation_classes"": []}",,[],9606,
mu opioid receptor,CHEMBL233,P35372,mu opioid,mu opioid receptor,mu|opioid,mor oprm1 oprk1 oprd1 oprl1,"{""parenthetical"": [], ""dropped"": [""receptor""], ""mutations"": [], ""mutation_classes"": []}",,[],9606,
mu opioid receptor,CHEMBL2858,P42866,mu opioid,mu opioid receptor,mu|opioid,mor oprm1 oprk1 oprd1 oprl1,"{""parenthetical"": [], ""dropped"": [""receptor""], ""mutations"": [], ""mutation_classes"": []}",,[],9606,
mu opioid receptor,CHEMBL4354,P97266,mu opioid,mu opioid receptor,mu|opioid,mor oprm1 oprk1 oprd1 oprl1,"{""parenthetical"": [], ""dropped"": [""receptor""], ""mutations"": [], ""mutation_classes"": []}",,[],9606,
mu opioid receptor - 1,CHEMBL233,P35372,mu opioid 1|receptor-1|receptor1,mu opioid receptor 1|mu opioid receptor-1|receptor-1|mu opioid receptor1|receptor1,mu|opioid|1|receptor-1|receptor1,mor oprm1 oprk1 oprd1 oprl1,"{""parenthetical"": [], ""dropped"": [""receptor""], ""mutations"": [], ""mutation_classes"": []}",,[],9606,
mu site,CHEMBL4354,P97266,mu site,mu site,mu|site,,"{""parenthetical"": [], ""dropped"": [], ""mutations"": [], ""mutation_classes"": []}",,[],9606,
muscarinic acetylcholine m1 receptor,CHEMBL216,P11229,muscarinic acetylcholine m1,muscarinic acetylcholine m1 receptor,muscarinic|acetylcholine|m1,,"{""parenthetical"": [], ""dropped"": [""receptor""], ""mutations"": [], ""mutation_classes"": []}",,[],9606,
muscarinic acetylcholine m2 receptor,CHEMBL211,P08172,muscarinic acetylcholine m2,muscarinic acetylcholine m2 receptor,muscarinic|acetylcholine|m2,,"{""parenthetical"": [], ""dropped"": [""receptor""], ""mutations"": [], ""mutation_classes"": []}",,[],9606,
muscarinic acetylcholine m3 receptor,CHEMBL245,P20309,muscarinic acetylcholine m3,muscarinic acetylcholine m3 receptor,muscarinic|acetylcholine|m3,,"{""parenthetical"": [], ""dropped"": [""receptor""], ""mutations"": [], ""mutation_classes"": []}",,[],9606,
muscarinic acetylcholine receptor m1,CHEMBL216,P11229,muscarinic acetylcholine m1,muscarinic acetylcholine receptor m1,muscarinic|acetylcholine|m1,m1 chrm1,"{""parenthetical"": [], ""dropped"": [""receptor""], ""mutations"": [], ""mutation_classes"": []}",,[],9606,
muscarinic acetylcholine receptor m2,CHEMBL211,P08172,muscarinic acetylcholine m2,muscarinic acetylcholine receptor m2,muscarinic|acetylcholine|m2,m2 chrm2,"{""parenthetical"": [], ""dropped"": [""receptor""], ""mutations"": [], ""mutation_classes"": []}",,[],9606,
muscarinic acetylcholine receptor m2,CHEMBL309,P10980,muscarinic acetylcholine m2,muscarinic acetylcholine receptor m2,muscarinic|acetylcholine|m2,m2 chrm2,"{""parenthetical"": [], ""dropped"": [""receptor""], ""mutations"": [], ""mutation_classes"": []}",,[],9606,
muscarinic acetylcholine receptor m3,CHEMBL320,P08483,muscarinic acetylcholine m3,muscarinic acetylcholine receptor m3,muscarinic|acetylcholine|m3,m3 chrm3,"{""parenthetical"": [], ""dropped"": [""receptor""], ""mutations"": [], ""mutation_classes"": []}",,[],9606,
muscarinic acetylcholine receptor m4,CHEMBL1821,P08173,muscarinic acetylcholine m4,muscarinic acetylcholine receptor m4,muscarinic|acetylcholine|m4,m4 chrm4,"{""parenthetical"": [], ""dropped"": [""receptor""], ""mutations"": [], ""mutation_classes"": []}",,[],9606,
muscarinic acetylcholine receptor m5,CHEMBL2035,P08912,muscarinic acetylcholine m5,muscarinic acetylcholine receptor m5,muscarinic|acetylcholine|m5,m5 chrm5,"{""parenthetical"": [], ""dropped"": [""receptor""], ""mutations"": [], ""mutation_classes"": []}",,[],9606,
muscarinic m1 acetylcholine receptor,CHEMBL216,P11229,muscarinic m1 acetylcholine,muscarinic m1 acetylcholine receptor,muscarinic|m1|acetylcholine,,"{""parenthetical"": [], ""dropped"": [""receptor""], ""mutations"": [], ""mutation_classes"": []}",,[],9606,
muscarinic m1 receptor,CHEMBL276,P08482,muscarinic m1,muscarinic m1 receptor,muscarinic|m1,m1 chrm1,"{""parenthetical"": [], ""dropped"": [""receptor""], ""mutations"": [], ""mutation_classes"": []}",,[],9606,
muscarinic m1 receptor,CHEMBL216,P11229,muscarinic m1,muscarinic m1 receptor,muscarinic|m1,m1 chrm1,"{""parenthetical"": [], ""dropped"": [""receptor""], ""mutations"": [], ""mutation_classes"": []}",,[],9606,
muscarinic m2 receptor,CHEMBL211,P08172,muscarinic m2,muscarinic m2 receptor,muscarinic|m2,m2 chrm2,"{""parenthetical"": [], ""dropped"": [""receptor""], ""mutations"": [], ""mutation_classes"": []}",,[],9606,
muscarinic m2 w422a mutant,CHEMBL211,P08172,muscarinic m2 w422a,muscarinic m2 w422a,muscarinic|m2|w422a,,"{""parenthetical"": [], ""dropped"": [], ""mutations"": [""mutant""], ""mutation_classes"": [""NONE""]}",NONE,[],9606,
muscarinic m2 y104a mutant,CHEMBL211,P08172,muscarinic m2 y104a,muscarinic m2 y104a,muscarinic|m2|y104a,,"{""parenthetical"": [], ""dropped"": [], ""mutations"": [""mutant""], ""mutation_classes"": [""NONE""]}",NONE,[],9606,
muscarinic m2 y177q / t423h mutant,CHEMBL211,P08172,muscarinic m2 y177q t423h,muscarinic m2 y177q t423h,muscarinic|m2|y177q|t423h,,"{""parenthetical"": [], ""dropped"": [], ""mutations"": [""mutant""], ""mutation_classes"": [""NONE""]}",NONE,[],9606,
muscarinic m2 y177q mutant,CHEMBL211,P08172,muscarinic m2 y177q,muscarinic m2 y177q,muscarinic|m2|y177q,,"{""parenthetical"": [], ""dropped"": [], ""mutations"": [""mutant""], ""mutation_classes"": [""NONE""]}",NONE,[],9606,
muscarinic m3 receptor,CHEMBL245,P20309,muscarinic m3,muscarinic m3 receptor,muscarinic|m3,m3 chrm3,"{""parenthetical"": [], ""dropped"": [""receptor""], ""mutations"": [], ""mutation_classes"": []}",,[],9606,
muscarinic m4 receptor,CHEMBL1821,P08173,muscarinic m4,muscarinic m4 receptor,muscarinic|m4,m4 chrm4,"{""parenthetical"": [], ""dropped"": [""receptor""], ""mutations"": [], ""mutation_classes"": []}",,[],9606,
muscarinic m5 receptor,CHEMBL2035,P08912,muscarinic m5,muscarinic m5 receptor,muscarinic|m5,m5 chrm5,"{""parenthetical"": [], ""dropped"": [""receptor""], ""mutations"": [], ""mutation_classes"": []}",,[],9606,
muscarinic receptor m1,CHEMBL216,P11229,muscarinic m1,muscarinic receptor m1,muscarinic|m1,m1 chrm1,"{""parenthetical"": [], ""dropped"": [""receptor""], ""mutations"": [], ""mutation_classes"": []}",,[],9606,
muscarinic receptor m2,CHEMBL211,P08172,muscarinic m2,muscarinic receptor m2,muscarinic|m2,m2 chrm2,"{""parenthetical"": [], ""dropped"": [""receptor""], ""mutations"": [], ""mutation_classes"": []}",,[],9606,
muscarinic receptor m3,CHEMBL245,P20309,muscarinic m3,muscarinic receptor m3,muscarinic|m3,m3 chrm3,"{""parenthetical"": [], ""dropped"": [""receptor""], ""mutations"": [], ""mutation_classes"": []}",,[],9606,
muscarinic receptor m4,CHEMBL1821,P08173,muscarinic m4,muscarinic receptor m4,muscarinic|m4,m4 chrm4,"{""parenthetical"": [], ""dropped"": [""receptor""], ""mutations"": [], ""mutation_classes"": []}",,[],9606,
muscarinic receptor m5,CHEMBL2035,P08912,muscarinic m5,muscarinic receptor m5,muscarinic|m5,m5 chrm5,"{""parenthetical"": [], ""dropped"": [""receptor""], ""mutations"": [], ""mutation_classes"": []}",,[],9606,
musk,CHEMBL5684,O15146,musk,musk,musk,,"{""parenthetical"": [], ""dropped"": [], ""mutations"": [], ""mutation_classes"": []}",,[],9606,
myeloperoxidase,CHEMBL2439,P05164,myeloperoxidase,myeloperoxidase,myeloperoxidase,,"{""parenthetical"": [], ""dropped"": [], ""mutations"": [], ""mutation_classes"": []}",,[],9606,
mylk3,CHEMBL4627,Q32MK0,mylk3,mylk3,mylk3,,"{""parenthetical"": [], ""dropped"": [], ""mutations"": [], ""mutation_classes"": []}",,[],9606,
mylk4,CHEMBL5426,Q86YV6,mylk4,mylk4,mylk4,,"{""parenthetical"": [], ""dropped"": [], ""mutations"": [], ""mutation_classes"": []}",,[],9606,
myo3a,CHEMBL5546,Q8NEV4,myo3a,myo3a,myo3a,,"{""parenthetical"": [], ""dropped"": [], ""mutations"": [], ""mutation_classes"": []}",,[],9606,
myo3b,CHEMBL5654,Q8WXR4,myo3b,myo3b,myo3b,,"{""parenthetical"": [], ""dropped"": [], ""mutations"": [], ""mutation_classes"": []}",,[],9606,
myostatin,CHEMBL3407325,O14793,myostatin,myostatin,myostatin,,"{""parenthetical"": [], ""dropped"": [], ""mutations"": [], ""mutation_classes"": []}",,[],9606,
myt1,CHEMBL3984,Q99640,myt1,myt1,myt1,,"{""parenthetical"": [], ""dropped"": [], ""mutations"": [], ""mutation_classes"": []}",,[],9606,
n - myristoyltransferase,CHEMBL2593,P30419,n myristoyltransferase|n-myristoyltransferase|nmyristoyltransferase,n myristoyltransferase|n-myristoyltransferase|nmyristoyltransferase,n|myristoyltransferase|n-myristoyltransferase|nmyristoyltransferase,,"{""parenthetical"": [], ""dropped"": [], ""mutations"": [], ""mutation_classes"": []}",,[],9606,
n - terminal tev protease,CHEMBL1782,P14324,n terminal tev protease|n-terminal tev protease|n-terminal|nterminal tev protease|nterminal,n terminal tev protease|n-terminal tev protease|n-terminal|nterminal tev protease|nterminal,n|terminal|tev|protease|n-terminal|nterminal,,"{""parenthetical"": [], ""dropped"": [], ""mutations"": [], ""mutation_classes"": []}",,[],9606,
n - type,CHEMBL4478,Q00975,n type|n-type|ntype,n type|n-type|ntype,n|type|n-type|ntype,,"{""parenthetical"": [], ""dropped"": [], ""mutations"": [], ""mutation_classes"": []}",,[],9606,
n - type [ ca2 + ] channel,CHEMBL4478,Q00975,n type|n-type|ntype,n type channel|n-type channel|n-type|ntype channel|ntype,n|type|n-type|ntype,,"{""parenthetical"": [""ca2 +""], ""dropped"": [""channel""], ""mutations"": [], ""mutation_classes"": []}",,[],9606,
n - type calcium,CHEMBL4478,Q00975,n type calcium|n-type calcium|n-type|ntype calcium|ntype,n type calcium|n-type calcium|n-type|ntype calcium|ntype,n|type|calcium|n-type|ntype,,"{""parenthetical"": [], ""dropped"": [], ""mutations"": [], ""mutation_classes"": []}",,[],9606,
n - type calcium channel,CHEMBL4478,Q00975,n type calcium|n-type calcium|n-type|ntype calcium|ntype,n type calcium channel|n-type calcium channel|n-type|ntype calcium channel|ntype,n|type|calcium|n-type|ntype,cacna1b cav2.2,"{""parenthetical"": [], ""dropped"": [""channel""], ""mutations"": [], ""mutation_classes"": []}",,[],9606,
n - type calcium channels,CHEMBL4478,Q00975,n type calcium channels|n-type calcium channels|n-type|ntype calcium channels|ntype,n type calcium channels|n-type calcium channels|n-type|ntype calcium channels|ntype,n|type|calcium|channels|n-type|ntype,cacna1b cav2.2,"{""parenthetical"": [], ""dropped"": [], ""mutations"": [], ""mutation_classes"": []}",,[],9606,
na ( noradrenaline ) reuptake,CHEMBL304,Q9WTR4,na reuptake,na reuptake,na|reuptake,,"{""parenthetical"": [""noradrenaline""], ""dropped"": [], ""mutations"": [], ""mutation_classes"": []}",,[],9606,
"na + , k + - atpase",CHEMBL4838,P50997,na + k + atpase,na + k atpase,na|+|k|atpase,,"{""parenthetical"": [], ""dropped"": [], ""mutations"": [], ""mutation_classes"": []}",,[],9606,
na + / h + exchanger 1,CHEMBL2781,P19634,na + h + exchanger 1|na + h + exchanger1|exchanger1|na + h + exchanger-1|exchanger-1,na + h exchanger 1|na + h exchanger1|exchanger1|na + h exchanger-1|exchanger-1,na|+|h|exchanger|1|exchanger1|exchanger-1,,"{""parenthetical"": [], ""dropped"": [], ""mutations"": [], ""mutation_classes"": []}",,[],9606,
na + / h + exchanger 1 ( nhe - 1 ),CHEMBL2781,P19634,na + h + exchanger 1|na + h + exchanger1|exchanger1|na + h + exchanger-1|exchanger-1,na + h exchanger 1|na + h exchanger1|exchanger1|na + h exchanger-1|exchanger-1,na|+|h|exchanger|1|exchanger1|exchanger-1,,"{""parenthetical"": [""nhe - 1""], ""dropped"": [], ""mutations"": [], ""mutation_classes"": []}",,[],9606,
na + / k + atpase,CHEMBL4838,P50997,na + k + atpase,na + k atpase,na|+|k|atpase,,"{""parenthetical"": [], ""dropped"": [], ""mutations"": [], ""mutation_classes"": []}",,[],9606,
naaa,CHEMBL4349,Q02083,naaa,naaa,naaa,,"{""parenthetical"": [], ""dropped"": [], ""mutations"": [], ""mutation_classes"": []}",,[],9606,
naaa,CHEMBL2034805,Q5KTC7,naaa,naaa,naaa,,"{""parenthetical"": [], ""dropped"": [], ""mutations"": [], ""mutation_classes"": []}",,[],9606,
naaa enzyme,CHEMBL4349,Q02083,naaa enzyme,naaa enzyme,naaa|enzyme,,"{""parenthetical"": [], ""dropped"": [], ""mutations"": [], ""mutation_classes"": []}",,[],9606,
naaa enzyme,CHEMBL2034805,Q5KTC7,naaa enzyme,naaa enzyme,naaa|enzyme,,"{""parenthetical"": [], ""dropped"": [], ""mutations"": [], ""mutation_classes"": []}",,[],9606,
naaladase,CHEMBL1892,Q04609,naaladase,naaladase,naaladase,,"{""parenthetical"": [], ""dropped"": [], ""mutations"": [], ""mutation_classes"": []}",,[],9606,
namprtase,CHEMBL1744525,P43490,namprtase,namprtase,namprtase,,"{""parenthetical"": [], ""dropped"": [], ""mutations"": [], ""mutation_classes"": []}",,[],9606,
nampt,CHEMBL1744525,P43490,nampt,nampt,nampt,,"{""parenthetical"": [], ""dropped"": [], ""mutations"": [], ""mutation_classes"": []}",,[],9606,
nampt,CHEMBL3259474,Q99KQ4,nampt,nampt,nampt,,"{""parenthetical"": [], ""dropped"": [], ""mutations"": [], ""mutation_classes"": []}",,[],9606,
nav 1 . 5,CHEMBL1980,Q14524,nav 1.5,nav 1.5,nav|1.5,scn5a nav1.5,"{""parenthetical"": [], ""dropped"": [], ""mutations"": [], ""mutation_classes"": []}",,[],9606,
nav 1 . 7 channel,CHEMBL4296,Q15858,nav 1.7,nav 1.7 channel,nav|1.7,scn9a nav1.7,"{""parenthetical"": [], ""dropped"": [""channel""], ""mutations"": [], ""mutation_classes"": []}",,[],9606,
nav 1 . 8 channel,CHEMBL5158,Q6QIY3,nav 1.8,nav 1.8 channel,nav|1.8,scn10a nav1.8,"{""parenthetical"": [], ""dropped"": [""channel""], ""mutations"": [], ""mutation_classes"": []}",,[],9606,
nav 1 . 8 channel,CHEMBL5451,Q9Y5Y9,nav 1.8,nav 1.8 channel,nav|1.8,scn10a nav1.8,"{""parenthetical"": [], ""dropped"": [""channel""], ""mutations"": [], ""mutation_classes"": []}",,[],9606,
nav1 . 1,CHEMBL1845,P35498,nav1.1,nav1.1,nav1.1,,"{""parenthetical"": [], ""dropped"": [], ""mutations"": [], ""mutation_classes"": []}",,[],9606,
nav1 . 2,CHEMBL3399,P04775,nav1.2,nav1.2,nav1.2,scn2a nav1.2,"{""parenthetical"": [], ""dropped"": [], ""mutations"": [], ""mutation_classes"": []}",,[],9606,
nav1 . 2,CHEMBL4187,Q99250,nav1.2,nav1.2,nav1.2,scn2a nav1.2,"{""parenthetical"": [], ""dropped"": [], ""mutations"": [], ""mutation_classes"": []}",,[],9606,
nav1 . 2 alpha subunit,CHEMBL4187,Q99250,nav1.2 alpha,nav1.2 alpha subunit,nav1.2|alpha,scn2a nav1.2,"{""parenthetical"": [], ""dropped"": [""subunit""], ""mutations"": [], ""mutation_classes"": []}",,[],9606,
nav1 . 2 channel,CHEMBL3399,P04775,nav1.2,nav1.2 channel,nav1.2,scn2a nav1.2,"{""parenthetical"": [], ""dropped"": [""channel""], ""mutations"": [], ""mutation_classes"": []}",,[],9606,
nav1 . 2 channel,CHEMBL4187,Q99250,nav1.2,nav1.2 channel,nav1.2,scn2a nav1.2,"{""parenthetical"": [], ""dropped"": [""channel""], ""mutations"": [], ""mutation_classes"": []}",,[],9606,
nav1 . 2 sodium channel,CHEMBL4187,Q99250,nav1.2 sodium,nav1.2 sodium channel,nav1.2|sodium,scn2a nav1.2,"{""parenthetical"": [], ""dropped"": [""channel""], ""mutations"": [], ""mutation_classes"": []}",,[],9606,
nav1 . 3,CHEMBL4966,P08104,nav1.3,nav1.3,nav1.3,scn3a nav1.3,"{""parenthetical"": [], ""dropped"": [], ""mutations"": [], ""mutation_classes"": []}",,[],9606,
nav1 . 3,CHEMBL5163,Q9NY46,nav1.3,nav1.3,nav1.3,scn3a nav1.3,"{""parenthetical"": [], ""dropped"": [], ""mutations"": [], ""mutation_classes"": []}",,[],9606,
nav1 . 3 channel,CHEMBL5163,Q9NY46,nav1.3,nav1.3 channel,nav1.3,scn3a nav1.3,"{""parenthetical"": [], ""dropped"": [""channel""], ""mutations"": [], ""mutation_classes"": []}",,[],9606,
nav1 . 3 sodium channel,CHEMBL5163,Q9NY46,nav1.3 sodium,nav1.3 sodium channel,nav1.3|sodium,scn3a nav1.3,"{""parenthetical"": [], ""dropped"": [""channel""], ""mutations"": [], ""mutation_classes"": []}",,[],9606,
nav1 . 4,CHEMBL2072,P35499,nav1.4,nav1.4,nav1.4,,"{""parenthetical"": [], ""dropped"": [], ""mutations"": [], ""mutation_classes"": []}",,[],9606,
nav1 . 5,CHEMBL1980,Q14524,nav1.5,nav1.5,nav1.5,scn5a nav1.5,"{""parenthetical"": [], ""dropped"": [], ""mutations"": [], ""mutation_classes"": []}",,[],9606,
nav1 . 5 alpha subunit,CHEMBL1980,Q14524,nav1.5 alpha,nav1.5 alpha subunit,nav1.5|alpha,scn5a nav1.5,"{""parenthetical"": [], ""dropped"": [""subunit""], ""mutations"": [], ""mutation_classes"": []}",,[],9606,
nav1 . 5 channel,CHEMBL1980,Q14524,nav1.5,nav1.5 channel,nav1.5,scn5a nav1.5,"{""parenthetical"": [], ""dropped"": [""channel""], ""mutations"": [], ""mutation_classes"": []}",,[],9606,
nav1 . 5 sodium channel,CHEMBL1980,Q14524,nav1.5 sodium,nav1.5 sodium channel,nav1.5|sodium,scn5a nav1.5,"{""parenthetical"": [], ""dropped"": [""channel""], ""mutations"": [], ""mutation_classes"": []}",,[],9606,
nav1 . 6,CHEMBL5202,Q9UQD0,nav1.6,nav1.6,nav1.6,,"{""parenthetical"": [], ""dropped"": [], ""mutations"": [], ""mutation_classes"": []}",,[],9606,
nav1 . 7,CHEMBL3312,O08562,nav1.7,nav1.7,nav1.7,scn9a nav1.7,"{""parenthetical"": [], ""dropped"": [], ""mutations"": [], ""mutation_classes"": []}",,[],9606,
nav1 . 7,CHEMBL3585,Q01118,nav1.7,nav1.7,nav1.7,scn9a nav1.7,"{""parenthetical"": [], ""dropped"": [], ""mutations"": [], ""mutation_classes"": []}",,[],9606,
nav1 . 7,CHEMBL4296,Q15858,nav1.7,nav1.7,nav1.7,scn9a nav1.7,"{""parenthetical"": [], ""dropped"": [], ""mutations"": [], ""mutation_classes"": []}",,[],9606,
nav1 . 7,CHEMBL3414411,Q62205,nav1.7,nav1.7,nav1.7,scn9a nav1.7,"{""parenthetical"": [], ""dropped"": [], ""mutations"": [], ""mutation_classes"": []}",,[],9606,
nav1 . 7 alpha,CHEMBL4296,Q15858,nav1.7 alpha,nav1.7 alpha,nav1.7|alpha,scn9a nav1.7,"{""parenthetical"": [], ""dropped"": [], ""mutations"": [], ""mutation_classes"": []}",,[],9606,
nav1 . 7 alpha,CHEMBL3414411,Q62205,nav1.7 alpha,nav1.7 alpha,nav1.7|alpha,scn9a nav1.7,"{""parenthetical"": [], ""dropped"": [], ""mutations"": [], ""mutation_classes"": []}",,[],9606,
nav1 . 7 alpha subunit,CHEMBL4296,Q15858,nav1.7 alpha,nav1.7 alpha subunit,nav1.7|alpha,scn9a nav1.7,"{""parenthetical"": [], ""dropped"": [""subunit""], ""mutations"": [], ""mutation_classes"": []}",,[],9606,
nav1 . 7 channel,CHEMBL4296,Q15858,nav1.7,nav1.7 channel,nav1.7,scn9a nav1.7,"{""parenthetical"": [], ""dropped"": [""channel""], ""mutations"": [], ""mutation_classes"": []}",,[],9606,
nav1 . 7 ion channel,CHEMBL4296,Q15858,nav1.7 ion,nav1.7 ion channel,nav1.7|ion,scn9a nav1.7,"{""parenthetical"": [], ""dropped"": [""channel""], ""mutations"": [], ""mutation_classes"": []}",,[],9606,
nav1 . 7 sodium channel,CHEMBL4296,Q15858,nav1.7 sodium,nav1.7 sodium channel,nav1.7|sodium,scn9a nav1.7,"{""parenthetical"": [], ""dropped"": [""channel""], ""mutations"": [], ""mutation_classes"": []}",,[],9606,
nav1 . 7alpha,CHEMBL4296,Q15858,nav1.7alpha,nav1.7alpha,nav1.7alpha,,"{""parenthetical"": [], ""dropped"": [], ""mutations"": [], ""mutation_classes"": []}",,[],9606,
nav1 . 8,CHEMBL4017,Q62968,nav1.8,nav1.8,nav1.8,scn10a nav1.8,"{""parenthetical"": [], ""dropped"": [], ""mutations"": [], ""mutation_classes"": []}",,[],9606,
nav1 . 8,CHEMBL5158,Q6QIY3,nav1.8,nav1.8,nav1.8,scn10a nav1.8,"{""parenthetical"": [], ""dropped"": [], ""mutations"": [], ""mutation_classes"": []}",,[],9606,
nav1 . 8,CHEMBL5451,Q9Y5Y9,nav1.8,nav1.8,nav1.8,scn10a nav1.8,"{""parenthetical"": [], ""dropped"": [], ""mutations"": [], ""mutation_classes"": []}",,[],9606,
nav1 . 8 channel,CHEMBL4017,Q62968,nav1.8,nav1.8 channel,nav1.8,scn10a nav1.8,"{""parenthetical"": [], ""dropped"": [""channel""], ""mutations"": [], ""mutation_classes"": []}",,[],9606,
nav1 . 8 channel,CHEMBL5158,Q6QIY3,nav1.8,nav1.8 channel,nav1.8,scn10a nav1.8,"{""parenthetical"": [], ""dropped"": [""channel""], ""mutations"": [], ""mutation_classes"": []}",,[],9606,
nav1 . 8 channel,CHEMBL5451,Q9Y5Y9,nav1.8,nav1.8 channel,nav1.8,scn10a nav1.8,"{""parenthetical"": [], ""dropped"": [""channel""], ""mutations"": [], ""mutation_classes"": []}",,[],9606,
nav1 . 8 sodium channel,CHEMBL4017,Q62968,nav1.8 sodium,nav1.8 sodium channel,nav1.8|sodium,scn10a nav1.8,"{""parenthetical"": [], ""dropped"": [""channel""], ""mutations"": [], ""mutation_classes"": []}",,[],9606,
nav1 . 8 sodium channel,CHEMBL5451,Q9Y5Y9,nav1.8 sodium,nav1.8 sodium channel,nav1.8|sodium,scn10a nav1.8,"{""parenthetical"": [], ""dropped"": [""channel""], ""mutations"": [], ""mutation_classes"": []}",,[],9606,
nek1,CHEMBL5855,Q96PY6,nek1,nek1,nek1,,"{""parenthetical"": [], ""dropped"": [], ""mutations"": [], ""mutation_classes"": []}",,[],9606,
nek11,CHEMBL5638,Q8NG66,nek11,nek11,nek11,,"{""parenthetical"": [], ""dropped"": [], ""mutations"": [], ""mutation_classes"": []}",,[],9606,
nek2,CHEMBL3835,P51955,nek2,nek2,nek2,,"{""parenthetical"": [], ""dropped"": [], ""mutations"": [], ""mutation_classes"": []}",,[],9606,
nek3,CHEMBL5679,P51956,nek3,nek3,nek3,,"{""parenthetical"": [], ""dropped"": [], ""mutations"": [], ""mutation_classes"": []}",,[],9606,
nek4,CHEMBL5819,P51957,nek4,nek4,nek4,,"{""parenthetical"": [], ""dropped"": [], ""mutations"": [], ""mutation_classes"": []}",,[],9606,
nek5,CHEMBL5044,Q6P3R8,nek5,nek5,nek5,,"{""parenthetical"": [], ""dropped"": [], ""mutations"": [], ""mutation_classes"": []}",,[],9606,
nek8,CHEMBL2417353,Q86SG6,nek8,nek8,nek8,,"{""parenthetical"": [], ""dropped"": [], ""mutations"": [], ""mutation_classes"": []}",,[],9606,
nek9,CHEMBL5257,Q8TD19,nek9,nek9,nek9,,"{""parenthetical"": [], ""dropped"": [], ""mutations"": [], ""mutation_classes"": []}",,[],9606,
nep,CHEMBL3369,P07861,nep,nep,nep,,"{""parenthetical"": [], ""dropped"": [], ""mutations"": [], ""mutation_classes"": []}",,[],9606,
nep,CHEMBL3768,P08049,nep,nep,nep,,"{""parenthetical"": [], ""dropped"": [], ""mutations"": [], ""mutation_classes"": []}",,[],9606,
nep,CHEMBL1944,P08473,nep,nep,nep,,"{""parenthetical"": [], ""dropped"": [], ""mutations"": [], ""mutation_classes"": []}",,[],9606,
nep ),CHEMBL3768,P08049,nep ),nep ),nep|),,"{""parenthetical"": [], ""dropped"": [], ""mutations"": [], ""mutation_classes"": []}",,[],9606,
net,CHEMBL222,P23975,net,net,net,,"{""parenthetical"": [], ""dropped"": [], ""mutations"": [], ""mutation_classes"": []}",,[],9606,
net,CHEMBL6184,Q63380,net,net,net,,"{""parenthetical"": [], ""dropped"": [], ""mutations"": [], ""mutation_classes"": []}",,[],9606,
net,CHEMBL304,Q9WTR4,net,net,net,,"{""parenthetical"": [], ""dropped"": [], ""mutations"": [], ""mutation_classes"": []}",,[],9606,
neu2,CHEMBL3200,Q9Y3R4,neu2,neu2,neu2,,"{""parenthetical"": [], ""dropped"": [], ""mutations"": [], ""mutation_classes"": []}",,[],9606,
neu3,CHEMBL3046,Q9UQ49,neu3,neu3,neu3,,"{""parenthetical"": [], ""dropped"": [], ""mutations"": [], ""mutation_classes"": []}",,[],9606,
neu4,CHEMBL4174,Q8WWR8,neu4,neu4,neu4,,"{""parenthetical"": [], ""dropped"": [], ""mutations"": [], ""mutation_classes"": []}",,[],9606,
neuraminidase,CHEMBL6135,B4URF0,neuraminidase,neuraminidase,neuraminidase,,"{""parenthetical"": [], ""dropped"": [], ""mutations"": [], ""mutation_classes"": []}",,[],9606,
neuraminidase,CHEMBL5189,P10481,neuraminidase,neuraminidase,neuraminidase,,"{""parenthetical"": [], ""dropped"": [], ""mutations"": [], ""mutation_classes"": []}",,[],9606,
neuraminidase h275y mutant,CHEMBL6135,B4URF0,neuraminidase h275y,neuraminidase h275y,neuraminidase|h275y,,"{""parenthetical"": [], ""dropped"": [], ""mutations"": [""mutant""], ""mutation_classes"": [""NONE""]}",NONE,[],9606,
neuronal nitric oxide synthase,CHEMBL3568,P29475,neuronal nitric oxide synthase,neuronal nitric oxide synthase,neuronal|nitric|oxide|synthase,,"{""parenthetical"": [], ""dropped"": [], ""mutations"": [], ""mutation_classes"": []}",,[],9606,
neuronal nitric oxide synthase,CHEMBL3048,P29476,neuronal nitric oxide synthase,neuronal nitric oxide synthase,neuronal|nitric|oxide|synthase,,"{""parenthetical"": [], ""dropped"": [], ""mutations"": [], ""mutation_classes"": []}",,[],9606,
neuronal nitric oxide synthase ( nnos ),CHEMBL3568,P29475,neuronal nitric oxide synthase,neuronal nitric oxide synthase,neuronal|nitric|oxide|synthase,,"{""parenthetical"": [""nnos""], ""dropped"": [], ""mutations"": [], ""mutation_classes"": []}",,[],9606,
neuronal nos,CHEMBL3048,P29476,neuronal nos,neuronal nos,neuronal|nos,,"{""parenthetical"": [], ""dropped"": [], ""mutations"": [], ""mutation_classes"": []}",,[],9606,
neuropeptide s receptor,CHEMBL5162,Q6W5P4,neuropeptide s,neuropeptide s receptor,neuropeptide|s,npsr1,"{""parenthetical"": [], ""dropped"": [""receptor""], ""mutations"": [], ""mutation_classes"": []}",,[],9606,
neuropeptide y receptor type 1,CHEMBL4777,P25929,neuropeptide y type 1|neuropeptide y type1|type1|neuropeptide y type-1|type-1,neuropeptide y receptor type 1|neuropeptide y receptor type1|type1|neuropeptide y receptor type-1|type-1,neuropeptide|y|type|1|type1|type-1,npy1r npy2r npy4r npy5r,"{""parenthetical"": [], ""dropped"": [""receptor""], ""mutations"": [], ""mutation_classes"": []}",,[],9606,
neuropeptide y1 receptor,CHEMBL4777,P25929,neuropeptide y1,neuropeptide y1 receptor,neuropeptide|y1,y1 npy1r,"{""parenthetical"": [], ""dropped"": [""receptor""], ""mutations"": [], ""mutation_classes"": []}",,[],9606,
neuropeptide y5 receptor,CHEMBL3802,O70342,neuropeptide y5,neuropeptide y5 receptor,neuropeptide|y5,y5 npy5r,"{""parenthetical"": [], ""dropped"": [""receptor""], ""mutations"": [], ""mutation_classes"": []}",,[],9606,
neurotoxin a light chain,CHEMBL5192,P0DPI0,neurotoxin a light,neurotoxin a light chain,neurotoxin|a|light,,"{""parenthetical"": [], ""dropped"": [""chain""], ""mutations"": [], ""mutation_classes"": []}",,[],9606,
neutral endopeptidase,CHEMBL3768,P08049,neutral endopeptidase,neutral endopeptidase,neutral|endopeptidase,,"{""parenthetical"": [], ""dropped"": [], ""mutations"": [], ""mutation_classes"": []}",,[],9606,
neutral endopeptidase enzyme ( nep ),CHEMBL3768,P08049,neutral endopeptidase enzyme nep|nep,neutral endopeptidase enzyme nep|nep,neutral|endopeptidase|enzyme|nep,,"{""parenthetical"": [""nep""], ""dropped"": [], ""mutations"": [], ""mutation_classes"": []}",,[],9606,
neutrophil collagenase,CHEMBL4588,P22894,neutrophil collagenase,neutrophil collagenase,neutrophil|collagenase,,"{""parenthetical"": [], ""dropped"": [], ""mutations"": [], ""mutation_classes"": []}",,[],9606,
neutrophil collagenase ( matrix metalloprotease - 8 ),CHEMBL4588,P22894,neutrophil collagenase,neutrophil collagenase,neutrophil|collagenase,,"{""parenthetical"": [""matrix metalloprotease - 8""], ""dropped"": [], ""mutations"": [], ""mutation_classes"": []}",,[],9606,
neutrophil elastase,CHEMBL248,P08246,neutrophil elastase,neutrophil elastase,neutrophil|elastase,,"{""parenthetical"": [], ""dropped"": [], ""mutations"": [], ""mutation_classes"": []}",,[],9606,
nhe1,CHEMBL2781,P19634,nhe1,nhe1,nhe1,,"{""parenthetical"": [], ""dropped"": [], ""mutations"": [], ""mutation_classes"": []}",,[],9606,
nhe1,CHEMBL2577,P26431,nhe1,nhe1,nhe1,,"{""parenthetical"": [], ""dropped"": [], ""mutations"": [], ""mutation_classes"": []}",,[],9606,
nicotinic acetylcholine receptor alpha 7,CHEMBL2492,P36544,nicotinic acetylcholine alpha 7|nicotinic acetylcholine alpha7|alpha7|nicotinic acetylcholine alpha-7|alpha-7,nicotinic acetylcholine receptor alpha 7|nicotinic acetylcholine receptor alpha7|alpha7|nicotinic acetylcholine receptor alpha-7|alpha-7,nicotinic|acetylcholine|alpha|7|alpha7|alpha-7,,"{""parenthetical"": [], ""dropped"": [""receptor""], ""mutations"": [], ""mutation_classes"": []}",,[],9606,
nik,CHEMBL5888,Q99558,nik,nik,nik,,"{""parenthetical"": [], ""dropped"": [], ""mutations"": [], ""mutation_classes"": []}",,[],9606,
nim1,CHEMBL3542,Q8IY84,nim1,nim1,nim1,,"{""parenthetical"": [], ""dropped"": [], ""mutations"": [], ""mutation_classes"": []}",,[],9606,
nk1 f264y6,CHEMBL249,P25103,nk1 f264y6,nk1 f264y6,nk1|f264y6,,"{""parenthetical"": [], ""dropped"": [], ""mutations"": [], ""mutation_classes"": []}",,[],9606,
nk1 receptor,CHEMBL249,P25103,nk1,nk1 receptor,nk1,,"{""parenthetical"": [], ""dropped"": [""receptor""], ""mutations"": [], ""mutation_classes"": []}",,[],9606,
nk1r,CHEMBL249,P25103,nk1r,nk1r,nk1r,,"{""parenthetical"": [], ""dropped"": [], ""mutations"": [], ""mutation_classes"": []}",,[],9606,
nk2 receptor,CHEMBL2327,P21452,nk2,nk2 receptor,nk2,,"{""parenthetical"": [], ""dropped"": [""receptor""], ""mutations"": [], ""mutation_classes"": []}",,[],9606,
nk3 h316f mutant,CHEMBL4429,P29371,nk3 h316f,nk3 h316f,nk3|h316f,,"{""parenthetical"": [], ""dropped"": [], ""mutations"": [""mutant""], ""mutation_classes"": [""NONE""]}",NONE,[],9606,
nk3 h316w mutant,CHEMBL4429,P29371,nk3 h316w,nk3 h316w,nk3|h316w,,"{""parenthetical"": [], ""dropped"": [], ""mutations"": [""mutant""], ""mutation_classes"": [""NONE""]}",NONE,[],9606,
nk3 receptor,CHEMBL3154,P16177,nk3,nk3 receptor,nk3,,"{""parenthetical"": [], ""dropped"": [""receptor""], ""mutations"": [], ""mutation_classes"": []}",,[],9606,
nk3 receptor,CHEMBL4429,P29371,nk3,nk3 receptor,nk3,,"{""parenthetical"": [], ""dropped"": [""receptor""], ""mutations"": [], ""mutation_classes"": []}",,[],9606,
nk3 y247f mutant,CHEMBL4429,P29371,nk3 y247f,nk3 y247f,nk3|y247f,,"{""parenthetical"": [], ""dropped"": [], ""mutations"": [""mutant""], ""mutation_classes"": [""NONE""]}",NONE,[],9606,
nk3 y247w mutant,CHEMBL4429,P29371,nk3 y247w,nk3 y247w,nk3|y247w,,"{""parenthetical"": [], ""dropped"": [], ""mutations"": [""mutant""], ""mutation_classes"": [""NONE""]}",NONE,[],9606,
nk3 y315f6,CHEMBL4429,P29371,nk3 y315f6,nk3 y315f6,nk3|y315f6,,"{""parenthetical"": [], ""dropped"": [], ""mutations"": [], ""mutation_classes"": []}",,[],9606,
nk3r,CHEMBL3154,P16177,nk3r,nk3r,nk3r,,"{""parenthetical"": [], ""dropped"": [], ""mutations"": [], ""mutation_classes"": []}",,[],9606,
nk3r,CHEMBL4429,P29371,nk3r,nk3r,nk3r,,"{""parenthetical"": [], ""dropped"": [], ""mutations"": [], ""mutation_classes"": []}",,[],9606,
nkr - p1a,CHEMBL3308948,P27471,nkr p1a|nkr-p1a|nkrp1a,nkr p1a|nkr-p1a|nkrp1a,nkr|p1a|nkr-p1a|nkrp1a,,"{""parenthetical"": [], ""dropped"": [], ""mutations"": [], ""mutation_classes"": []}",,[],9606,
nlk,CHEMBL5364,Q9UBE8,nlk,nlk,nlk,,"{""parenthetical"": [], ""dropped"": [], ""mutations"": [], ""mutation_classes"": []}",,[],9606,
nlrp3,CHEMBL3779755,Q8R4B8,nlrp3,nlrp3,nlrp3,,"{""parenthetical"": [], ""dropped"": [], ""mutations"": [], ""mutation_classes"": []}",,[],9606,
nlrp3,CHEMBL1741208,Q96P20,nlrp3,nlrp3,nlrp3,,"{""parenthetical"": [], ""dropped"": [], ""mutations"": [], ""mutation_classes"": []}",,[],9606,
nlrp3 inflammasome,CHEMBL3779755,Q8R4B8,nlrp3 inflammasome,nlrp3 inflammasome,nlrp3|inflammasome,,"{""parenthetical"": [], ""dropped"": [], ""mutations"": [], ""mutation_classes"": []}",,[],9606,
nlrp3 inflammasome,CHEMBL1741208,Q96P20,nlrp3 inflammasome,nlrp3 inflammasome,nlrp3|inflammasome,,"{""parenthetical"": [], ""dropped"": [], ""mutations"": [], ""mutation_classes"": []}",,[],9606,
nluc - brd4,CHEMBL1163125,O60885,nluc brd4|nluc-brd4|nlucbrd4,nluc brd4|nluc-brd4|nlucbrd4,nluc|brd4|nluc-brd4|nlucbrd4,,"{""parenthetical"": [], ""dropped"": [], ""mutations"": [], ""mutation_classes"": []}",,[],9606,
nluc - hh3r,CHEMBL264,Q9Y5N1,nluc hh3r|nluc-hh3r|nluchh3r,nluc hh3r|nluc-hh3r|nluchh3r,nluc|hh3r|nluc-hh3r|nluchh3r,,"{""parenthetical"": [], ""dropped"": [], ""mutations"": [], ""mutation_classes"": []}",,[],9606,
nmda nr2b receptor,CHEMBL1904,Q13224,nmda nr2b,nmda nr2b receptor,nmda|nr2b,grin2b,"{""parenthetical"": [], ""dropped"": [""receptor""], ""mutations"": [], ""mutation_classes"": []}",,[],9606,
nmda receptor glun2b subunit,CHEMBL1904,Q13224,nmda glun2b,nmda receptor glun2b subunit,nmda|glun2b,grin1 grin2a grin2b grin2c grin2d grin3a grin3b,"{""parenthetical"": [], ""dropped"": [""receptor"", ""subunit""], ""mutations"": [], ""mutation_classes"": []}",,[],9606,
nmt1,CHEMBL2593,P30419,nmt1,nmt1,nmt1,,"{""parenthetical"": [], ""dropped"": [], ""mutations"": [], ""mutation_classes"": []}",,[],9606,
nnmt,CHEMBL2346486,P40261,nnmt,nnmt,nnmt,,"{""parenthetical"": [], ""dropped"": [], ""mutations"": [], ""mutation_classes"": []}",,[],9606,
nnos,CHEMBL3568,P29475,nnos,nnos,nnos,,"{""parenthetical"": [], ""dropped"": [], ""mutations"": [], ""mutation_classes"": []}",,[],9606,
nnos,CHEMBL3048,P29476,nnos,nnos,nnos,,"{""parenthetical"": [], ""dropped"": [], ""mutations"": [], ""mutation_classes"": []}",,[],9606,
nnos d597n m336v,CHEMBL3048,P29476,nnos d597n m336v,nnos d597n m336v,nnos|d597n|m336v,,"{""parenthetical"": [], ""dropped"": [], ""mutations"": [], ""mutation_classes"": []}",,[],9606,
nnos l337h mutant,CHEMBL3048,P29476,nnos l337h,nnos l337h,nnos|l337h,,"{""parenthetical"": [], ""dropped"": [], ""mutations"": [""mutant""], ""mutation_classes"": [""NONE""]}",NONE,[],9606,
nociceptin opioid receptor,CHEMBL2014,P41146,nociceptin opioid,nociceptin opioid receptor,nociceptin|opioid,nop orl1 oprl1 oprm1 oprk1 oprd1,"{""parenthetical"": [], ""dropped"": [""receptor""], ""mutations"": [], ""mutation_classes"": []}",,[],9606,
nod1,CHEMBL1293222,Q9Y239,nod1,nod1,nod1,,"{""parenthetical"": [], ""dropped"": [], ""mutations"": [], ""mutation_classes"": []}",,[],9606,
nod2,CHEMBL1293266,Q9HC29,nod2,nod2,nod2,,"{""parenthetical"": [], ""dropped"": [], ""mutations"": [], ""mutation_classes"": []}",,[],9606,
nonepinephrine transporter,CHEMBL222,P23975,nonepinephrine transporter,nonepinephrine transporter,nonepinephrine|transporter,,"{""parenthetical"": [], ""dropped"": [], ""mutations"": [], ""mutation_classes"": []}",,[],9606,
nonpancreatic secretory phospholipase a2,CHEMBL3474,P14555,nonpancreatic secretory phospholipase a2,nonpancreatic secretory phospholipase a2,nonpancreatic|secretory|phospholipase|a2,,"{""parenthetical"": [], ""dropped"": [], ""mutations"": [], ""mutation_classes"": []}",,[],9606,
noradrenaline transporter,CHEMBL222,P23975,noradrenaline transporter,noradrenaline transporter,noradrenaline|transporter,,"{""parenthetical"": [], ""dropped"": [], ""mutations"": [], ""mutation_classes"": []}",,[],9606,
noradrenaline transporter ( hnet ),CHEMBL222,P23975,noradrenaline transporter,noradrenaline transporter,noradrenaline|transporter,,"{""parenthetical"": [""hnet""], ""dropped"": [], ""mutations"": [], ""mutation_classes"": []}",,[],9606,
norepinephrine transporter,CHEMBL222,P23975,norepinephrine transporter,norepinephrine transporter,norepinephrine|transporter,,"{""parenthetical"": [], ""dropped"": [], ""mutations"": [], ""mutation_classes"": []}",,[],9606,
norepinephrine transporter,CHEMBL6184,Q63380,norepinephrine transporter,norepinephrine transporter,norepinephrine|transporter,,"{""parenthetical"": [], ""dropped"": [], ""mutations"": [], ""mutation_classes"": []}",,[],9606,
norepinephrine transporter ( net ),CHEMBL304,Q9WTR4,norepinephrine transporter net|net,norepinephrine transporter net|net,norepinephrine|transporter|net,,"{""parenthetical"": [""net""], ""dropped"": [], ""mutations"": [], ""mutation_classes"": []}",,[],9606,
notum,CHEMBL3714531,Q6P988,notum,notum,notum,,"{""parenthetical"": [], ""dropped"": [], ""mutations"": [], ""mutation_classes"": []}",,[],9606,
npbwr1,CHEMBL1293293,P48145,npbwr1,npbwr1,npbwr1,npbwr1,"{""parenthetical"": [], ""dropped"": [], ""mutations"": [], ""mutation_classes"": []}",,[],9606,
npm - alk,CHEMBL4247,Q9UM73,npm alk|npm-alk|npmalk,npm alk|npm-alk|npmalk,npm|alk|npm-alk|npmalk,,"{""parenthetical"": [], ""dropped"": [], ""mutations"": [], ""mutation_classes"": []}",,[],9606,
npp1,CHEMBL5925,P22413,npp1,npp1,npp1,,"{""parenthetical"": [], ""dropped"": [], ""mutations"": [], ""mutation_classes"": []}",,[],9606,
nps receptor,CHEMBL5162,Q6W5P4,nps,nps receptor,nps,npsr1,"{""parenthetical"": [], ""dropped"": [""receptor""], ""mutations"": [], ""mutation_classes"": []}",,[],9606,
npy y5 receptor,CHEMBL4561,Q15761,npy y5,npy y5 receptor,npy|y5,y5 npy5r,"{""parenthetical"": [], ""dropped"": [""receptor""], ""mutations"": [], ""mutation_classes"": []}",,[],9606,
npy1r,CHEMBL4777,P25929,npy1r,npy1r,npy1r,,"{""parenthetical"": [], ""dropped"": [], ""mutations"": [], ""mutation_classes"": []}",,[],9606,
npyy2 receptor,CHEMBL4018,P49146,npyy2,npyy2 receptor,npyy2,npy2r,"{""parenthetical"": [], ""dropped"": [""receptor""], ""mutations"": [], ""mutation_classes"": []}",,[],9606,
npyy5 receptor,CHEMBL4561,Q15761,npyy5,npyy5 receptor,npyy5,npy5r,"{""parenthetical"": [], ""dropped"": [""receptor""], ""mutations"": [], ""mutation_classes"": []}",,[],9606,
nqo1,CHEMBL3623,P15559,nqo1,nqo1,nqo1,,"{""parenthetical"": [], ""dropped"": [], ""mutations"": [], ""mutation_classes"": []}",,[],9606,
nqo2,CHEMBL3959,P16083,nqo2,nqo2,nqo2,,"{""parenthetical"": [], ""dropped"": [], ""mutations"": [], ""mutation_classes"": []}",,[],9606,
nr2b,CHEMBL3442,Q01097,nr2b,nr2b,nr2b,grin2b,"{""parenthetical"": [], ""dropped"": [], ""mutations"": [], ""mutation_classes"": []}",,[],9606,
nr2b receptor,CHEMBL3442,Q01097,nr2b,nr2b receptor,nr2b,grin2b,"{""parenthetical"": [], ""dropped"": [""receptor""], ""mutations"": [], ""mutation_classes"": []}",,[],9606,
nrf2,CHEMBL2069156,Q14145,nrf2,nrf2,nrf2,,"{""parenthetical"": [], ""dropped"": [], ""mutations"": [], ""mutation_classes"": []}",,[],9606,
nrp1,CHEMBL5174,O14786,nrp1,nrp1,nrp1,,"{""parenthetical"": [], ""dropped"": [], ""mutations"": [], ""mutation_classes"": []}",,[],9606,
ns2b - ns3 protease,CHEMBL5419,P06935,ns2b ns3 protease|ns2b-ns3 protease|ns2b-ns3|ns2bns3 protease|ns2bns3,ns2b ns3 protease|ns2b-ns3 protease|ns2b-ns3|ns2bns3 protease|ns2bns3,ns2b|ns3|protease|ns2b-ns3|ns2bns3,,"{""parenthetical"": [], ""dropped"": [], ""mutations"": [], ""mutation_classes"": []}",,[],9606,
ns5b cdelta 21 rna dependent rna polymerase,CHEMBL5375,Q8JXU8,ns5b cdelta 21 rna dependent rna polymerase|ns5b cdelta21 rna dependent rna polymerase|cdelta21|ns5b cdelta-21 rna dependent rna polymerase|cdelta-21,ns5b cdelta 21 rna dependent polymerase|ns5b cdelta21 rna dependent polymerase|cdelta21|ns5b cdelta-21 rna dependent polymerase|cdelta-21,ns5b|cdelta|21|rna|dependent|polymerase|cdelta21|cdelta-21,,"{""parenthetical"": [], ""dropped"": [], ""mutations"": [], ""mutation_classes"": []}",,[],9606,
ns5b hcv polymerase,CHEMBL5375,Q8JXU8,ns5b hcv polymerase,ns5b hcv polymerase,ns5b|hcv|polymerase,,"{""parenthetical"": [], ""dropped"": [], ""mutations"": [], ""mutation_classes"": []}",,[],9606,
ns5b polymerase,CHEMBL5375,Q8JXU8,ns5b polymerase,ns5b polymerase,ns5b|polymerase,,"{""parenthetical"": [], ""dropped"": [], ""mutations"": [], ""mutation_classes"": []}",,[],9606,
ns5b rna polymerase,CHEMBL5375,Q8JXU8,ns5b rna polymerase,ns5b rna polymerase,ns5b|rna|polymerase,,"{""parenthetical"": [], ""dropped"": [], ""mutations"": [], ""mutation_classes"": []}",,[],9606,
nsmase,CHEMBL4523470,Q9NY59,nsmase,nsmase,nsmase,,"{""parenthetical"": [], ""dropped"": [], ""mutations"": [], ""mutation_classes"": []}",,[],9606,
ntpdase 2,CHEMBL3300,O35795,ntpdase 2|ntpdase2|ntpdase-2,ntpdase 2|ntpdase2|ntpdase-2,ntpdase|2|ntpdase2|ntpdase-2,,"{""parenthetical"": [], ""dropped"": [], ""mutations"": [], ""mutation_classes"": []}",,[],9606,
ntpdase2,CHEMBL3300,O35795,ntpdase2,ntpdase2,ntpdase2,,"{""parenthetical"": [], ""dropped"": [], ""mutations"": [], ""mutation_classes"": []}",,[],9606,
nts1,CHEMBL4123,P30989,nts1,nts1,nts1,,"{""parenthetical"": [], ""dropped"": [], ""mutations"": [], ""mutation_classes"": []}",,[],9606,
nts1 receptor,CHEMBL4123,P30989,nts1,nts1 receptor,nts1,,"{""parenthetical"": [], ""dropped"": [""receptor""], ""mutations"": [], ""mutation_classes"": []}",,[],9606,
nuak1,CHEMBL5784,O60285,nuak1,nuak1,nuak1,,"{""parenthetical"": [], ""dropped"": [], ""mutations"": [], ""mutation_classes"": []}",,[],9606,
o - glcnacase,CHEMBL5921,O60502,o glcnacase|o-glcnacase|oglcnacase,o glcnacase|o-glcnacase|oglcnacase,o|glcnacase|o-glcnacase|oglcnacase,,"{""parenthetical"": [], ""dropped"": [], ""mutations"": [], ""mutation_classes"": []}",,[],9606,
oat4,CHEMBL2073677,Q9NSA0,oat4,oat4,oat4,,"{""parenthetical"": [], ""dropped"": [], ""mutations"": [], ""mutation_classes"": []}",,[],9606,
oga,CHEMBL5921,O60502,oga,oga,oga,,"{""parenthetical"": [], ""dropped"": [], ""mutations"": [], ""mutation_classes"": []}",,[],9606,
opioid receptor,CHEMBL3952,P41144,opioid,opioid receptor,opioid,oprm1 oprk1 oprd1 oprl1,"{""parenthetical"": [], ""dropped"": [""receptor""], ""mutations"": [], ""mutation_classes"": []}",,[],9606,
opioid receptor delta,CHEMBL3222,P32300,opioid delta,opioid receptor delta,opioid|delta,dor oprd1 oprm1 oprk1 oprl1,"{""parenthetical"": [], ""dropped"": [""receptor""], ""mutations"": [], ""mutation_classes"": []}",,[],9606,
opioid receptor delta 1,CHEMBL3222,P32300,opioid delta 1|opioid delta1|delta1|opioid delta-1|delta-1,opioid receptor delta 1|opioid receptor delta1|delta1|opioid receptor delta-1|delta-1,opioid|delta|1|delta1|delta-1,dor oprd1 oprm1 oprk1 oprl1,"{""parenthetical"": [], ""dropped"": [""receptor""], ""mutations"": [], ""mutation_classes"": []}",,[],9606,
opioid receptor delta 1,CHEMBL269,P33533,opioid delta 1|opioid delta1|delta1|opioid delta-1|delta-1,opioid receptor delta 1|opioid receptor delta1|delta1|opioid receptor delta-1|delta-1,opioid|delta|1|delta1|delta-1,dor oprd1 oprm1 oprk1 oprl1,"{""parenthetical"": [], ""dropped"": [""receptor""], ""mutations"": [], ""mutation_classes"": []}",,[],9606,
opioid receptor kappa,CHEMBL3952,P41144,opioid kappa,opioid receptor kappa,opioid|kappa,kor oprk1 oprm1 oprd1 oprl1,"{""parenthetical"": [], ""dropped"": [""receptor""], ""mutations"": [], ""mutation_classes"": []}",,[],9606,
opioid receptor kappa 1,CHEMBL3952,P41144,opioid kappa 1|opioid kappa1|kappa1|opioid kappa-1|kappa-1,opioid receptor kappa 1|opioid receptor kappa1|kappa1|opioid receptor kappa-1|kappa-1,opioid|kappa|1|kappa1|kappa-1,kor oprk1 oprm1 oprd1 oprl1,"{""parenthetical"": [], ""dropped"": [""receptor""], ""mutations"": [], ""mutation_classes"": []}",,[],9606,
opioid receptor mu,CHEMBL4354,P97266,opioid mu,opioid receptor mu,opioid|mu,mor oprm1 oprk1 oprd1 oprl1,"{""parenthetical"": [], ""dropped"": [""receptor""], ""mutations"": [], ""mutation_classes"": []}",,[],9606,
opioid receptor mu 1,CHEMBL233,P35372,opioid mu 1|opioid mu1|mu1|opioid mu-1|mu-1,opioid receptor mu 1|opioid receptor mu1|mu1|opioid receptor mu-1|mu-1,opioid|mu|1|mu1|mu-1,mor oprm1 oprk1 oprd1 oprl1,"{""parenthetical"": [], ""dropped"": [""receptor""], ""mutations"": [], ""mutation_classes"": []}",,[],9606,
opioid receptor mu 1,CHEMBL4354,P97266,opioid mu 1|opioid mu1|mu1|opioid mu-1|mu-1,opioid receptor mu 1|opioid receptor mu1|mu1|opioid receptor mu-1|mu-1,opioid|mu|1|mu1|mu-1,mor oprm1 oprk1 oprd1 oprl1,"{""parenthetical"": [], ""dropped"": [""receptor""], ""mutations"": [], ""mutation_classes"": []}",,[],9606,
opioid receptor mu sites,CHEMBL4354,P97266,opioid mu sites,opioid receptor mu sites,opioid|mu|sites,mor oprm1 oprk1 oprd1 oprl1,"{""parenthetical"": [], ""dropped"": [""receptor""], ""mutations"": [], ""mutation_classes"": []}",,[],9606,
opioid receptor opioid receptor kappa 1,CHEMBL3952,P41144,opioid opioid kappa 1|opioid opioid kappa1|kappa1|opioid opioid kappa-1|kappa-1,opioid receptor kappa 1|opioid receptor kappa1|kappa1|opioid receptor kappa-1|kappa-1,opioid|kappa|1|kappa1|kappa-1,kor oprk1 oprm1 oprd1 oprl1,"{""parenthetical"": [], ""dropped"": [""receptor"", ""receptor""], ""mutations"": [], ""mutation_classes"": []}",,[],9606,
opm2,CHEMBL5620,P28062,opm2,opm2,opm2,,"{""parenthetical"": [], ""dropped"": [], ""mutations"": [], ""mutation_classes"": []}",,[],9606,
orexin - 1 receptor,CHEMBL5113,O43613,orexin 1|orexin-1|orexin1,orexin 1 receptor|orexin-1 receptor|orexin-1|orexin1 receptor|orexin1,orexin|1|orexin-1|orexin1,,"{""parenthetical"": [], ""dropped"": [""receptor""], ""mutations"": [], ""mutation_classes"": []}",,[],9606,
orexin - 2 receptor,CHEMBL4792,O43614,orexin 2|orexin-2|orexin2,orexin 2 receptor|orexin-2 receptor|orexin-2|orexin2 receptor|orexin2,orexin|2|orexin-2|orexin2,,"{""parenthetical"": [], ""dropped"": [""receptor""], ""mutations"": [], ""mutation_classes"": []}",,[],9606,
orexin 1 receptor,CHEMBL5113,O43613,orexin 1|orexin1|orexin-1,orexin 1 receptor|orexin1 receptor|orexin1|orexin-1 receptor|orexin-1,orexin|1|orexin1|orexin-1,,"{""parenthetical"": [], ""dropped"": [""receptor""], ""mutations"": [], ""mutation_classes"": []}",,[],9606,
orexin 2 receptor,CHEMBL4792,O43614,orexin 2|orexin2|orexin-2,orexin 2 receptor|orexin2 receptor|orexin2|orexin-2 receptor|orexin-2,orexin|2|orexin2|orexin-2,,"{""parenthetical"": [], ""dropped"": [""receptor""], ""mutations"": [], ""mutation_classes"": []}",,[],9606,
orexin receptor 1,CHEMBL5113,O43613,orexin 1|receptor1|receptor-1,orexin receptor 1|orexin receptor1|receptor1|orexin receptor-1|receptor-1,orexin|1|receptor1|receptor-1,,"{""parenthetical"": [], ""dropped"": [""receptor""], ""mutations"": [], ""mutation_classes"": []}",,[],9606,
orexin receptor 2,CHEMBL4792,O43614,orexin 2|receptor2|receptor-2,orexin receptor 2|orexin receptor2|receptor2|orexin receptor-2|receptor-2,orexin|2|receptor2|receptor-2,,"{""parenthetical"": [], ""dropped"": [""receptor""], ""mutations"": [], ""mutation_classes"": []}",,[],9606,
osc,CHEMBL3593,P48449,osc,osc,osc,,"{""parenthetical"": [], ""dropped"": [], ""mutations"": [], ""mutation_classes"": []}",,[],9606,
osr1,CHEMBL4523406,Q8TAX0,osr1,osr1,osr1,,"{""parenthetical"": [], ""dropped"": [], ""mutations"": [], ""mutation_classes"": []}",,[],9606,
ot receptor,CHEMBL2049,P30559,ot,ot receptor,ot,oxtr,"{""parenthetical"": [], ""dropped"": [""receptor""], ""mutations"": [], ""mutation_classes"": []}",,[],9606,
otr,CHEMBL2049,P30559,otr,otr,otr,oxtr,"{""parenthetical"": [], ""dropped"": [], ""mutations"": [], ""mutation_classes"": []}",,[],9606,
otr receptor,CHEMBL2049,P30559,otr,otr receptor,otr,oxtr,"{""parenthetical"": [], ""dropped"": [""receptor""], ""mutations"": [], ""mutation_classes"": []}",,[],9606,
ox1 receptor,CHEMBL5113,O43613,ox1,ox1 receptor,ox1,,"{""parenthetical"": [], ""dropped"": [""receptor""], ""mutations"": [], ""mutation_classes"": []}",,[],9606,
ox1r,CHEMBL5113,O43613,ox1r,ox1r,ox1r,,"{""parenthetical"": [], ""dropped"": [], ""mutations"": [], ""mutation_classes"": []}",,[],9606,
ox2 receptor,CHEMBL4792,O43614,ox2,ox2 receptor,ox2,,"{""parenthetical"": [], ""dropped"": [""receptor""], ""mutations"": [], ""mutation_classes"": []}",,[],9606,
ox2r,CHEMBL4792,O43614,ox2r,ox2r,ox2r,,"{""parenthetical"": [], ""dropped"": [], ""mutations"": [], ""mutation_classes"": []}",,[],9606,
oxir,CHEMBL5113,O43613,oxir,oxir,oxir,,"{""parenthetical"": [], ""dropped"": [], ""mutations"": [], ""mutation_classes"": []}",,[],9606,
oxytocin receptor,CHEMBL2049,P30559,oxytocin,oxytocin receptor,oxytocin,oxtr,"{""parenthetical"": [], ""dropped"": [""receptor""], ""mutations"": [], ""mutation_classes"": []}",,[],9606,
p - egfr,CHEMBL203,P00533,p egfr|p-egfr|pegfr,p egfr|p-egfr|pegfr,p|egfr|p-egfr|pegfr,,"{""parenthetical"": [], ""dropped"": [], ""mutations"": [], ""mutation_classes"": []}",,[],9606,
p - glycoprotein,CHEMBL4302,P08183,p glycoprotein|p-glycoprotein|pglycoprotein,p glycoprotein|p-glycoprotein|pglycoprotein,p|glycoprotein|p-glycoprotein|pglycoprotein,,"{""parenthetical"": [], ""dropped"": [], ""mutations"": [], ""mutation_classes"": []}",,[],9606,
p - gp,CHEMBL4302,P08183,p gp|p-gp|pgp,p gp|p-gp|pgp,p|gp|p-gp|pgp,,"{""parenthetical"": [], ""dropped"": [], ""mutations"": [], ""mutation_classes"": []}",,[],9606,
p110 - beta,CHEMBL3145,P42338,p110 beta|p110-beta|p110beta,p110 beta|p110-beta|p110beta,p110|beta|p110-beta|p110beta,,"{""parenthetical"": [], ""dropped"": [], ""mutations"": [], ""mutation_classes"": []}",,[],9606,
p110 alpha phosphatidylinositol 3 - kinase,CHEMBL4005,P42336,p110 alpha phosphatidylinositol 3 kinase|p110 alpha phosphatidylinositol 3-kinase|3-kinase|p110 alpha phosphatidylinositol 3kinase|3kinase|p110 alpha phosphatidylinositol3 kinase|phosphatidylinositol3|p110 alpha phosphatidylinositol-3 kinase|phosphatidylinositol-3,p110 alpha phosphatidylinositol 3 kinase|p110 alpha phosphatidylinositol 3-kinase|3-kinase|p110 alpha phosphatidylinositol 3kinase|3kinase|p110 alpha phosphatidylinositol3 kinase|phosphatidylinositol3|p110 alpha phosphatidylinositol-3 kinase|phosphatidylinositol-3,p110|alpha|phosphatidylinositol|3|kinase|3-kinase|3kinase|phosphatidylinositol3|phosphatidylinositol-3,,"{""parenthetical"": [], ""dropped"": [], ""mutations"": [], ""mutation_classes"": []}",,[],9606,
p110alpha,CHEMBL4005,P42336,p110alpha,p110alpha,p110alpha,,"{""parenthetical"": [], ""dropped"": [], ""mutations"": [], ""mutation_classes"": []}",,[],9606,
p110alpha h1047r mutant,CHEMBL4005,P42336,p110alpha h1047r,p110alpha h1047r,p110alpha|h1047r,,"{""parenthetical"": [], ""dropped"": [], ""mutations"": [""mutant""], ""mutation_classes"": [""NONE""]}",NONE,[],9606,
p110alpha pi3k,CHEMBL4005,P42336,p110alpha pi3k,p110alpha pi3k,p110alpha|pi3k,,"{""parenthetical"": [], ""dropped"": [], ""mutations"": [], ""mutation_classes"": []}",,[],9606,
p110alpha pi3k fragment,CHEMBL4005,P42336,p110alpha pi3k,p110alpha pi3k fragment,p110alpha|pi3k,,"{""parenthetical"": [], ""dropped"": [""fragment""], ""mutations"": [], ""mutation_classes"": []}",,[],9606,
p110beta,CHEMBL3145,P42338,p110beta,p110beta,p110beta,,"{""parenthetical"": [], ""dropped"": [], ""mutations"": [], ""mutation_classes"": []}",,[],9606,
p110delta,CHEMBL3130,O00329,p110delta,p110delta,p110delta,,"{""parenthetical"": [], ""dropped"": [], ""mutations"": [], ""mutation_classes"": []}",,[],9606,
p110gamma,CHEMBL3267,P48736,p110gamma,p110gamma,p110gamma,,"{""parenthetical"": [], ""dropped"": [], ""mutations"": [], ""mutation_classes"": []}",,[],9606,
p13kalpha,CHEMBL4005,P42336,p13kalpha,p13kalpha,p13kalpha,,"{""parenthetical"": [], ""dropped"": [], ""mutations"": [], ""mutation_classes"": []}",,[],9606,
p2 synaptosome opioid receptor mu 1,CHEMBL270,P33535,p2 synaptosome opioid mu 1|p2 synaptosome opioid mu1|mu1|p2 synaptosome opioid mu-1|mu-1,p2 synaptosome opioid receptor mu 1|p2 synaptosome opioid receptor mu1|mu1|p2 synaptosome opioid receptor mu-1|mu-1,p2|synaptosome|opioid|mu|1|mu1|mu-1,mor oprm1 oprk1 oprd1 oprl1,"{""parenthetical"": [], ""dropped"": [""receptor""], ""mutations"": [], ""mutation_classes"": []}",,[],9606,
p2x1 receptor,CHEMBL2530,P47824,p2x1,p2x1 receptor,p2x1,p2rx1,"{""parenthetical"": [], ""dropped"": [""receptor""], ""mutations"": [], ""mutation_classes"": []}",,[],9606,
p2x2 receptor,CHEMBL2531,Q9UBL9,p2x2,p2x2 receptor,p2x2,p2rx2,"{""parenthetical"": [], ""dropped"": [""receptor""], ""mutations"": [], ""mutation_classes"": []}",,[],9606,
p2x3,CHEMBL2998,P56373,p2x3,p2x3,p2x3,p2rx3,"{""parenthetical"": [], ""dropped"": [], ""mutations"": [], ""mutation_classes"": []}",,[],9606,
p2x3 receptor,CHEMBL4824,P49654,p2x3,p2x3 receptor,p2x3,p2rx3,"{""parenthetical"": [], ""dropped"": [""receptor""], ""mutations"": [], ""mutation_classes"": []}",,[],9606,
p2x3 receptor,CHEMBL2998,P56373,p2x3,p2x3 receptor,p2x3,p2rx3,"{""parenthetical"": [], ""dropped"": [""receptor""], ""mutations"": [], ""mutation_classes"": []}",,[],9606,
p2x4 receptor,CHEMBL2818,P51577,p2x4,p2x4 receptor,p2x4,p2rx4,"{""parenthetical"": [], ""dropped"": [""receptor""], ""mutations"": [], ""mutation_classes"": []}",,[],9606,
p2x4 receptor,CHEMBL2104,Q99571,p2x4,p2x4 receptor,p2x4,p2rx4,"{""parenthetical"": [], ""dropped"": [""receptor""], ""mutations"": [], ""mutation_classes"": []}",,[],9606,
p2x4r,CHEMBL2104,Q99571,p2x4r,p2x4r,p2x4r,p2rx4,"{""parenthetical"": [], ""dropped"": [], ""mutations"": [], ""mutation_classes"": []}",,[],9606,
p2x7,CHEMBL4805,Q99572,p2x7,p2x7,p2x7,p2rx7,"{""parenthetical"": [], ""dropped"": [], ""mutations"": [], ""mutation_classes"": []}",,[],9606,
p2x7 receptor,CHEMBL2496,Q64663,p2x7,p2x7 receptor,p2x7,p2rx7,"{""parenthetical"": [], ""dropped"": [""receptor""], ""mutations"": [], ""mutation_classes"": []}",,[],9606,
p2x7 receptor,CHEMBL4805,Q99572,p2x7,p2x7 receptor,p2x7,p2rx7,"{""parenthetical"": [], ""dropped"": [""receptor""], ""mutations"": [], ""mutation_classes"": []}",,[],9606,
p2x7 receptor,CHEMBL5183,Q9Z1M0,p2x7,p2x7 receptor,p2x7,p2rx7,"{""parenthetical"": [], ""dropped"": [""receptor""], ""mutations"": [], ""mutation_classes"": []}",,[],9606,
p2x7r,CHEMBL4805,Q99572,p2x7r,p2x7r,p2x7r,p2rx7,"{""parenthetical"": [], ""dropped"": [], ""mutations"": [], ""mutation_classes"": []}",,[],9606,
p2y purinoceptor 1,CHEMBL4315,P47900,p2y purinoceptor 1|p2y purinoceptor1|purinoceptor1|p2y purinoceptor-1|purinoceptor-1,p2y purinoceptor 1|p2y purinoceptor1|purinoceptor1|p2y purinoceptor-1|purinoceptor-1,p2y|purinoceptor|1|purinoceptor1|purinoceptor-1,,"{""parenthetical"": [], ""dropped"": [], ""mutations"": [], ""mutation_classes"": []}",,[],9606,
p2y1 ),CHEMBL5720,P49652,p2y1 ),p2y1 ),p2y1|),,"{""parenthetical"": [], ""dropped"": [], ""mutations"": [], ""mutation_classes"": []}",,[],9606,
p2y1 receptor,CHEMBL4315,P47900,p2y1,p2y1 receptor,p2y1,p2ry1,"{""parenthetical"": [], ""dropped"": [""receptor""], ""mutations"": [], ""mutation_classes"": []}",,[],9606,
p2y1 receptor,CHEMBL5720,P49652,p2y1,p2y1 receptor,p2y1,p2ry1,"{""parenthetical"": [], ""dropped"": [""receptor""], ""mutations"": [], ""mutation_classes"": []}",,[],9606,
p2y12 receptor,CHEMBL2001,Q9H244,p2y12,p2y12 receptor,p2y12,p2ry12,"{""parenthetical"": [], ""dropped"": [""receptor""], ""mutations"": [], ""mutation_classes"": []}",,[],9606,
p2y14,CHEMBL4518,Q15391,p2y14,p2y14,p2y14,,"{""parenthetical"": [], ""dropped"": [], ""mutations"": [], ""mutation_classes"": []}",,[],9606,
p2y14 receptor,CHEMBL1770046,Q9ESG6,p2y14,p2y14 receptor,p2y14,p2ry14,"{""parenthetical"": [], ""dropped"": [""receptor""], ""mutations"": [], ""mutation_classes"": []}",,[],9606,
p2y14r,CHEMBL4518,Q15391,p2y14r,p2y14r,p2y14r,,"{""parenthetical"": [], ""dropped"": [], ""mutations"": [], ""mutation_classes"": []}",,[],9606,
p2y14r,CHEMBL1770046,Q9ESG6,p2y14r,p2y14r,p2y14r,,"{""parenthetical"": [], ""dropped"": [], ""mutations"": [], ""mutation_classes"": []}",,[],9606,
p2y2 receptor,CHEMBL4398,P41231,p2y2,p2y2 receptor,p2y2,p2ry2,"{""parenthetical"": [], ""dropped"": [""receptor""], ""mutations"": [], ""mutation_classes"": []}",,[],9606,
p2y2 receptor c278s mutant,CHEMBL4398,P41231,p2y2 c278s,p2y2 receptor c278s,p2y2|c278s,p2ry2,"{""parenthetical"": [], ""dropped"": [""receptor""], ""mutations"": [""mutant""], ""mutation_classes"": [""NONE""]}",NONE,[],9606,
p2y2 receptor r194a mutant,CHEMBL4398,P41231,p2y2 r194a,p2y2 receptor r194a,p2y2|r194a,p2ry2,"{""parenthetical"": [], ""dropped"": [""receptor""], ""mutations"": [""mutant""], ""mutation_classes"": [""NONE""]}",NONE,[],9606,
p2y4 receptor,CHEMBL2123,P51582,p2y4,p2y4 receptor,p2y4,p2ry4,"{""parenthetical"": [], ""dropped"": [""receptor""], ""mutations"": [], ""mutation_classes"": []}",,[],9606,
p2y6 receptor,CHEMBL4714,Q15077,p2y6,p2y6 receptor,p2y6,p2ry6,"{""parenthetical"": [], ""dropped"": [""receptor""], ""mutations"": [], ""mutation_classes"": []}",,[],9606,
p2y6 receptor,CHEMBL3543,Q63371,p2y6,p2y6 receptor,p2y6,p2ry6,"{""parenthetical"": [], ""dropped"": [""receptor""], ""mutations"": [], ""mutation_classes"": []}",,[],9606,
p300,CHEMBL3784,Q09472,p300,p300,p300,,"{""parenthetical"": [], ""dropped"": [], ""mutations"": [], ""mutation_classes"": []}",,[],9606,
p300 bhc domain,CHEMBL3784,Q09472,p300 bhc domain,p300 bhc domain,p300|bhc|domain,,"{""parenthetical"": [], ""dropped"": [], ""mutations"": [], ""mutation_classes"": []}",,[],9606,
p300 bromodomain hat - c / h3 domain,CHEMBL3784,Q09472,p300 bromodomain hat c h3 domain|p300 bromodomain hat-c h3 domain|hat-c|p300 bromodomain hatc h3 domain|hatc,p300 bromodomain hat c h3 domain|p300 bromodomain hat-c h3 domain|hat-c|p300 bromodomain hatc h3 domain|hatc,p300|bromodomain|hat|c|h3|domain|hat-c|hatc,,"{""parenthetical"": [], ""dropped"": [], ""mutations"": [], ""mutation_classes"": []}",,[],9606,bromodomain
p300 domain,CHEMBL3784,Q09472,p300 domain,p300 domain,p300|domain,,"{""parenthetical"": [], ""dropped"": [], ""mutations"": [], ""mutation_classes"": []}",,[],9606,
p300 hat,CHEMBL3784,Q09472,p300 hat,p300 hat,p300|hat,,"{""parenthetical"": [], ""dropped"": [], ""mutations"": [], ""mutation_classes"": []}",,[],9606,
p300 hat domain,CHEMBL3784,Q09472,p300 hat domain,p300 hat domain,p300|hat|domain,,"{""parenthetical"": [], ""dropped"": [], ""mutations"": [], ""mutation_classes"": []}",,[],9606,
p38 - alpha,CHEMBL260,Q16539,p38 alpha|p38-alpha|p38alpha,p38 alpha|p38-alpha|p38alpha,p38|alpha|p38-alpha|p38alpha,,"{""parenthetical"": [], ""dropped"": [], ""mutations"": [], ""mutation_classes"": []}",,[],9606,
p38 - alpha kinase,CHEMBL260,Q16539,p38 alpha kinase|p38-alpha kinase|p38-alpha|p38alpha kinase|p38alpha,p38 alpha kinase|p38-alpha kinase|p38-alpha|p38alpha kinase|p38alpha,p38|alpha|kinase|p38-alpha|p38alpha,,"{""parenthetical"": [], ""dropped"": [], ""mutations"": [], ""mutation_classes"": []}",,[],9606,
p38 - alpha mapk,CHEMBL260,Q16539,p38 alpha mapk|p38-alpha mapk|p38-alpha|p38alpha mapk|p38alpha,p38 alpha mapk|p38-alpha mapk|p38-alpha|p38alpha mapk|p38alpha,p38|alpha|mapk|p38-alpha|p38alpha,,"{""parenthetical"": [], ""dropped"": [], ""mutations"": [], ""mutation_classes"": []}",,[],9606,
p38 alpha,CHEMBL260,Q16539,p38 alpha,p38 alpha,p38|alpha,,"{""parenthetical"": [], ""dropped"": [], ""mutations"": [], ""mutation_classes"": []}",,[],9606,
p38 alpha map kinase,CHEMBL260,Q16539,p38 alpha map kinase,p38 alpha map kinase,p38|alpha|map|kinase,,"{""parenthetical"": [], ""dropped"": [], ""mutations"": [], ""mutation_classes"": []}",,[],9606,
p38 alpha mapk,CHEMBL260,Q16539,p38 alpha mapk,p38 alpha mapk,p38|alpha|mapk,,"{""parenthetical"": [], ""dropped"": [], ""mutations"": [], ""mutation_classes"": []}",,[],9606,
p38 mapk alpha,CHEMBL260,Q16539,p38 mapk alpha,p38 mapk alpha,p38|mapk|alpha,,"{""parenthetical"": [], ""dropped"": [], ""mutations"": [], ""mutation_classes"": []}",,[],9606,
p38 mapkalpha,CHEMBL260,Q16539,p38 mapkalpha,p38 mapkalpha,p38|mapkalpha,,"{""parenthetical"": [], ""dropped"": [], ""mutations"": [], ""mutation_classes"": []}",,[],9606,
p38a / mapk14,CHEMBL260,Q16539,p38a mapk14,p38a mapk14,p38a|mapk14,,"{""parenthetical"": [], ""dropped"": [], ""mutations"": [], ""mutation_classes"": []}",,[],9606,
p38alpha,CHEMBL4439,P36897,p38alpha,p38alpha,p38alpha,,"{""parenthetical"": [], ""dropped"": [], ""mutations"": [], ""mutation_classes"": []}",,[],9606,
p38alpha,CHEMBL2336,P47811,p38alpha,p38alpha,p38alpha,,"{""parenthetical"": [], ""dropped"": [], ""mutations"": [], ""mutation_classes"": []}",,[],9606,
p38alpha,CHEMBL260,Q16539,p38alpha,p38alpha,p38alpha,,"{""parenthetical"": [], ""dropped"": [], ""mutations"": [], ""mutation_classes"": []}",,[],9606,
p38alpha map kinase,CHEMBL260,Q16539,p38alpha map kinase,p38alpha map kinase,p38alpha|map|kinase,,"{""parenthetical"": [], ""dropped"": [], ""mutations"": [], ""mutation_classes"": []}",,[],9606,
p38alpha mapk,CHEMBL260,Q16539,p38alpha mapk,p38alpha mapk,p38alpha|mapk,,"{""parenthetical"": [], ""dropped"": [], ""mutations"": [], ""mutation_classes"": []}",,[],9606,
p38beta,CHEMBL3961,Q15759,p38beta,p38beta,p38beta,,"{""parenthetical"": [], ""dropped"": [], ""mutations"": [], ""mutation_classes"": []}",,[],9606,
p38delta,CHEMBL2939,O15264,p38delta,p38delta,p38delta,,"{""parenthetical"": [], ""dropped"": [], ""mutations"": [], ""mutation_classes"": []}",,[],9606,
p38gamma,CHEMBL4674,P53778,p38gamma,p38gamma,p38gamma,,"{""parenthetical"": [], ""dropped"": [], ""mutations"": [], ""mutation_classes"": []}",,[],9606,
p450 - 17alpha,CHEMBL4430,P11715,p450 17alpha|p450-17alpha|p45017alpha,p450 17alpha|p450-17alpha|p45017alpha,p450|17alpha|p450-17alpha|p45017alpha,,"{""parenthetical"": [], ""dropped"": [], ""mutations"": [], ""mutation_classes"": []}",,[],9606,
p450 17,CHEMBL3522,P05093,p450 17,p450 17,p450|17,,"{""parenthetical"": [], ""dropped"": [], ""mutations"": [], ""mutation_classes"": []}",,[],9606,
p450 17 and nadph - p450 reductase,CHEMBL3522,P05093,p450 17 and nadph p450 reductase|p450 17 and nadph-p450 reductase|nadph-p450|p450 17 and nadphp450 reductase|nadphp450,p450 17 and nadph reductase|nadph-p450|nadphp450,p450|17|and|nadph|reductase|nadph-p450|nadphp450,,"{""parenthetical"": [], ""dropped"": [], ""mutations"": [], ""mutation_classes"": []}",,[],9606,
p53,CHEMBL4096,P04637,p53,p53,p53,,"{""parenthetical"": [], ""dropped"": [], ""mutations"": [], ""mutation_classes"": []}",,[],9606,
p53,CHEMBL5023,Q00987,p53,p53,p53,,"{""parenthetical"": [], ""dropped"": [], ""mutations"": [], ""mutation_classes"": []}",,[],9606,
p53 - cbp,CHEMBL5747,Q92793,p53 cbp|p53-cbp|p53cbp,p53 cbp|p53-cbp|p53cbp,p53|cbp|p53-cbp|p53cbp,,"{""parenthetical"": [], ""dropped"": [], ""mutations"": [], ""mutation_classes"": []}",,[],9606,
p53 - cbp bromodomain interaction,CHEMBL5747,Q92793,p53 cbp bromodomain interaction|p53-cbp bromodomain interaction|p53-cbp|p53cbp bromodomain interaction|p53cbp,p53 cbp bromodomain interaction|p53-cbp bromodomain interaction|p53-cbp|p53cbp bromodomain interaction|p53cbp,p53|cbp|bromodomain|interaction|p53-cbp|p53cbp,,"{""parenthetical"": [], ""dropped"": [], ""mutations"": [], ""mutation_classes"": []}",,[],9606,bromodomain
p53 - hdm2,CHEMBL5023,Q00987,p53 hdm2|p53-hdm2|p53hdm2,p53 hdm2|p53-hdm2|p53hdm2,p53|hdm2|p53-hdm2|p53hdm2,,"{""parenthetical"": [], ""dropped"": [], ""mutations"": [], ""mutation_classes"": []}",,[],9606,
p53 - mdm2,CHEMBL5023,Q00987,p53 mdm2|p53-mdm2|p53mdm2,p53 mdm2|p53-mdm2|p53mdm2,p53|mdm2|p53-mdm2|p53mdm2,,"{""parenthetical"": [], ""dropped"": [], ""mutations"": [], ""mutation_classes"": []}",,[],9606,
p53 - mdm2 interaction,CHEMBL5023,Q00987,p53 mdm2 interaction|p53-mdm2 interaction|p53-mdm2|p53mdm2 interaction|p53mdm2,p53 mdm2 interaction|p53-mdm2 interaction|p53-mdm2|p53mdm2 interaction|p53mdm2,p53|mdm2|interaction|p53-mdm2|p53mdm2,,"{""parenthetical"": [], ""dropped"": [], ""mutations"": [], ""mutation_classes"": []}",,[],9606,
p55 fyn tyrosine kinase .,CHEMBL1841,P06241,p55 fyn tyrosine kinase,p55 fyn tyrosine kinase,p55|fyn|tyrosine|kinase,,"{""parenthetical"": [], ""dropped"": [], ""mutations"": [], ""mutation_classes"": []}",,[],9606,
p56 lck,CHEMBL258,P06239,p56 lck,p56 lck,p56|lck,,"{""parenthetical"": [], ""dropped"": [], ""mutations"": [], ""mutation_classes"": []}",,[],9606,
p56 lck tyrosine kinase,CHEMBL258,P06239,p56 lck tyrosine kinase,p56 lck tyrosine kinase,p56|lck|tyrosine|kinase,,"{""parenthetical"": [], ""dropped"": [], ""mutations"": [], ""mutation_classes"": []}",,[],9606,
p56 lck tyrosine kinase,CHEMBL2480,P06240,p56 lck tyrosine kinase,p56 lck tyrosine kinase,p56|lck|tyrosine|kinase,,"{""parenthetical"": [], ""dropped"": [], ""mutations"": [], ""mutation_classes"": []}",,[],9606,
p60 c - src,CHEMBL267,P12931,p60 c src|p60 c-src|c-src|p60 csrc|csrc,p60 c src|p60 c-src|c-src|p60 csrc|csrc,p60|c|src|c-src|csrc,,"{""parenthetical"": [], ""dropped"": [], ""mutations"": [], ""mutation_classes"": []}",,[],9606,
p60 c - src tyrosine kinase,CHEMBL267,P12931,p60 c src tyrosine kinase|p60 c-src tyrosine kinase|c-src|p60 csrc tyrosine kinase|csrc,p60 c src tyrosine kinase|p60 c-src tyrosine kinase|c-src|p60 csrc tyrosine kinase|csrc,p60|c|src|tyrosine|kinase|c-src|csrc,,"{""parenthetical"": [], ""dropped"": [], ""mutations"": [], ""mutation_classes"": []}",,[],9606,
p66 / p51 hiv1 reverse transcriptase,CHEMBL247,Q72547,p66 p51 hiv1 reverse transcriptase,p66 p51 hiv1 reverse transcriptase,p66|p51|hiv1|reverse|transcriptase,,"{""parenthetical"": [], ""dropped"": [], ""mutations"": [], ""mutation_classes"": []}",,[],9606,
p66 / p51 reverse transcriptase,CHEMBL247,Q72547,p66 p51 reverse transcriptase,p66 p51 reverse transcriptase,p66|p51|reverse|transcriptase,,"{""parenthetical"": [], ""dropped"": [], ""mutations"": [], ""mutation_classes"": []}",,[],9606,
p70s6k,CHEMBL4501,P23443,p70s6k,p70s6k,p70s6k,,"{""parenthetical"": [], ""dropped"": [], ""mutations"": [], ""mutation_classes"": []}",,[],9606,
p70s6k d18h and t412e mutant,CHEMBL4501,P23443,p70s6k d18h and t412e,p70s6k d18h and t412e,p70s6k|d18h|and|t412e,,"{""parenthetical"": [], ""dropped"": [], ""mutations"": [""mutant""], ""mutation_classes"": [""NONE""]}",NONE,[],9606,
p70s6kb,CHEMBL3111,Q9UBS0,p70s6kb,p70s6kb,p70s6kb,,"{""parenthetical"": [], ""dropped"": [], ""mutations"": [], ""mutation_classes"": []}",,[],9606,
p97,CHEMBL1075145,P55072,p97,p97,p97,,"{""parenthetical"": [], ""dropped"": [], ""mutations"": [], ""mutation_classes"": []}",,[],9606,
p97 atpase,CHEMBL1075145,P55072,p97 atpase,p97 atpase,p97|atpase,,"{""parenthetical"": [], ""dropped"": [], ""mutations"": [], ""mutation_classes"": []}",,[],9606,
paf,CHEMBL288,Q08499,paf,paf,paf,,"{""parenthetical"": [], ""dropped"": [], ""mutations"": [], ""mutation_classes"": []}",,[],9606,
pai1,CHEMBL3475,P05121,pai1,pai1,pai1,,"{""parenthetical"": [], ""dropped"": [], ""mutations"": [], ""mutation_classes"": []}",,[],9606,
pak1,CHEMBL4600,Q13153,pak1,pak1,pak1,,"{""parenthetical"": [], ""dropped"": [], ""mutations"": [], ""mutation_classes"": []}",,[],9606,
pak1 kinase,CHEMBL4600,Q13153,pak1 kinase,pak1 kinase,pak1|kinase,,"{""parenthetical"": [], ""dropped"": [], ""mutations"": [], ""mutation_classes"": []}",,[],9606,
pak1 kinase domain,CHEMBL4600,Q13153,pak1 kinase domain,pak1 kinase domain,pak1|kinase|domain,,"{""parenthetical"": [], ""dropped"": [], ""mutations"": [], ""mutation_classes"": []}",,[],9606,
pak2,CHEMBL4487,Q13177,pak2,pak2,pak2,,"{""parenthetical"": [], ""dropped"": [], ""mutations"": [], ""mutation_classes"": []}",,[],9606,
pak3,CHEMBL2999,O75914,pak3,pak3,pak3,,"{""parenthetical"": [], ""dropped"": [], ""mutations"": [], ""mutation_classes"": []}",,[],9606,
pak4,CHEMBL4482,O96013,pak4,pak4,pak4,,"{""parenthetical"": [], ""dropped"": [], ""mutations"": [], ""mutation_classes"": []}",,[],9606,
pak4 kinase,CHEMBL4482,O96013,pak4 kinase,pak4 kinase,pak4|kinase,,"{""parenthetical"": [], ""dropped"": [], ""mutations"": [], ""mutation_classes"": []}",,[],9606,
pak4 kinase domain,CHEMBL4482,O96013,pak4 kinase domain,pak4 kinase domain,pak4|kinase|domain,,"{""parenthetical"": [], ""dropped"": [], ""mutations"": [], ""mutation_classes"": []}",,[],9606,
pak5,CHEMBL4524,Q9P286,pak5,pak5,pak5,,"{""parenthetical"": [], ""dropped"": [], ""mutations"": [], ""mutation_classes"": []}",,[],9606,
pak6,CHEMBL4311,Q9NQU5,pak6,pak6,pak6,,"{""parenthetical"": [], ""dropped"": [], ""mutations"": [], ""mutation_classes"": []}",,[],9606,
pancreatic lipase,CHEMBL1687677,P00591,pancreatic lipase,pancreatic lipase,pancreatic|lipase,,"{""parenthetical"": [], ""dropped"": [], ""mutations"": [], ""mutation_classes"": []}",,[],9606,
pancreatic lipase,CHEMBL1812,P16233,pancreatic lipase,pancreatic lipase,pancreatic|lipase,,"{""parenthetical"": [], ""dropped"": [], ""mutations"": [], ""mutation_classes"": []}",,[],9606,
pancreatic pla2,CHEMBL4715,P00592,pancreatic pla2,pancreatic pla2,pancreatic|pla2,,"{""parenthetical"": [], ""dropped"": [], ""mutations"": [], ""mutation_classes"": []}",,[],9606,
par1,CHEMBL3974,P25116,par1,par1,par1,,"{""parenthetical"": [], ""dropped"": [], ""mutations"": [], ""mutation_classes"": []}",,[],9606,
par2,CHEMBL5963,P55085,par2,par2,par2,,"{""parenthetical"": [], ""dropped"": [], ""mutations"": [], ""mutation_classes"": []}",,[],9606,
par2 receptor,CHEMBL5963,P55085,par2,par2 receptor,par2,f2rl1 f2r,"{""parenthetical"": [], ""dropped"": [""receptor""], ""mutations"": [], ""mutation_classes"": []}",,[],9606,
par4,CHEMBL4691,Q96RI0,par4,par4,par4,,"{""parenthetical"": [], ""dropped"": [], ""mutations"": [], ""mutation_classes"": []}",,[],9606,
parenchymal,CHEMBL5645,Q2NNR5,parenchymal,parenchymal,parenchymal,,"{""parenthetical"": [], ""dropped"": [], ""mutations"": [], ""mutation_classes"": []}",,[],9606,
parp - 1,CHEMBL3105,P09874,parp 1|parp-1|parp1,parp 1|parp-1|parp1,parp|1|parp-1|parp1,,"{""parenthetical"": [], ""dropped"": [], ""mutations"": [], ""mutation_classes"": []}",,[],9606,
parp - 1,CHEMBL5691,P18493,parp 1|parp-1|parp1,parp 1|parp-1|parp1,parp|1|parp-1|parp1,,"{""parenthetical"": [], ""dropped"": [], ""mutations"": [], ""mutation_classes"": []}",,[],9606,
parp - 1 ),CHEMBL3105,P09874,parp 1 )|parp-1 )|parp-1|parp1 )|parp1,parp 1 )|parp-1 )|parp-1|parp1 )|parp1,parp|1|)|parp-1|parp1,,"{""parenthetical"": [], ""dropped"": [], ""mutations"": [], ""mutation_classes"": []}",,[],9606,
parp - 2,CHEMBL2794,O88554,parp 2|parp-2|parp2,parp 2|parp-2|parp2,parp|2|parp-2|parp2,,"{""parenthetical"": [], ""dropped"": [], ""mutations"": [], ""mutation_classes"": []}",,[],9606,
parp - 2,CHEMBL5366,Q9UGN5,parp 2|parp-2|parp2,parp 2|parp-2|parp2,parp|2|parp-2|parp2,,"{""parenthetical"": [], ""dropped"": [], ""mutations"": [], ""mutation_classes"": []}",,[],9606,
parp1,CHEMBL3105,P09874,parp1,parp1,parp1,,"{""parenthetical"": [], ""dropped"": [], ""mutations"": [], ""mutation_classes"": []}",,[],9606,
parp1,CHEMBL5691,P18493,parp1,parp1,parp1,,"{""parenthetical"": [], ""dropped"": [], ""mutations"": [], ""mutation_classes"": []}",,[],9606,
parp10,CHEMBL2429708,Q53GL7,parp10,parp10,parp10,,"{""parenthetical"": [], ""dropped"": [], ""mutations"": [], ""mutation_classes"": []}",,[],9606,
parp14,CHEMBL2176777,Q460N5,parp14,parp14,parp14,,"{""parenthetical"": [], ""dropped"": [], ""mutations"": [], ""mutation_classes"": []}",,[],9606,
parp2,CHEMBL5366,Q9UGN5,parp2,parp2,parp2,,"{""parenthetical"": [], ""dropped"": [], ""mutations"": [], ""mutation_classes"": []}",,[],9606,
parp3,CHEMBL5083,Q9Y6F1,parp3,parp3,parp3,,"{""parenthetical"": [], ""dropped"": [], ""mutations"": [], ""mutation_classes"": []}",,[],9606,
parp4,CHEMBL6142,Q9UKK3,parp4,parp4,parp4,,"{""parenthetical"": [], ""dropped"": [], ""mutations"": [], ""mutation_classes"": []}",,[],9606,
pask,CHEMBL6054,Q96RG2,pask,pask,pask,,"{""parenthetical"": [], ""dropped"": [], ""mutations"": [], ""mutation_classes"": []}",,[],9606,
pbk,CHEMBL4896,Q96KB5,pbk,pbk,pbk,,"{""parenthetical"": [], ""dropped"": [], ""mutations"": [], ""mutation_classes"": []}",,[],9606,
pbr,CHEMBL4552,P16257,pbr,pbr,pbr,,"{""parenthetical"": [], ""dropped"": [], ""mutations"": [], ""mutation_classes"": []}",,[],9606,
pbr,CHEMBL5742,P30536,pbr,pbr,pbr,,"{""parenthetical"": [], ""dropped"": [], ""mutations"": [], ""mutation_classes"": []}",,[],9606,
pbr ( peripheral benzodiazepine receptor ),CHEMBL4552,P16257,pbr,pbr,pbr,,"{""parenthetical"": [""peripheral benzodiazepine receptor""], ""dropped"": [], ""mutations"": [], ""mutation_classes"": []}",,[],9606,
pcaf,CHEMBL5500,Q92831,pcaf,pcaf,pcaf,,"{""parenthetical"": [], ""dropped"": [], ""mutations"": [], ""mutation_classes"": []}",,[],9606,
pcaf bromo,CHEMBL5500,Q92831,pcaf bromo,pcaf bromo,pcaf|bromo,,"{""parenthetical"": [], ""dropped"": [], ""mutations"": [], ""mutation_classes"": []}",,[],9606,
pcaf bromodomain,CHEMBL5500,Q92831,pcaf bromodomain,pcaf bromodomain,pcaf|bromodomain,,"{""parenthetical"": [], ""dropped"": [], ""mutations"": [], ""mutation_classes"": []}",,[],9606,bromodomain
pcaf n - terminal bromodomain,CHEMBL5500,Q92831,pcaf n terminal bromodomain|pcaf n-terminal bromodomain|n-terminal|pcaf nterminal bromodomain|nterminal,pcaf n terminal bromodomain|pcaf n-terminal bromodomain|n-terminal|pcaf nterminal bromodomain|nterminal,pcaf|n|terminal|bromodomain|n-terminal|nterminal,,"{""parenthetical"": [], ""dropped"": [], ""mutations"": [], ""mutation_classes"": []}",,[],9606,bromodomain
pcft,CHEMBL1795188,Q96NT5,pcft,pcft,pcft,,"{""parenthetical"": [], ""dropped"": [], ""mutations"": [], ""mutation_classes"": []}",,[],9606,
pcft4,CHEMBL1795188,Q96NT5,pcft4,pcft4,pcft4,,"{""parenthetical"": [], ""dropped"": [], ""mutations"": [], ""mutation_classes"": []}",,[],9606,
pcna,CHEMBL2346488,P12004,pcna,pcna,pcna,,"{""parenthetical"": [], ""dropped"": [], ""mutations"": [], ""mutation_classes"": []}",,[],9606,
pd - l1,CHEMBL3580522,Q9NZQ7,pd l1|pd-l1|pdl1,pd l1|pd-l1|pdl1,pd|l1|pd-l1|pdl1,,"{""parenthetical"": [], ""dropped"": [], ""mutations"": [], ""mutation_classes"": []}",,[],9606,
pde10,CHEMBL4409,Q9Y233,pde10,pde10,pde10,,"{""parenthetical"": [], ""dropped"": [], ""mutations"": [], ""mutation_classes"": []}",,[],9606,
pde10a,CHEMBL6140,Q9QYJ6,pde10a,pde10a,pde10a,,"{""parenthetical"": [], ""dropped"": [], ""mutations"": [], ""mutation_classes"": []}",,[],9606,
pde10a,CHEMBL4409,Q9Y233,pde10a,pde10a,pde10a,,"{""parenthetical"": [], ""dropped"": [], ""mutations"": [], ""mutation_classes"": []}",,[],9606,
pde10a2,CHEMBL4409,Q9Y233,pde10a2,pde10a2,pde10a2,,"{""parenthetical"": [], ""dropped"": [], ""mutations"": [], ""mutation_classes"": []}",,[],9606,
pde11,CHEMBL2717,Q9HCR9,pde11,pde11,pde11,,"{""parenthetical"": [], ""dropped"": [], ""mutations"": [], ""mutation_classes"": []}",,[],9606,
pde11a,CHEMBL2717,Q9HCR9,pde11a,pde11a,pde11a,,"{""parenthetical"": [], ""dropped"": [], ""mutations"": [], ""mutation_classes"": []}",,[],9606,
pde11a4,CHEMBL2717,Q9HCR9,pde11a4,pde11a4,pde11a4,,"{""parenthetical"": [], ""dropped"": [], ""mutations"": [], ""mutation_classes"": []}",,[],9606,
pde2,CHEMBL2652,O00408,pde2,pde2,pde2,,"{""parenthetical"": [], ""dropped"": [], ""mutations"": [], ""mutation_classes"": []}",,[],9606,
pde2 ),CHEMBL3477,P14099,pde2 ),pde2 ),pde2|),,"{""parenthetical"": [], ""dropped"": [], ""mutations"": [], ""mutation_classes"": []}",,[],9606,
pde2a,CHEMBL2652,O00408,pde2a,pde2a,pde2a,,"{""parenthetical"": [], ""dropped"": [], ""mutations"": [], ""mutation_classes"": []}",,[],9606,
pde3,CHEMBL5129,E1BN64,pde3,pde3,pde3,,"{""parenthetical"": [], ""dropped"": [], ""mutations"": [], ""mutation_classes"": []}",,[],9606,
pde3 ( 3,CHEMBL5129,E1BN64,pde3 ( 3,pde3 ( 3,pde3|(|3,,"{""parenthetical"": [], ""dropped"": [], ""mutations"": [], ""mutation_classes"": []}",,[],9606,
pde3a,CHEMBL241,Q14432,pde3a,pde3a,pde3a,,"{""parenthetical"": [], ""dropped"": [], ""mutations"": [], ""mutation_classes"": []}",,[],9606,
pde3b,CHEMBL290,Q13370,pde3b,pde3b,pde3b,,"{""parenthetical"": [], ""dropped"": [], ""mutations"": [], ""mutation_classes"": []}",,[],9606,
pde4,CHEMBL291,Q08493,pde4,pde4,pde4,,"{""parenthetical"": [], ""dropped"": [], ""mutations"": [], ""mutation_classes"": []}",,[],9606,
pde4 ),CHEMBL3333,O77823,pde4 ),pde4 ),pde4|),,"{""parenthetical"": [], ""dropped"": [], ""mutations"": [], ""mutation_classes"": []}",,[],9606,
pde4 cat,CHEMBL291,Q08493,pde4 cat,pde4 cat,pde4|cat,,"{""parenthetical"": [], ""dropped"": [], ""mutations"": [], ""mutation_classes"": []}",,[],9606,
pde4a,CHEMBL254,P27815,pde4a,pde4a,pde4a,,"{""parenthetical"": [], ""dropped"": [], ""mutations"": [], ""mutation_classes"": []}",,[],9606,
pde4a4,CHEMBL254,P27815,pde4a4,pde4a4,pde4a4,,"{""parenthetical"": [], ""dropped"": [], ""mutations"": [], ""mutation_classes"": []}",,[],9606,
pde4b,CHEMBL275,Q07343,pde4b,pde4b,pde4b,,"{""parenthetical"": [], ""dropped"": [], ""mutations"": [], ""mutation_classes"": []}",,[],9606,
pde4b1,CHEMBL275,Q07343,pde4b1,pde4b1,pde4b1,,"{""parenthetical"": [], ""dropped"": [], ""mutations"": [], ""mutation_classes"": []}",,[],9606,
pde4b2,CHEMBL275,Q07343,pde4b2,pde4b2,pde4b2,,"{""parenthetical"": [], ""dropped"": [], ""mutations"": [], ""mutation_classes"": []}",,[],9606,
pde4b3,CHEMBL275,Q07343,pde4b3,pde4b3,pde4b3,,"{""parenthetical"": [], ""dropped"": [], ""mutations"": [], ""mutation_classes"": []}",,[],9606,
pde4c,CHEMBL291,Q08493,pde4c,pde4c,pde4c,,"{""parenthetical"": [], ""dropped"": [], ""mutations"": [], ""mutation_classes"": []}",,[],9606,
pde4c1,CHEMBL291,Q08493,pde4c1,pde4c1,pde4c1,,"{""parenthetical"": [], ""dropped"": [], ""mutations"": [], ""mutation_classes"": []}",,[],9606,
pde4d,CHEMBL288,Q08499,pde4d,pde4d,pde4d,,"{""parenthetical"": [], ""dropped"": [], ""mutations"": [], ""mutation_classes"": []}",,[],9606,
pde4d1,CHEMBL288,Q08499,pde4d1,pde4d1,pde4d1,,"{""parenthetical"": [], ""dropped"": [], ""mutations"": [], ""mutation_classes"": []}",,[],9606,
pde4d2,CHEMBL288,Q08499,pde4d2,pde4d2,pde4d2,,"{""parenthetical"": [], ""dropped"": [], ""mutations"": [], ""mutation_classes"": []}",,[],9606,
pde4d3,CHEMBL288,Q08499,pde4d3,pde4d3,pde4d3,,"{""parenthetical"": [], ""dropped"": [], ""mutations"": [], ""mutation_classes"": []}",,[],9606,
pde4d4,CHEMBL288,Q08499,pde4d4,pde4d4,pde4d4,,"{""parenthetical"": [], ""dropped"": [], ""mutations"": [], ""mutation_classes"": []}",,[],9606,
pde4d5,CHEMBL288,Q08499,pde4d5,pde4d5,pde4d5,,"{""parenthetical"": [], ""dropped"": [], ""mutations"": [], ""mutation_classes"": []}",,[],9606,
pde4d7,CHEMBL288,Q08499,pde4d7,pde4d7,pde4d7,,"{""parenthetical"": [], ""dropped"": [], ""mutations"": [], ""mutation_classes"": []}",,[],9606,
pde5,CHEMBL1827,O76074,pde5,pde5,pde5,,"{""parenthetical"": [], ""dropped"": [], ""mutations"": [], ""mutation_classes"": []}",,[],9606,
pde5,CHEMBL3478,Q28156,pde5,pde5,pde5,,"{""parenthetical"": [], ""dropped"": [], ""mutations"": [], ""mutation_classes"": []}",,[],9606,
pde5 ( 5,CHEMBL3478,Q28156,pde5 ( 5,pde5 ( 5,pde5|(|5,,"{""parenthetical"": [], ""dropped"": [], ""mutations"": [], ""mutation_classes"": []}",,[],9606,
pde5 ),CHEMBL1827,O76074,pde5 ),pde5 ),pde5|),,"{""parenthetical"": [], ""dropped"": [], ""mutations"": [], ""mutation_classes"": []}",,[],9606,
pde5 ),CHEMBL2304402,O77746,pde5 ),pde5 ),pde5|),,"{""parenthetical"": [], ""dropped"": [], ""mutations"": [], ""mutation_classes"": []}",,[],9606,
pde5a,CHEMBL1827,O76074,pde5a,pde5a,pde5a,,"{""parenthetical"": [], ""dropped"": [], ""mutations"": [], ""mutation_classes"": []}",,[],9606,
pde5a1,CHEMBL1827,O76074,pde5a1,pde5a1,pde5a1,,"{""parenthetical"": [], ""dropped"": [], ""mutations"": [], ""mutation_classes"": []}",,[],9606,
pde6c,CHEMBL3977,P51160,pde6c,pde6c,pde6c,,"{""parenthetical"": [], ""dropped"": [], ""mutations"": [], ""mutation_classes"": []}",,[],9606,
pde7a,CHEMBL3012,Q13946,pde7a,pde7a,pde7a,,"{""parenthetical"": [], ""dropped"": [], ""mutations"": [], ""mutation_classes"": []}",,[],9606,
pde7a1,CHEMBL3012,Q13946,pde7a1,pde7a1,pde7a1,,"{""parenthetical"": [], ""dropped"": [], ""mutations"": [], ""mutation_classes"": []}",,[],9606,
pde9a,CHEMBL3535,O76083,pde9a,pde9a,pde9a,,"{""parenthetical"": [], ""dropped"": [], ""mutations"": [], ""mutation_classes"": []}",,[],9606,
pde9a2,CHEMBL3535,O76083,pde9a2,pde9a2,pde9a2,,"{""parenthetical"": [], ""dropped"": [], ""mutations"": [], ""mutation_classes"": []}",,[],9606,
pdeb1,CHEMBL2010636,Q8WQX9,pdeb1,pdeb1,pdeb1,,"{""parenthetical"": [], ""dropped"": [], ""mutations"": [], ""mutation_classes"": []}",,[],9606,
pdf ),CHEMBL1795101,Q9JN24,pdf ),pdf ),pdf|),,"{""parenthetical"": [], ""dropped"": [], ""mutations"": [], ""mutation_classes"": []}",,[],9606,
pdgf receptor,CHEMBL1844,P07333,pdgf,pdgf receptor,pdgf,pdgfrb,"{""parenthetical"": [], ""dropped"": [""receptor""], ""mutations"": [], ""mutation_classes"": []}",,[],9606,
pdgfr,CHEMBL2007,P16234,pdgfr,pdgfr,pdgfr,,"{""parenthetical"": [], ""dropped"": [], ""mutations"": [], ""mutation_classes"": []}",,[],9606,
pdgfr - beta,CHEMBL1913,P09619,pdgfr beta|pdgfr-beta|pdgfrbeta,pdgfr beta|pdgfr-beta|pdgfrbeta,pdgfr|beta|pdgfr-beta|pdgfrbeta,,"{""parenthetical"": [], ""dropped"": [], ""mutations"": [], ""mutation_classes"": []}",,[],9606,
pdgfr alpha,CHEMBL2007,P16234,pdgfr alpha,pdgfr alpha,pdgfr|alpha,,"{""parenthetical"": [], ""dropped"": [], ""mutations"": [], ""mutation_classes"": []}",,[],9606,
pdgfr beta,CHEMBL1913,P09619,pdgfr beta,pdgfr beta,pdgfr|beta,,"{""parenthetical"": [], ""dropped"": [], ""mutations"": [], ""mutation_classes"": []}",,[],9606,
pdgfr d842v mutant,CHEMBL2007,P16234,pdgfr d842v,pdgfr d842v,pdgfr|d842v,,"{""parenthetical"": [], ""dropped"": [], ""mutations"": [""mutant""], ""mutation_classes"": [""NONE""]}",NONE,[],9606,
pdgfra,CHEMBL2007,P16234,pdgfra,pdgfra,pdgfra,,"{""parenthetical"": [], ""dropped"": [], ""mutations"": [], ""mutation_classes"": []}",,[],9606,
pdgfralpha,CHEMBL2007,P16234,pdgfralpha,pdgfralpha,pdgfralpha,,"{""parenthetical"": [], ""dropped"": [], ""mutations"": [], ""mutation_classes"": []}",,[],9606,
pdgfrbeta,CHEMBL1913,P09619,pdgfrbeta,pdgfrbeta,pdgfrbeta,,"{""parenthetical"": [], ""dropped"": [], ""mutations"": [], ""mutation_classes"": []}",,[],9606,
pdgfrbeta cytoplasmic,CHEMBL1913,P09619,pdgfrbeta cytoplasmic,pdgfrbeta cytoplasmic,pdgfrbeta|cytoplasmic,,"{""parenthetical"": [], ""dropped"": [], ""mutations"": [], ""mutation_classes"": []}",,[],9606,
pdh,CHEMBL4766,Q15118,pdh,pdh,pdh,,"{""parenthetical"": [], ""dropped"": [], ""mutations"": [], ""mutation_classes"": []}",,[],9606,
pdhk1,CHEMBL4766,Q15118,pdhk1,pdhk1,pdhk1,,"{""parenthetical"": [], ""dropped"": [], ""mutations"": [], ""mutation_classes"": []}",,[],9606,
pdhk2,CHEMBL3861,Q15119,pdhk2,pdhk2,pdhk2,,"{""parenthetical"": [], ""dropped"": [], ""mutations"": [], ""mutation_classes"": []}",,[],9606,
pdhk3,CHEMBL3893,Q15120,pdhk3,pdhk3,pdhk3,,"{""parenthetical"": [], ""dropped"": [], ""mutations"": [], ""mutation_classes"": []}",,[],9606,
pdhk4,CHEMBL4141,Q16654,pdhk4,pdhk4,pdhk4,,"{""parenthetical"": [], ""dropped"": [], ""mutations"": [], ""mutation_classes"": []}",,[],9606,
pdk1,CHEMBL2534,O15530,pdk1,pdk1,pdk1,,"{""parenthetical"": [], ""dropped"": [], ""mutations"": [], ""mutation_classes"": []}",,[],9606,
pdk1,CHEMBL4766,Q15118,pdk1,pdk1,pdk1,,"{""parenthetical"": [], ""dropped"": [], ""mutations"": [], ""mutation_classes"": []}",,[],9606,
pdk2,CHEMBL3861,Q15119,pdk2,pdk2,pdk2,,"{""parenthetical"": [], ""dropped"": [], ""mutations"": [], ""mutation_classes"": []}",,[],9606,
pdk3,CHEMBL3893,Q15120,pdk3,pdk3,pdk3,,"{""parenthetical"": [], ""dropped"": [], ""mutations"": [], ""mutation_classes"": []}",,[],9606,
pdk4,CHEMBL4141,Q16654,pdk4,pdk4,pdk4,,"{""parenthetical"": [], ""dropped"": [], ""mutations"": [], ""mutation_classes"": []}",,[],9606,
peak1,CHEMBL3627585,Q9H792,peak1,peak1,peak1,,"{""parenthetical"": [], ""dropped"": [], ""mutations"": [], ""mutation_classes"": []}",,[],9606,
peptide deformylase,CHEMBL4647,Q9HBH1,peptide deformylase,peptide deformylase,peptide|deformylase,,"{""parenthetical"": [], ""dropped"": [], ""mutations"": [], ""mutation_classes"": []}",,[],9606,
peptide deformylase,CHEMBL1795101,Q9JN24,peptide deformylase,peptide deformylase,peptide|deformylase,,"{""parenthetical"": [], ""dropped"": [], ""mutations"": [], ""mutation_classes"": []}",,[],9606,
peptide deformylase ( pdf ),CHEMBL1795101,Q9JN24,peptide deformylase pdf|pdf,peptide deformylase pdf|pdf,peptide|deformylase|pdf,,"{""parenthetical"": [""pdf""], ""dropped"": [], ""mutations"": [], ""mutation_classes"": []}",,[],9606,
peripheral ) benzodiazepine receptor,CHEMBL4552,P16257,peripheral ) benzodiazepine,peripheral ) benzodiazepine receptor,peripheral|)|benzodiazepine,,"{""parenthetical"": [], ""dropped"": [""receptor""], ""mutations"": [], ""mutation_classes"": []}",,[],9606,
peripheral benzodiazepine receptor,CHEMBL4552,P16257,peripheral benzodiazepine,peripheral benzodiazepine receptor,peripheral|benzodiazepine,,"{""parenthetical"": [], ""dropped"": [""receptor""], ""mutations"": [], ""mutation_classes"": []}",,[],9606,
peroxidase proliferator activated receptor alpha,CHEMBL239,Q07869,peroxidase proliferator activated alpha,peroxidase proliferator activated receptor alpha,peroxidase|proliferator|activated|alpha,,"{""parenthetical"": [], ""dropped"": [""receptor""], ""mutations"": [], ""mutation_classes"": []}",,[],9606,
peroxidase proliferator activated receptor gamma,CHEMBL235,P37231,peroxidase proliferator activated gamma,peroxidase proliferator activated receptor gamma,peroxidase|proliferator|activated|gamma,,"{""parenthetical"": [], ""dropped"": [""receptor""], ""mutations"": [], ""mutation_classes"": []}",,[],9606,
peroxisome proliferator - activated receptor gamma,CHEMBL235,P37231,peroxisome proliferator activated gamma|peroxisome proliferator-activated gamma|proliferator-activated|peroxisome proliferatoractivated gamma|proliferatoractivated,peroxisome proliferator activated receptor gamma|peroxisome proliferator-activated receptor gamma|proliferator-activated|peroxisome proliferatoractivated receptor gamma|proliferatoractivated,peroxisome|proliferator|activated|gamma|proliferator-activated|proliferatoractivated,,"{""parenthetical"": [], ""dropped"": [""receptor""], ""mutations"": [], ""mutation_classes"": []}",,[],9606,
peroxisome proliferator activated receptor alpha,CHEMBL239,Q07869,peroxisome proliferator activated alpha,peroxisome proliferator activated receptor alpha,peroxisome|proliferator|activated|alpha,ppara,"{""parenthetical"": [], ""dropped"": [""receptor""], ""mutations"": [], ""mutation_classes"": []}",,[],9606,
peroxisome proliferator activated receptor gamma,CHEMBL235,P37231,peroxisome proliferator activated gamma,peroxisome proliferator activated receptor gamma,peroxisome|proliferator|activated|gamma,,"{""parenthetical"": [], ""dropped"": [""receptor""], ""mutations"": [], ""mutation_classes"": []}",,[],9606,
pfenr,CHEMBL4150,Q965D5,pfenr,pfenr,pfenr,,"{""parenthetical"": [], ""dropped"": [], ""mutations"": [], ""mutation_classes"": []}",,[],9606,
pfkfb3,CHEMBL2331053,Q16875,pfkfb3,pfkfb3,pfkfb3,,"{""parenthetical"": [], ""dropped"": [], ""mutations"": [], ""mutation_classes"": []}",,[],9606,
pgam1,CHEMBL3334418,P18669,pgam1,pgam1,pgam1,,"{""parenthetical"": [], ""dropped"": [], ""mutations"": [], ""mutation_classes"": []}",,[],9606,
pgdh,CHEMBL1293255,P15428,pgdh,pgdh,pgdh,,"{""parenthetical"": [], ""dropped"": [], ""mutations"": [], ""mutation_classes"": []}",,[],9606,
pges - 1,CHEMBL5658,O14684,pges 1|pges-1|pges1,pges 1|pges-1|pges1,pges|1|pges-1|pges1,,"{""parenthetical"": [], ""dropped"": [], ""mutations"": [], ""mutation_classes"": []}",,[],9606,
pges1,CHEMBL5658,O14684,pges1,pges1,pges1,,"{""parenthetical"": [], ""dropped"": [], ""mutations"": [], ""mutation_classes"": []}",,[],9606,
pghs - 1 ),CHEMBL2949,P05979,pghs 1 )|pghs-1 )|pghs-1|pghs1 )|pghs1,pghs 1 )|pghs-1 )|pghs-1|pghs1 )|pghs1,pghs|1|)|pghs-1|pghs1,,"{""parenthetical"": [], ""dropped"": [], ""mutations"": [], ""mutation_classes"": []}",,[],9606,
pghs2,CHEMBL230,P35354,pghs2,pghs2,pghs2,,"{""parenthetical"": [], ""dropped"": [], ""mutations"": [], ""mutation_classes"": []}",,[],9606,
pgi2 receptor,CHEMBL1995,P43119,pgi2,pgi2 receptor,pgi2,ip ptgir,"{""parenthetical"": [], ""dropped"": [""receptor""], ""mutations"": [], ""mutation_classes"": []}",,[],9606,
pgm1,CHEMBL3334418,P18669,pgm1,pgm1,pgm1,,"{""parenthetical"": [], ""dropped"": [], ""mutations"": [], ""mutation_classes"": []}",,[],9606,
pgp,CHEMBL4302,P08183,pgp,pgp,pgp,,"{""parenthetical"": [], ""dropped"": [], ""mutations"": [], ""mutation_classes"": []}",,[],9606,
pgr lbd,CHEMBL208,P06401,pgr lbd,pgr lbd,pgr|lbd,,"{""parenthetical"": [], ""dropped"": [], ""mutations"": [], ""mutation_classes"": []}",,[],9606,
phd2,CHEMBL5697,Q9GZT9,phd2,phd2,phd2,,"{""parenthetical"": [], ""dropped"": [], ""mutations"": [], ""mutation_classes"": []}",,[],9606,phd2
phd3,CHEMBL5705,Q9H6Z9,phd3,phd3,phd3,,"{""parenthetical"": [], ""dropped"": [], ""mutations"": [], ""mutation_classes"": []}",,[],9606,phd3
phenylethanolamine n - methyl - transferase,CHEMBL4617,P11086,phenylethanolamine n methyl transferase|phenylethanolamine n-methyl-transferase|n-methyl-transferase|phenylethanolamine nmethyltransferase|nmethyltransferase,phenylethanolamine n methyl transferase|phenylethanolamine n-methyl-transferase|n-methyl-transferase|phenylethanolamine nmethyltransferase|nmethyltransferase,phenylethanolamine|n|methyl|transferase|n-methyl-transferase|nmethyltransferase,,"{""parenthetical"": [], ""dropped"": [], ""mutations"": [], ""mutation_classes"": []}",,[],9606,
phenylethanolamine n - methyltransferase,CHEMBL2331,P10938,phenylethanolamine n methyltransferase|phenylethanolamine n-methyltransferase|n-methyltransferase|phenylethanolamine nmethyltransferase|nmethyltransferase,phenylethanolamine n methyltransferase|phenylethanolamine n-methyltransferase|n-methyltransferase|phenylethanolamine nmethyltransferase|nmethyltransferase,phenylethanolamine|n|methyltransferase|n-methyltransferase|nmethyltransferase,,"{""parenthetical"": [], ""dropped"": [], ""mutations"": [], ""mutation_classes"": []}",,[],9606,
phenylethanolamine n - methyltransferase,CHEMBL4617,P11086,phenylethanolamine n methyltransferase|phenylethanolamine n-methyltransferase|n-methyltransferase|phenylethanolamine nmethyltransferase|nmethyltransferase,phenylethanolamine n methyltransferase|phenylethanolamine n-methyltransferase|n-methyltransferase|phenylethanolamine nmethyltransferase|nmethyltransferase,phenylethanolamine|n|methyltransferase|n-methyltransferase|nmethyltransferase,,"{""parenthetical"": [], ""dropped"": [], ""mutations"": [], ""mutation_classes"": []}",,[],9606,
phgdh,CHEMBL2311243,O43175,phgdh,phgdh,phgdh,,"{""parenthetical"": [], ""dropped"": [], ""mutations"": [], ""mutation_classes"": []}",,[],9606,
phkg2,CHEMBL2349,P15735,phkg2,phkg2,phkg2,,"{""parenthetical"": [], ""dropped"": [], ""mutations"": [], ""mutation_classes"": []}",,[],9606,
phkgamma1,CHEMBL4004,Q16816,phkgamma1,phkgamma1,phkgamma1,,"{""parenthetical"": [], ""dropped"": [], ""mutations"": [], ""mutation_classes"": []}",,[],9606,
phkgamma2,CHEMBL2349,P15735,phkgamma2,phkgamma2,phkgamma2,,"{""parenthetical"": [], ""dropped"": [], ""mutations"": [], ""mutation_classes"": []}",,[],9606,
phosphatidylinositol 3 - kinase,CHEMBL4005,P42336,phosphatidylinositol 3 kinase|phosphatidylinositol 3-kinase|3-kinase|phosphatidylinositol 3kinase|3kinase|phosphatidylinositol3 kinase|phosphatidylinositol3|phosphatidylinositol-3 kinase|phosphatidylinositol-3,phosphatidylinositol 3 kinase|phosphatidylinositol 3-kinase|3-kinase|phosphatidylinositol 3kinase|3kinase|phosphatidylinositol3 kinase|phosphatidylinositol3|phosphatidylinositol-3 kinase|phosphatidylinositol-3,phosphatidylinositol|3|kinase|3-kinase|3kinase|phosphatidylinositol3|phosphatidylinositol-3,,"{""parenthetical"": [], ""dropped"": [], ""mutations"": [], ""mutation_classes"": []}",,[],9606,
phospho - mk2 ( 36 - 400,CHEMBL2208,P49137,phospho mk2 ( 36 400|phospho-mk2 ( 36 400|phospho-mk2|phosphomk2 ( 36 400|phosphomk2|phospho mk2 ( 36-400|36-400|phospho mk2 ( 36400|36400,phospho mk2 ( 36 400|phospho-mk2 ( 36 400|phospho-mk2|phosphomk2 ( 36 400|phosphomk2|phospho mk2 ( 36-400|36-400|phospho mk2 ( 36400|36400,phospho|mk2|(|36|400|phospho-mk2|phosphomk2|36-400|36400,,"{""parenthetical"": [], ""dropped"": [], ""mutations"": [], ""mutation_classes"": []}",,[],9606,
phosphodiesterase - 11,CHEMBL2717,Q9HCR9,phosphodiesterase 11|phosphodiesterase-11|phosphodiesterase11,phosphodiesterase 11|phosphodiesterase-11|phosphodiesterase11,phosphodiesterase|11|phosphodiesterase-11|phosphodiesterase11,,"{""parenthetical"": [], ""dropped"": [], ""mutations"": [], ""mutation_classes"": []}",,[],9606,
phosphodiesterase 10,CHEMBL4409,Q9Y233,phosphodiesterase 10|phosphodiesterase10|phosphodiesterase-10,phosphodiesterase 10|phosphodiesterase10|phosphodiesterase-10,phosphodiesterase|10|phosphodiesterase10|phosphodiesterase-10,,"{""parenthetical"": [], ""dropped"": [], ""mutations"": [], ""mutation_classes"": []}",,[],9606,
phosphodiesterase 11,CHEMBL2717,Q9HCR9,phosphodiesterase 11|phosphodiesterase11|phosphodiesterase-11,phosphodiesterase 11|phosphodiesterase11|phosphodiesterase-11,phosphodiesterase|11|phosphodiesterase11|phosphodiesterase-11,,"{""parenthetical"": [], ""dropped"": [], ""mutations"": [], ""mutation_classes"": []}",,[],9606,
phosphodiesterase 2,CHEMBL2652,O00408,phosphodiesterase 2|phosphodiesterase2|phosphodiesterase-2,phosphodiesterase 2|phosphodiesterase2|phosphodiesterase-2,phosphodiesterase|2|phosphodiesterase2|phosphodiesterase-2,,"{""parenthetical"": [], ""dropped"": [], ""mutations"": [], ""mutation_classes"": []}",,[],9606,
phosphodiesterase 2,CHEMBL3477,P14099,phosphodiesterase 2|phosphodiesterase2|phosphodiesterase-2,phosphodiesterase 2|phosphodiesterase2|phosphodiesterase-2,phosphodiesterase|2|phosphodiesterase2|phosphodiesterase-2,,"{""parenthetical"": [], ""dropped"": [], ""mutations"": [], ""mutation_classes"": []}",,[],9606,
phosphodiesterase 4a,CHEMBL254,P27815,phosphodiesterase 4a,phosphodiesterase 4a,phosphodiesterase|4a,,"{""parenthetical"": [], ""dropped"": [], ""mutations"": [], ""mutation_classes"": []}",,[],9606,
phosphodiesterase 4b,CHEMBL275,Q07343,phosphodiesterase 4b,phosphodiesterase 4b,phosphodiesterase|4b,,"{""parenthetical"": [], ""dropped"": [], ""mutations"": [], ""mutation_classes"": []}",,[],9606,
phosphodiesterase 4c,CHEMBL291,Q08493,phosphodiesterase 4c,phosphodiesterase 4c,phosphodiesterase|4c,,"{""parenthetical"": [], ""dropped"": [], ""mutations"": [], ""mutation_classes"": []}",,[],9606,
phosphodiesterase 4d,CHEMBL288,Q08499,phosphodiesterase 4d,phosphodiesterase 4d,phosphodiesterase|4d,,"{""parenthetical"": [], ""dropped"": [], ""mutations"": [], ""mutation_classes"": []}",,[],9606,
phosphodiesterase 4d5 ( pde4d5,CHEMBL288,Q08499,phosphodiesterase 4d5 ( pde4d5,phosphodiesterase 4d5 ( pde4d5,phosphodiesterase|4d5|(|pde4d5,,"{""parenthetical"": [], ""dropped"": [], ""mutations"": [], ""mutation_classes"": []}",,[],9606,
phosphodiesterase 4de ( pde4de ),CHEMBL288,Q08499,phosphodiesterase 4de,phosphodiesterase 4de,phosphodiesterase|4de,,"{""parenthetical"": [""pde4de""], ""dropped"": [], ""mutations"": [], ""mutation_classes"": []}",,[],9606,
phosphodiesterase 5,CHEMBL4567,O54735,phosphodiesterase 5|phosphodiesterase5|phosphodiesterase-5,phosphodiesterase 5|phosphodiesterase5|phosphodiesterase-5,phosphodiesterase|5|phosphodiesterase5|phosphodiesterase-5,,"{""parenthetical"": [], ""dropped"": [], ""mutations"": [], ""mutation_classes"": []}",,[],9606,
phosphodiesterase 5,CHEMBL1827,O76074,phosphodiesterase 5|phosphodiesterase5|phosphodiesterase-5,phosphodiesterase 5|phosphodiesterase5|phosphodiesterase-5,phosphodiesterase|5|phosphodiesterase5|phosphodiesterase-5,,"{""parenthetical"": [], ""dropped"": [], ""mutations"": [], ""mutation_classes"": []}",,[],9606,
phosphodiesterase 7a1,CHEMBL3012,Q13946,phosphodiesterase 7a1,phosphodiesterase 7a1,phosphodiesterase|7a1,,"{""parenthetical"": [], ""dropped"": [], ""mutations"": [], ""mutation_classes"": []}",,[],9606,
phosphodiesterase 9,CHEMBL3535,O76083,phosphodiesterase 9|phosphodiesterase9|phosphodiesterase-9,phosphodiesterase 9|phosphodiesterase9|phosphodiesterase-9,phosphodiesterase|9|phosphodiesterase9|phosphodiesterase-9,,"{""parenthetical"": [], ""dropped"": [], ""mutations"": [], ""mutation_classes"": []}",,[],9606,
phospholipase a2 enzyme,CHEMBL4807,P00630,phospholipase a2 enzyme,phospholipase a2 enzyme,phospholipase|a2|enzyme,,"{""parenthetical"": [], ""dropped"": [], ""mutations"": [], ""mutation_classes"": []}",,[],9606,
phosphomannose isomerase,CHEMBL2758,P34949,phosphomannose isomerase,phosphomannose isomerase,phosphomannose|isomerase,,"{""parenthetical"": [], ""dropped"": [], ""mutations"": [], ""mutation_classes"": []}",,[],9606,
photinus pyralis luciferase,CHEMBL5567,P08659,photinus pyralis luciferase,photinus pyralis luciferase,photinus|pyralis|luciferase,,"{""parenthetical"": [], ""dropped"": [], ""mutations"": [], ""mutation_classes"": []}",,[],9606,
pi - 3k alpha,CHEMBL4005,P42336,pi 3k alpha|pi-3k alpha|pi-3k|pi3k alpha|pi3k,pi 3k alpha|pi-3k alpha|pi-3k|pi3k alpha|pi3k,pi|3k|alpha|pi-3k|pi3k,,"{""parenthetical"": [], ""dropped"": [], ""mutations"": [], ""mutation_classes"": []}",,[],9606,
pi - 3k beta,CHEMBL3145,P42338,pi 3k beta|pi-3k beta|pi-3k|pi3k beta|pi3k,pi 3k beta|pi-3k beta|pi-3k|pi3k beta|pi3k,pi|3k|beta|pi-3k|pi3k,,"{""parenthetical"": [], ""dropped"": [], ""mutations"": [], ""mutation_classes"": []}",,[],9606,
pi - 3k delta,CHEMBL3130,O00329,pi 3k delta|pi-3k delta|pi-3k|pi3k delta|pi3k,pi 3k delta|pi-3k delta|pi-3k|pi3k delta|pi3k,pi|3k|delta|pi-3k|pi3k,,"{""parenthetical"": [], ""dropped"": [], ""mutations"": [], ""mutation_classes"": []}",,[],9606,
pi - 3k gamma,CHEMBL3267,P48736,pi 3k gamma|pi-3k gamma|pi-3k|pi3k gamma|pi3k,pi 3k gamma|pi-3k gamma|pi-3k|pi3k gamma|pi3k,pi|3k|gamma|pi-3k|pi3k,,"{""parenthetical"": [], ""dropped"": [], ""mutations"": [], ""mutation_classes"": []}",,[],9606,
pi3k - alpha,CHEMBL4005,P42336,pi3k alpha|pi3k-alpha|pi3kalpha,pi3k alpha|pi3k-alpha|pi3kalpha,pi3k|alpha|pi3k-alpha|pi3kalpha,,"{""parenthetical"": [], ""dropped"": [], ""mutations"": [], ""mutation_classes"": []}",,[],9606,
pi3k - beta,CHEMBL3145,P42338,pi3k beta|pi3k-beta|pi3kbeta,pi3k beta|pi3k-beta|pi3kbeta,pi3k|beta|pi3k-beta|pi3kbeta,,"{""parenthetical"": [], ""dropped"": [], ""mutations"": [], ""mutation_classes"": []}",,[],9606,
pi3k - beta d862q mutant,CHEMBL3145,P42338,pi3k beta d862q|pi3k-beta d862q|pi3k-beta|pi3kbeta d862q|pi3kbeta,pi3k beta d862q|pi3k-beta d862q|pi3k-beta|pi3kbeta d862q|pi3kbeta,pi3k|beta|d862q|pi3k-beta|pi3kbeta,,"{""parenthetical"": [], ""dropped"": [], ""mutations"": [""mutant""], ""mutation_classes"": [""NONE""]}",NONE,[],9606,
pi3k - delta,CHEMBL3130,O00329,pi3k delta|pi3k-delta|pi3kdelta,pi3k delta|pi3k-delta|pi3kdelta,pi3k|delta|pi3k-delta|pi3kdelta,,"{""parenthetical"": [], ""dropped"": [], ""mutations"": [], ""mutation_classes"": []}",,[],9606,
pi3k - gamma,CHEMBL3267,P48736,pi3k gamma|pi3k-gamma|pi3kgamma,pi3k gamma|pi3k-gamma|pi3kgamma,pi3k|gamma|pi3k-gamma|pi3kgamma,,"{""parenthetical"": [], ""dropped"": [], ""mutations"": [], ""mutation_classes"": []}",,[],9606,
pi3k alpha,CHEMBL4005,P42336,pi3k alpha,pi3k alpha,pi3k|alpha,,"{""parenthetical"": [], ""dropped"": [], ""mutations"": [], ""mutation_classes"": []}",,[],9606,
pi3k beta,CHEMBL3145,P42338,pi3k beta,pi3k beta,pi3k|beta,,"{""parenthetical"": [], ""dropped"": [], ""mutations"": [], ""mutation_classes"": []}",,[],9606,
pi3k c2beta,CHEMBL5554,O00750,pi3k c2beta,pi3k c2beta,pi3k|c2beta,,"{""parenthetical"": [], ""dropped"": [], ""mutations"": [], ""mutation_classes"": []}",,[],9606,
pi3k delta,CHEMBL3130,O00329,pi3k delta,pi3k delta,pi3k|delta,,"{""parenthetical"": [], ""dropped"": [], ""mutations"": [], ""mutation_classes"": []}",,[],9606,
pi3k gamma,CHEMBL3267,P48736,pi3k gamma,pi3k gamma,pi3k|gamma,,"{""parenthetical"": [], ""dropped"": [], ""mutations"": [], ""mutation_classes"": []}",,[],9606,
pi3k p110alpha,CHEMBL4005,P42336,pi3k p110alpha,pi3k p110alpha,pi3k|p110alpha,,"{""parenthetical"": [], ""dropped"": [], ""mutations"": [], ""mutation_classes"": []}",,[],9606,
pi3k p110alpha h1047r mutant,CHEMBL4005,P42336,pi3k p110alpha h1047r,pi3k p110alpha h1047r,pi3k|p110alpha|h1047r,,"{""parenthetical"": [], ""dropped"": [], ""mutations"": [""mutant""], ""mutation_classes"": [""NONE""]}",NONE,[],9606,
pi3k p110alpha helical domain e545k mutant,CHEMBL4005,P42336,pi3k p110alpha helical domain e545k,pi3k p110alpha helical domain e545k,pi3k|p110alpha|helical|domain|e545k,,"{""parenthetical"": [], ""dropped"": [], ""mutations"": [""mutant""], ""mutation_classes"": [""NONE""]}",NONE,[],9606,
pi3k p110beta,CHEMBL4005,P42336,pi3k p110beta,pi3k p110beta,pi3k|p110beta,,"{""parenthetical"": [], ""dropped"": [], ""mutations"": [], ""mutation_classes"": []}",,[],9606,
pi3k p110beta,CHEMBL3145,P42338,pi3k p110beta,pi3k p110beta,pi3k|p110beta,,"{""parenthetical"": [], ""dropped"": [], ""mutations"": [], ""mutation_classes"": []}",,[],9606,
pi3k p110beta catalytic subunit,CHEMBL3145,P42338,pi3k p110beta catalytic,pi3k p110beta catalytic subunit,pi3k|p110beta|catalytic,,"{""parenthetical"": [], ""dropped"": [""subunit""], ""mutations"": [], ""mutation_classes"": []}",,[],9606,
pi3k p110beta e545 - k mutant,CHEMBL4005,P42336,pi3k p110beta e545 k|pi3k p110beta e545-k|e545-k|pi3k p110beta e545k|e545k,pi3k p110beta e545 k|pi3k p110beta e545-k|e545-k|pi3k p110beta e545k|e545k,pi3k|p110beta|e545|k|e545-k|e545k,,"{""parenthetical"": [], ""dropped"": [], ""mutations"": [""mutant""], ""mutation_classes"": [""NONE""]}",NONE,[],9606,
pi3k p110beta h1047 - r mutant,CHEMBL4005,P42336,pi3k p110beta h1047 r|pi3k p110beta h1047-r|h1047-r|pi3k p110beta h1047r|h1047r,pi3k p110beta h1047 r|pi3k p110beta h1047-r|h1047-r|pi3k p110beta h1047r|h1047r,pi3k|p110beta|h1047|r|h1047-r|h1047r,,"{""parenthetical"": [], ""dropped"": [], ""mutations"": [""mutant""], ""mutation_classes"": [""NONE""]}",NONE,[],9606,
pi3k p110delta,CHEMBL3130,O00329,pi3k p110delta,pi3k p110delta,pi3k|p110delta,,"{""parenthetical"": [], ""dropped"": [], ""mutations"": [], ""mutation_classes"": []}",,[],9606,
pi3k p110gamma,CHEMBL3267,P48736,pi3k p110gamma,pi3k p110gamma,pi3k|p110gamma,,"{""parenthetical"": [], ""dropped"": [], ""mutations"": [], ""mutation_classes"": []}",,[],9606,
pi3k p110gamma / p85 - alpha,CHEMBL3267,P48736,pi3k p110gamma p85 alpha|pi3k p110gamma p85-alpha|p85-alpha|pi3k p110gamma p85alpha|p85alpha,pi3k p110gamma p85 alpha|pi3k p110gamma p85-alpha|p85-alpha|pi3k p110gamma p85alpha|p85alpha,pi3k|p110gamma|p85|alpha|p85-alpha|p85alpha,,"{""parenthetical"": [], ""dropped"": [], ""mutations"": [], ""mutation_classes"": []}",,[],9606,
pi3k p110gamma catalytic subunit,CHEMBL3267,P48736,pi3k p110gamma catalytic,pi3k p110gamma catalytic subunit,pi3k|p110gamma|catalytic,,"{""parenthetical"": [], ""dropped"": [""subunit""], ""mutations"": [], ""mutation_classes"": []}",,[],9606,
pi3k p120gamma,CHEMBL3267,P48736,pi3k p120gamma,pi3k p120gamma,pi3k|p120gamma,,"{""parenthetical"": [], ""dropped"": [], ""mutations"": [], ""mutation_classes"": []}",,[],9606,
pi3kalpha,CHEMBL3130,O00329,pi3kalpha,pi3kalpha,pi3kalpha,,"{""parenthetical"": [], ""dropped"": [], ""mutations"": [], ""mutation_classes"": []}",,[],9606,
pi3kalpha,CHEMBL4005,P42336,pi3kalpha,pi3kalpha,pi3kalpha,,"{""parenthetical"": [], ""dropped"": [], ""mutations"": [], ""mutation_classes"": []}",,[],9606,
pi3kalpha,CHEMBL2499,P42337,pi3kalpha,pi3kalpha,pi3kalpha,,"{""parenthetical"": [], ""dropped"": [], ""mutations"": [], ""mutation_classes"": []}",,[],9606,
pi3kalpha d810a mutant,CHEMBL4005,P42336,pi3kalpha d810a,pi3kalpha d810a,pi3kalpha|d810a,,"{""parenthetical"": [], ""dropped"": [], ""mutations"": [""mutant""], ""mutation_classes"": [""NONE""]}",NONE,[],9606,
pi3kalpha e542k mutant,CHEMBL4005,P42336,pi3kalpha e542k,pi3kalpha e542k,pi3kalpha|e542k,,"{""parenthetical"": [], ""dropped"": [], ""mutations"": [""mutant""], ""mutation_classes"": [""NONE""]}",NONE,[],9606,
pi3kalpha e545k mutant,CHEMBL4005,P42336,pi3kalpha e545k,pi3kalpha e545k,pi3kalpha|e545k,,"{""parenthetical"": [], ""dropped"": [], ""mutations"": [""mutant""], ""mutation_classes"": [""NONE""]}",NONE,[],9606,
pi3kalpha h1047r mutant,CHEMBL4005,P42336,pi3kalpha h1047r,pi3kalpha h1047r,pi3kalpha|h1047r,,"{""parenthetical"": [], ""dropped"": [], ""mutations"": [""mutant""], ""mutation_classes"": [""NONE""]}",NONE,[],9606,
pi3kalpha h2047r mutant,CHEMBL4005,P42336,pi3kalpha h2047r,pi3kalpha h2047r,pi3kalpha|h2047r,,"{""parenthetical"": [], ""dropped"": [], ""mutations"": [""mutant""], ""mutation_classes"": [""NONE""]}",NONE,[],9606,
pi3kalpha m772a mutant,CHEMBL4005,P42336,pi3kalpha m772a,pi3kalpha m772a,pi3kalpha|m772a,,"{""parenthetical"": [], ""dropped"": [], ""mutations"": [""mutant""], ""mutation_classes"": [""NONE""]}",NONE,[],9606,
pi3kbeta,CHEMBL3145,P42338,pi3kbeta,pi3kbeta,pi3kbeta,,"{""parenthetical"": [], ""dropped"": [], ""mutations"": [], ""mutation_classes"": []}",,[],9606,
pi3kc2beta,CHEMBL5554,O00750,pi3kc2beta,pi3kc2beta,pi3kc2beta,,"{""parenthetical"": [], ""dropped"": [], ""mutations"": [], ""mutation_classes"": []}",,[],9606,
pi3kcgamma,CHEMBL3267,P48736,pi3kcgamma,pi3kcgamma,pi3kcgamma,,"{""parenthetical"": [], ""dropped"": [], ""mutations"": [], ""mutation_classes"": []}",,[],9606,
pi3kdelta,CHEMBL3130,O00329,pi3kdelta,pi3kdelta,pi3kdelta,,"{""parenthetical"": [], ""dropped"": [], ""mutations"": [], ""mutation_classes"": []}",,[],9606,
pi3kdelta n836d mutant,CHEMBL3130,O00329,pi3kdelta n836d,pi3kdelta n836d,pi3kdelta|n836d,,"{""parenthetical"": [], ""dropped"": [], ""mutations"": [""mutant""], ""mutation_classes"": [""NONE""]}",NONE,[],9606,
pi3kgamma,CHEMBL3267,P48736,pi3kgamma,pi3kgamma,pi3kgamma,,"{""parenthetical"": [], ""dropped"": [], ""mutations"": [], ""mutation_classes"": []}",,[],9606,
pi3kgamma,CHEMBL2189158,Q9JHG7,pi3kgamma,pi3kgamma,pi3kgamma,,"{""parenthetical"": [], ""dropped"": [], ""mutations"": [], ""mutation_classes"": []}",,[],9606,
pi4k3beta,CHEMBL3268,Q9UBF8,pi4k3beta,pi4k3beta,pi4k3beta,,"{""parenthetical"": [], ""dropped"": [], ""mutations"": [], ""mutation_classes"": []}",,[],9606,
pi5p4kgamma,CHEMBL1770034,Q8TBX8,pi5p4kgamma,pi5p4kgamma,pi5p4kgamma,,"{""parenthetical"": [], ""dropped"": [], ""mutations"": [], ""mutation_classes"": []}",,[],9606,
pik3c2b,CHEMBL5554,O00750,pik3c2b,pik3c2b,pik3c2b,,"{""parenthetical"": [], ""dropped"": [], ""mutations"": [], ""mutation_classes"": []}",,[],9606,
pik3cb,CHEMBL3145,P42338,pik3cb,pik3cb,pik3cb,,"{""parenthetical"": [], ""dropped"": [], ""mutations"": [], ""mutation_classes"": []}",,[],9606,
pik3cd,CHEMBL3130,O00329,pik3cd,pik3cd,pik3cd,,"{""parenthetical"": [], ""dropped"": [], ""mutations"": [], ""mutation_classes"": []}",,[],9606,
pik3cg,CHEMBL3267,P48736,pik3cg,pik3cg,pik3cg,,"{""parenthetical"": [], ""dropped"": [], ""mutations"": [], ""mutation_classes"": []}",,[],9606,
pim - 1,CHEMBL2147,P11309,pim 1|pim-1|pim1,pim 1|pim-1|pim1,pim|1|pim-1|pim1,,"{""parenthetical"": [], ""dropped"": [], ""mutations"": [], ""mutation_classes"": []}",,[],9606,
pim - 2,CHEMBL4523,Q9P1W9,pim 2|pim-2|pim2,pim 2|pim-2|pim2,pim|2|pim-2|pim2,,"{""parenthetical"": [], ""dropped"": [], ""mutations"": [], ""mutation_classes"": []}",,[],9606,
pim - 2 kinase,CHEMBL2147,P11309,pim 2 kinase|pim-2 kinase|pim-2|pim2 kinase|pim2,pim 2 kinase|pim-2 kinase|pim-2|pim2 kinase|pim2,pim|2|kinase|pim-2|pim2,,"{""parenthetical"": [], ""dropped"": [], ""mutations"": [], ""mutation_classes"": []}",,[],9606,
pim - 3,CHEMBL5407,Q86V86,pim 3|pim-3|pim3,pim 3|pim-3|pim3,pim|3|pim-3|pim3,,"{""parenthetical"": [], ""dropped"": [], ""mutations"": [], ""mutation_classes"": []}",,[],9606,
pim 1,CHEMBL2147,P11309,pim 1|pim1|pim-1,pim 1|pim1|pim-1,pim|1|pim1|pim-1,,"{""parenthetical"": [], ""dropped"": [], ""mutations"": [], ""mutation_classes"": []}",,[],9606,
pim1,CHEMBL2147,P11309,pim1,pim1,pim1,,"{""parenthetical"": [], ""dropped"": [], ""mutations"": [], ""mutation_classes"": []}",,[],9606,
pim1 kinase,CHEMBL2147,P11309,pim1 kinase,pim1 kinase,pim1|kinase,,"{""parenthetical"": [], ""dropped"": [], ""mutations"": [], ""mutation_classes"": []}",,[],9606,
pim2,CHEMBL4523,Q9P1W9,pim2,pim2,pim2,,"{""parenthetical"": [], ""dropped"": [], ""mutations"": [], ""mutation_classes"": []}",,[],9606,
pim3,CHEMBL5407,Q86V86,pim3,pim3,pim3,,"{""parenthetical"": [], ""dropped"": [], ""mutations"": [], ""mutation_classes"": []}",,[],9606,
pin1,CHEMBL2288,Q13526,pin1,pin1,pin1,,"{""parenthetical"": [], ""dropped"": [], ""mutations"": [], ""mutation_classes"": []}",,[],9606,
pka,CHEMBL4101,P17612,pka,pka,pka,,"{""parenthetical"": [], ""dropped"": [], ""mutations"": [], ""mutation_classes"": []}",,[],9606,
pka ( kinase a ),CHEMBL3390,P27791,pka,pka,pka,,"{""parenthetical"": [""kinase a""], ""dropped"": [], ""mutations"": [], ""mutation_classes"": []}",,[],9606,
pka ),CHEMBL3390,P27791,pka ),pka ),pka|),,"{""parenthetical"": [], ""dropped"": [], ""mutations"": [], ""mutation_classes"": []}",,[],9606,
pkaca,CHEMBL4101,P17612,pkaca,pkaca,pkaca,,"{""parenthetical"": [], ""dropped"": [], ""mutations"": [], ""mutation_classes"": []}",,[],9606,
pkacalpha,CHEMBL4101,P17612,pkacalpha,pkacalpha,pkacalpha,,"{""parenthetical"": [], ""dropped"": [], ""mutations"": [], ""mutation_classes"": []}",,[],9606,
pkacb,CHEMBL2918,P22694,pkacb,pkacb,pkacb,,"{""parenthetical"": [], ""dropped"": [], ""mutations"": [], ""mutation_classes"": []}",,[],9606,
pkacg,CHEMBL2743,P22612,pkacg,pkacg,pkacg,,"{""parenthetical"": [], ""dropped"": [], ""mutations"": [], ""mutation_classes"": []}",,[],9606,
pkbalpha,CHEMBL4282,P31749,pkbalpha,pkbalpha,pkbalpha,,"{""parenthetical"": [], ""dropped"": [], ""mutations"": [], ""mutation_classes"": []}",,[],9606,
pkc - beta ii,CHEMBL3045,P05771,pkc beta 2|pkc-beta 2|pkc-beta|pkcbeta 2|pkcbeta|pkc beta2|beta2|pkc beta-2|beta-2,pkc beta 2|pkc-beta 2|pkc-beta|pkcbeta 2|pkcbeta|pkc beta2|beta2|pkc beta-2|beta-2,pkc|beta|2|pkc-beta|pkcbeta|beta2|beta-2,,"{""parenthetical"": [], ""dropped"": [], ""mutations"": [], ""mutation_classes"": []}",,[],9606,
pkc - epsilon,CHEMBL3582,Q02156,pkc epsilon|pkc-epsilon|pkcepsilon,pkc epsilon|pkc-epsilon|pkcepsilon,pkc|epsilon|pkc-epsilon|pkcepsilon,,"{""parenthetical"": [], ""dropped"": [], ""mutations"": [], ""mutation_classes"": []}",,[],9606,
pkc - gamma ),CHEMBL2938,P05129,pkc gamma )|pkc-gamma )|pkc-gamma|pkcgamma )|pkcgamma,pkc gamma )|pkc-gamma )|pkc-gamma|pkcgamma )|pkcgamma,pkc|gamma|)|pkc-gamma|pkcgamma,,"{""parenthetical"": [], ""dropped"": [], ""mutations"": [], ""mutation_classes"": []}",,[],9606,
pkc gamma,CHEMBL2938,P05129,pkc gamma,pkc gamma,pkc|gamma,,"{""parenthetical"": [], ""dropped"": [], ""mutations"": [], ""mutation_classes"": []}",,[],9606,
pkca,CHEMBL299,P17252,pkca,pkca,pkca,,"{""parenthetical"": [], ""dropped"": [], ""mutations"": [], ""mutation_classes"": []}",,[],9606,
pkcalpha,CHEMBL299,P17252,pkcalpha,pkcalpha,pkcalpha,,"{""parenthetical"": [], ""dropped"": [], ""mutations"": [], ""mutation_classes"": []}",,[],9606,
pkcalpha (,CHEMBL299,P17252,pkcalpha (,pkcalpha (,pkcalpha|(,,"{""parenthetical"": [], ""dropped"": [], ""mutations"": [], ""mutation_classes"": []}",,[],9606,
pkcb1,CHEMBL3045,P05771,pkcb1,pkcb1,pkcb1,,"{""parenthetical"": [], ""dropped"": [], ""mutations"": [], ""mutation_classes"": []}",,[],9606,
pkcb2,CHEMBL3045,P05771,pkcb2,pkcb2,pkcb2,,"{""parenthetical"": [], ""dropped"": [], ""mutations"": [], ""mutation_classes"": []}",,[],9606,
pkcbeta,CHEMBL3045,P05771,pkcbeta,pkcbeta,pkcbeta,,"{""parenthetical"": [], ""dropped"": [], ""mutations"": [], ""mutation_classes"": []}",,[],9606,
pkcdelta,CHEMBL2560,P28867,pkcdelta,pkcdelta,pkcdelta,,"{""parenthetical"": [], ""dropped"": [], ""mutations"": [], ""mutation_classes"": []}",,[],9606,
pkcdelta,CHEMBL2996,Q05655,pkcdelta,pkcdelta,pkcdelta,,"{""parenthetical"": [], ""dropped"": [], ""mutations"": [], ""mutation_classes"": []}",,[],9606,
pkcdelta c1b,CHEMBL2560,P28867,pkcdelta c1b,pkcdelta c1b,pkcdelta|c1b,,"{""parenthetical"": [], ""dropped"": [], ""mutations"": [], ""mutation_classes"": []}",,[],9606,
pkce,CHEMBL3582,Q02156,pkce,pkce,pkce,,"{""parenthetical"": [], ""dropped"": [], ""mutations"": [], ""mutation_classes"": []}",,[],9606,
pkcepsilon,CHEMBL3582,Q02156,pkcepsilon,pkcepsilon,pkcepsilon,,"{""parenthetical"": [], ""dropped"": [], ""mutations"": [], ""mutation_classes"": []}",,[],9606,
pkceta,CHEMBL3616,P24723,pkceta,pkceta,pkceta,,"{""parenthetical"": [], ""dropped"": [], ""mutations"": [], ""mutation_classes"": []}",,[],9606,
pkcg,CHEMBL2938,P05129,pkcg,pkcg,pkcg,,"{""parenthetical"": [], ""dropped"": [], ""mutations"": [], ""mutation_classes"": []}",,[],9606,
pkcgamma,CHEMBL2938,P05129,pkcgamma,pkcgamma,pkcgamma,,"{""parenthetical"": [], ""dropped"": [], ""mutations"": [], ""mutation_classes"": []}",,[],9606,
pkciota,CHEMBL2598,P41743,pkciota,pkciota,pkciota,,"{""parenthetical"": [], ""dropped"": [], ""mutations"": [], ""mutation_classes"": []}",,[],9606,
pkcmu,CHEMBL3863,Q15139,pkcmu,pkcmu,pkcmu,,"{""parenthetical"": [], ""dropped"": [], ""mutations"": [], ""mutation_classes"": []}",,[],9606,
pkcnu,CHEMBL2595,O94806,pkcnu,pkcnu,pkcnu,,"{""parenthetical"": [], ""dropped"": [], ""mutations"": [], ""mutation_classes"": []}",,[],9606,
pkctheta,CHEMBL3920,Q04759,pkctheta,pkctheta,pkctheta,,"{""parenthetical"": [], ""dropped"": [], ""mutations"": [], ""mutation_classes"": []}",,[],9606,
pkczeta,CHEMBL3438,Q05513,pkczeta,pkczeta,pkczeta,,"{""parenthetical"": [], ""dropped"": [], ""mutations"": [], ""mutation_classes"": []}",,[],9606,
pkd1,CHEMBL3863,Q15139,pkd1,pkd1,pkd1,,"{""parenthetical"": [], ""dropped"": [], ""mutations"": [], ""mutation_classes"": []}",,[],9606,
pkd2,CHEMBL4900,Q9BZL6,pkd2,pkd2,pkd2,,"{""parenthetical"": [], ""dropped"": [], ""mutations"": [], ""mutation_classes"": []}",,[],9606,
pkg,CHEMBL5036,Q8MMZ8,pkg,pkg,pkg,,"{""parenthetical"": [], ""dropped"": [], ""mutations"": [], ""mutation_classes"": []}",,[],9606,
pkg1alpha,CHEMBL4273,Q13976,pkg1alpha,pkg1alpha,pkg1alpha,,"{""parenthetical"": [], ""dropped"": [], ""mutations"": [], ""mutation_classes"": []}",,[],9606,
pkg1beta,CHEMBL4273,Q13976,pkg1beta,pkg1beta,pkg1beta,,"{""parenthetical"": [], ""dropped"": [], ""mutations"": [], ""mutation_classes"": []}",,[],9606,
pkg2,CHEMBL2896,Q13237,pkg2,pkg2,pkg2,,"{""parenthetical"": [], ""dropped"": [], ""mutations"": [], ""mutation_classes"": []}",,[],9606,
pkm1,CHEMBL1075189,P14618,pkm1,pkm1,pkm1,,"{""parenthetical"": [], ""dropped"": [], ""mutations"": [], ""mutation_classes"": []}",,[],9606,
pkm2,CHEMBL1075189,P14618,pkm2,pkm2,pkm2,,"{""parenthetical"": [], ""dropped"": [], ""mutations"": [], ""mutation_classes"": []}",,[],9606,
pkmyt1,CHEMBL3984,Q99640,pkmyt1,pkmyt1,pkmyt1,,"{""parenthetical"": [], ""dropped"": [], ""mutations"": [], ""mutation_classes"": []}",,[],9606,
pkmyt1 kinase doamin,CHEMBL3984,Q99640,pkmyt1 kinase doamin,pkmyt1 kinase doamin,pkmyt1|kinase|doamin,,"{""parenthetical"": [], ""dropped"": [], ""mutations"": [], ""mutation_classes"": []}",,[],9606,
pkmyt1 kinase domain,CHEMBL3984,Q99640,pkmyt1 kinase domain,pkmyt1 kinase domain,pkmyt1|kinase|domain,,"{""parenthetical"": [], ""dropped"": [], ""mutations"": [], ""mutation_classes"": []}",,[],9606,
pkn1,CHEMBL3384,Q16512,pkn1,pkn1,pkn1,,"{""parenthetical"": [], ""dropped"": [], ""mutations"": [], ""mutation_classes"": []}",,[],9606,
pkn2,CHEMBL3032,Q16513,pkn2,pkn2,pkn2,,"{""parenthetical"": [], ""dropped"": [], ""mutations"": [], ""mutation_classes"": []}",,[],9606,
pkn3,CHEMBL3627581,Q6P5Z2,pkn3,pkn3,pkn3,,"{""parenthetical"": [], ""dropped"": [], ""mutations"": [], ""mutation_classes"": []}",,[],9606,
pla2,CHEMBL3474,P14555,pla2,pla2,pla2,,"{""parenthetical"": [], ""dropped"": [], ""mutations"": [], ""mutation_classes"": []}",,[],9606,
plasmepsin - 1,CHEMBL4687,P39898,plasmepsin 1|plasmepsin-1|plasmepsin1,plasmepsin 1|plasmepsin-1|plasmepsin1,plasmepsin|1|plasmepsin-1|plasmepsin1,,"{""parenthetical"": [], ""dropped"": [], ""mutations"": [], ""mutation_classes"": []}",,[],9606,
plasmepsin - 1 ( plm i ),CHEMBL4687,P39898,plasmepsin 1|plasmepsin-1|plasmepsin1,plasmepsin 1|plasmepsin-1|plasmepsin1,plasmepsin|1|plasmepsin-1|plasmepsin1,,"{""parenthetical"": [""plm i""], ""dropped"": [], ""mutations"": [], ""mutation_classes"": []}",,[],9606,
plasmepsin - 1 falciparum,CHEMBL4687,P39898,plasmepsin 1 falciparum|plasmepsin-1 falciparum|plasmepsin-1|plasmepsin1 falciparum|plasmepsin1,plasmepsin 1 falciparum|plasmepsin-1 falciparum|plasmepsin-1|plasmepsin1 falciparum|plasmepsin1,plasmepsin|1|falciparum|plasmepsin-1|plasmepsin1,,"{""parenthetical"": [], ""dropped"": [], ""mutations"": [], ""mutation_classes"": []}",,[],9606,
plasmepsin - 2,CHEMBL4414,P46925,plasmepsin 2|plasmepsin-2|plasmepsin2,plasmepsin 2|plasmepsin-2|plasmepsin2,plasmepsin|2|plasmepsin-2|plasmepsin2,,"{""parenthetical"": [], ""dropped"": [], ""mutations"": [], ""mutation_classes"": []}",,[],9606,
plasmepsin - 2 (,CHEMBL4414,P46925,plasmepsin 2 (|plasmepsin-2 (|plasmepsin-2|plasmepsin2 (|plasmepsin2,plasmepsin 2 (|plasmepsin-2 (|plasmepsin-2|plasmepsin2 (|plasmepsin2,plasmepsin|2|(|plasmepsin-2|plasmepsin2,,"{""parenthetical"": [], ""dropped"": [], ""mutations"": [], ""mutation_classes"": []}",,[],9606,
plasmepsin - 2 ( plm ii ),CHEMBL4414,P46925,plasmepsin 2|plasmepsin-2|plasmepsin2,plasmepsin 2|plasmepsin-2|plasmepsin2,plasmepsin|2|plasmepsin-2|plasmepsin2,,"{""parenthetical"": [""plm 2""], ""dropped"": [], ""mutations"": [], ""mutation_classes"": []}",,[],9606,
plasmepsin ( plm ) ii,CHEMBL4414,P46925,plasmepsin 2 plm|plasmepsin2 plm|plasmepsin2|plasmepsin-2 plm|plasmepsin-2|plm,plasmepsin 2 plm|plasmepsin2 plm|plasmepsin2|plasmepsin-2 plm|plasmepsin-2|plm,plasmepsin|2|plm|plasmepsin2|plasmepsin-2,,"{""parenthetical"": [""plm""], ""dropped"": [], ""mutations"": [], ""mutation_classes"": []}",,[],9606,
plasmepsin 1,CHEMBL4687,P39898,plasmepsin 1|plasmepsin1|plasmepsin-1,plasmepsin 1|plasmepsin1|plasmepsin-1,plasmepsin|1|plasmepsin1|plasmepsin-1,,"{""parenthetical"": [], ""dropped"": [], ""mutations"": [], ""mutation_classes"": []}",,[],9606,
plasmepsin 2,CHEMBL4414,P46925,plasmepsin 2|plasmepsin2|plasmepsin-2,plasmepsin 2|plasmepsin2|plasmepsin-2,plasmepsin|2|plasmepsin2|plasmepsin-2,,"{""parenthetical"": [], ""dropped"": [], ""mutations"": [], ""mutation_classes"": []}",,[],9606,
plasmepsin 4,CHEMBL3988607,Q17SB2,plasmepsin 4|plasmepsin4|plasmepsin-4,plasmepsin 4|plasmepsin4|plasmepsin-4,plasmepsin|4|plasmepsin4|plasmepsin-4,,"{""parenthetical"": [], ""dropped"": [], ""mutations"": [], ""mutation_classes"": []}",,[],9606,
plasmin,CHEMBL1801,P00747,plasmin,plasmin,plasmin,,"{""parenthetical"": [], ""dropped"": [], ""mutations"": [], ""mutation_classes"": []}",,[],9606,
plasminogen / fibrinogen interaction,CHEMBL1801,P00747,plasminogen fibrinogen interaction,plasminogen fibrinogen interaction,plasminogen|fibrinogen|interaction,,"{""parenthetical"": [], ""dropped"": [], ""mutations"": [], ""mutation_classes"": []}",,[],9606,
plasminogen activator inhibitor - 1,CHEMBL3475,P05121,plasminogen activator inhibitor 1|plasminogen activator inhibitor-1|inhibitor-1|plasminogen activator inhibitor1|inhibitor1,plasminogen activator inhibitor 1|plasminogen activator inhibitor-1|inhibitor-1|plasminogen activator inhibitor1|inhibitor1,plasminogen|activator|inhibitor|1|inhibitor-1|inhibitor1,,"{""parenthetical"": [], ""dropped"": [], ""mutations"": [], ""mutation_classes"": []}",,[],9606,
platelet - derived growth factor receptor beta,CHEMBL1913,P09619,platelet derived growth factor beta|platelet-derived growth factor beta|platelet-derived|plateletderived growth factor beta|plateletderived,platelet derived growth factor receptor beta|platelet-derived growth factor receptor beta|platelet-derived|plateletderived growth factor receptor beta|plateletderived,platelet|derived|growth|factor|beta|platelet-derived|plateletderived,pdgfrb,"{""parenthetical"": [], ""dropped"": [""receptor""], ""mutations"": [], ""mutation_classes"": []}",,[],9606,
platelet - type 12 - lipoxygenase,CHEMBL3687,P18054,platelet type 12 lipoxygenase|platelet-type 12 lipoxygenase|platelet-type|platelettype 12 lipoxygenase|platelettype|platelet type 12-lipoxygenase|12-lipoxygenase|platelet type 12lipoxygenase|12lipoxygenase|platelet type12 lipoxygenase|type12|platelet type-12 lipoxygenase|type-12,platelet type 12 lipoxygenase|platelet-type 12 lipoxygenase|platelet-type|platelettype 12 lipoxygenase|platelettype|platelet type 12-lipoxygenase|12-lipoxygenase|platelet type 12lipoxygenase|12lipoxygenase|platelet type12 lipoxygenase|type12|platelet type-12 lipoxygenase|type-12,platelet|type|12|lipoxygenase|platelet-type|platelettype|12-lipoxygenase|12lipoxygenase|type12|type-12,,"{""parenthetical"": [], ""dropped"": [], ""mutations"": [], ""mutation_classes"": []}",,[],9606,
pld1,CHEMBL2536,Q13393,pld1,pld1,pld1,,"{""parenthetical"": [], ""dropped"": [], ""mutations"": [], ""mutation_classes"": []}",,[],9606,
pld2,CHEMBL2734,O14939,pld2,pld2,pld2,,"{""parenthetical"": [], ""dropped"": [], ""mutations"": [], ""mutation_classes"": []}",,[],9606,
pld2a,CHEMBL2734,O14939,pld2a,pld2a,pld2a,,"{""parenthetical"": [], ""dropped"": [], ""mutations"": [], ""mutation_classes"": []}",,[],9606,
plk - 4,CHEMBL3788,O00444,plk 4|plk-4|plk4,plk 4|plk-4|plk4,plk|4|plk-4|plk4,,"{""parenthetical"": [], ""dropped"": [], ""mutations"": [], ""mutation_classes"": []}",,[],9606,
plk1,CHEMBL3024,P53350,plk1,plk1,plk1,,"{""parenthetical"": [], ""dropped"": [], ""mutations"": [], ""mutation_classes"": []}",,[],9606,
plk1 pbd,CHEMBL3024,P53350,plk1 pbd,plk1 pbd,plk1|pbd,,"{""parenthetical"": [], ""dropped"": [], ""mutations"": [], ""mutation_classes"": []}",,[],9606,
plk2,CHEMBL5938,Q9NYY3,plk2,plk2,plk2,,"{""parenthetical"": [], ""dropped"": [], ""mutations"": [], ""mutation_classes"": []}",,[],9606,
plk3,CHEMBL4897,Q9H4B4,plk3,plk3,plk3,,"{""parenthetical"": [], ""dropped"": [], ""mutations"": [], ""mutation_classes"": []}",,[],9606,
plk4,CHEMBL3788,O00444,plk4,plk4,plk4,,"{""parenthetical"": [], ""dropped"": [], ""mutations"": [], ""mutation_classes"": []}",,[],9606,
plm2,CHEMBL4414,P46925,plm2,plm2,plm2,,"{""parenthetical"": [], ""dropped"": [], ""mutations"": [], ""mutation_classes"": []}",,[],9606,
pm2,CHEMBL4414,P46925,pm2,pm2,pm2,,"{""parenthetical"": [], ""dropped"": [], ""mutations"": [], ""mutation_classes"": []}",,[],9606,
pmm2,CHEMBL1741162,O15305,pmm2,pmm2,pmm2,,"{""parenthetical"": [], ""dropped"": [], ""mutations"": [], ""mutation_classes"": []}",,[],9606,
pnmt,CHEMBL4617,P11086,pnmt,pnmt,pnmt,,"{""parenthetical"": [], ""dropped"": [], ""mutations"": [], ""mutation_classes"": []}",,[],9606,
pnmt k57a mutant,CHEMBL4617,P11086,pnmt k57a,pnmt k57a,pnmt|k57a,,"{""parenthetical"": [], ""dropped"": [], ""mutations"": [""mutant""], ""mutation_classes"": [""NONE""]}",NONE,[],9606,
pnmt v53a mutant,CHEMBL4617,P11086,pnmt v53a,pnmt v53a,pnmt|v53a,,"{""parenthetical"": [], ""dropped"": [], ""mutations"": [""mutant""], ""mutation_classes"": [""NONE""]}",NONE,[],9606,
pnp,CHEMBL4338,P00491,pnp,pnp,pnp,,"{""parenthetical"": [], ""dropped"": [], ""mutations"": [], ""mutation_classes"": []}",,[],9606,
pnp,CHEMBL2935,P55859,pnp,pnp,pnp,,"{""parenthetical"": [], ""dropped"": [], ""mutations"": [], ""mutation_classes"": []}",,[],9606,
pnp,CHEMBL5648,Q8T9Z7,pnp,pnp,pnp,,"{""parenthetical"": [], ""dropped"": [], ""mutations"": [], ""mutation_classes"": []}",,[],9606,
pnp his257gly mutant,CHEMBL4338,P00491,pnp,pnp,pnp,,"{""parenthetical"": [], ""dropped"": [], ""mutations"": [""his257gly"", ""mutant""], ""mutation_classes"": [""MISSENSE_3"", ""NONE""]}",MISSENSE_3|NONE,[],9606,
pnp phe159trp mutant,CHEMBL2935,P55859,pnp,pnp,pnp,,"{""parenthetical"": [], ""dropped"": [], ""mutations"": [""phe159trp"", ""mutant""], ""mutation_classes"": [""MISSENSE_3"", ""NONE""]}",MISSENSE_3|NONE,[],9606,
pnp phe200trp mutant,CHEMBL2935,P55859,pnp,pnp,pnp,,"{""parenthetical"": [], ""dropped"": [], ""mutations"": [""phe200trp"", ""mutant""], ""mutation_classes"": [""MISSENSE_3"", ""NONE""]}",MISSENSE_3|NONE,[],9606,
poly ( adp - ribose ) polymerase 1,CHEMBL3105,P09874,poly polymerase 1|poly polymerase1|polymerase1|poly polymerase-1|polymerase-1,poly polymerase 1|poly polymerase1|polymerase1|poly polymerase-1|polymerase-1,poly|polymerase|1|polymerase1|polymerase-1,,"{""parenthetical"": [""adp - ribose""], ""dropped"": [], ""mutations"": [], ""mutation_classes"": []}",,[],9606,
poly ( adp - ribose ) polymerase 1 enzyme,CHEMBL3105,P09874,poly polymerase 1 enzyme|poly polymerase1 enzyme|polymerase1|poly polymerase-1 enzyme|polymerase-1,poly polymerase 1 enzyme|poly polymerase1 enzyme|polymerase1|poly polymerase-1 enzyme|polymerase-1,poly|polymerase|1|enzyme|polymerase1|polymerase-1,,"{""parenthetical"": [""adp - ribose""], ""dropped"": [], ""mutations"": [], ""mutation_classes"": []}",,[],9606,
poly adp - ribose polymerase - 1,CHEMBL3105,P09874,poly adp ribose polymerase 1|poly adp-ribose polymerase 1|adp-ribose|poly adpribose polymerase 1|adpribose|poly adp ribose polymerase-1|polymerase-1|poly adp ribose polymerase1|polymerase1,poly adp ribose polymerase 1|poly adp-ribose polymerase 1|adp-ribose|poly adpribose polymerase 1|adpribose|poly adp ribose polymerase-1|polymerase-1|poly adp ribose polymerase1|polymerase1,poly|adp|ribose|polymerase|1|adp-ribose|adpribose|polymerase-1|polymerase1,,"{""parenthetical"": [], ""dropped"": [], ""mutations"": [], ""mutation_classes"": []}",,[],9606,
polymerase nonstructural protein 5b ( hcv ns5b polymerase ),CHEMBL5375,Q8JXU8,polymerase nonstructural 5b,polymerase nonstructural protein 5b,polymerase|nonstructural|5b,,"{""parenthetical"": [""hcv ns5b polymerase""], ""dropped"": [""protein""], ""mutations"": [], ""mutation_classes"": []}",,[],9606,
pop,CHEMBL2461,P23687,pop,pop,pop,,"{""parenthetical"": [], ""dropped"": [], ""mutations"": [], ""mutation_classes"": []}",,[],9606,
pop,CHEMBL3202,P48147,pop,pop,pop,,"{""parenthetical"": [], ""dropped"": [], ""mutations"": [], ""mutation_classes"": []}",,[],9606,
pop,CHEMBL2460,Q9XTA2,pop,pop,pop,,"{""parenthetical"": [], ""dropped"": [], ""mutations"": [], ""mutation_classes"": []}",,[],9606,
pop ),CHEMBL2461,P23687,pop ),pop ),pop|),,"{""parenthetical"": [], ""dropped"": [], ""mutations"": [], ""mutation_classes"": []}",,[],9606,
porcein kidney m calpain,CHEMBL4143,P43367,porcein kidney m calpain,porcein kidney m calpain,porcein|kidney|m|calpain,,"{""parenthetical"": [], ""dropped"": [], ""mutations"": [], ""mutation_classes"": []}",,[],9606,
porcn,CHEMBL1255164,Q9JJJ7,porcn,porcn,porcn,,"{""parenthetical"": [], ""dropped"": [], ""mutations"": [], ""mutation_classes"": []}",,[],9606,
porcupine,CHEMBL1255163,Q9H237,porcupine,porcupine,porcupine,,"{""parenthetical"": [], ""dropped"": [], ""mutations"": [], ""mutation_classes"": []}",,[],9606,
porcupine,CHEMBL1255164,Q9JJJ7,porcupine,porcupine,porcupine,,"{""parenthetical"": [], ""dropped"": [], ""mutations"": [], ""mutation_classes"": []}",,[],9606,
ppar - alpha,CHEMBL239,Q07869,ppar alpha|ppar-alpha|pparalpha,ppar alpha|ppar-alpha|pparalpha,ppar|alpha|ppar-alpha|pparalpha,,"{""parenthetical"": [], ""dropped"": [], ""mutations"": [], ""mutation_classes"": []}",,[],9606,
ppar - beta / delta,CHEMBL3979,Q03181,ppar beta delta|ppar-beta delta|ppar-beta|pparbeta delta|pparbeta,ppar beta delta|ppar-beta delta|ppar-beta|pparbeta delta|pparbeta,ppar|beta|delta|ppar-beta|pparbeta,,"{""parenthetical"": [], ""dropped"": [], ""mutations"": [], ""mutation_classes"": []}",,[],9606,
ppar - beta / delta lbp,CHEMBL3979,Q03181,ppar beta delta lbp|ppar-beta delta lbp|ppar-beta|pparbeta delta lbp|pparbeta,ppar beta delta lbp|ppar-beta delta lbp|ppar-beta|pparbeta delta lbp|pparbeta,ppar|beta|delta|lbp|ppar-beta|pparbeta,,"{""parenthetical"": [], ""dropped"": [], ""mutations"": [], ""mutation_classes"": []}",,[],9606,
ppar - delta,CHEMBL3979,Q03181,ppar delta|ppar-delta|ppardelta,ppar delta|ppar-delta|ppardelta,ppar|delta|ppar-delta|ppardelta,,"{""parenthetical"": [], ""dropped"": [], ""mutations"": [], ""mutation_classes"": []}",,[],9606,
ppar - gamma,CHEMBL235,P37231,ppar gamma|ppar-gamma|ppargamma,ppar gamma|ppar-gamma|ppargamma,ppar|gamma|ppar-gamma|ppargamma,,"{""parenthetical"": [], ""dropped"": [], ""mutations"": [], ""mutation_classes"": []}",,[],9606,
ppar alpha,CHEMBL239,Q07869,ppar alpha,ppar alpha,ppar|alpha,,"{""parenthetical"": [], ""dropped"": [], ""mutations"": [], ""mutation_classes"": []}",,[],9606,
ppar delta,CHEMBL3979,Q03181,ppar delta,ppar delta,ppar|delta,,"{""parenthetical"": [], ""dropped"": [], ""mutations"": [], ""mutation_classes"": []}",,[],9606,
ppar delta receptor,CHEMBL3979,Q03181,ppar delta,ppar delta receptor,ppar|delta,dor oprd1 ppard,"{""parenthetical"": [], ""dropped"": [""receptor""], ""mutations"": [], ""mutation_classes"": []}",,[],9606,
ppar gamma,CHEMBL235,P37231,ppar gamma,ppar gamma,ppar|gamma,,"{""parenthetical"": [], ""dropped"": [], ""mutations"": [], ""mutation_classes"": []}",,[],9606,
ppar gamma receptor,CHEMBL235,P37231,ppar gamma,ppar gamma receptor,ppar|gamma,,"{""parenthetical"": [], ""dropped"": [""receptor""], ""mutations"": [], ""mutation_classes"": []}",,[],9606,
pparalpha,CHEMBL235,P37231,pparalpha,pparalpha,pparalpha,,"{""parenthetical"": [], ""dropped"": [], ""mutations"": [], ""mutation_classes"": []}",,[],9606,
pparalpha,CHEMBL239,Q07869,pparalpha,pparalpha,pparalpha,,"{""parenthetical"": [], ""dropped"": [], ""mutations"": [], ""mutation_classes"": []}",,[],9606,
pparalpha lbd,CHEMBL239,Q07869,pparalpha lbd,pparalpha lbd,pparalpha|lbd,,"{""parenthetical"": [], ""dropped"": [], ""mutations"": [], ""mutation_classes"": []}",,[],9606,
pparalpha receptor,CHEMBL239,Q07869,pparalpha,pparalpha receptor,pparalpha,ppara,"{""parenthetical"": [], ""dropped"": [""receptor""], ""mutations"": [], ""mutation_classes"": []}",,[],9606,
ppardelta,CHEMBL3979,Q03181,ppardelta,ppardelta,ppardelta,,"{""parenthetical"": [], ""dropped"": [], ""mutations"": [], ""mutation_classes"": []}",,[],9606,
ppardelta receptor,CHEMBL3979,Q03181,ppardelta,ppardelta receptor,ppardelta,ppard,"{""parenthetical"": [], ""dropped"": [""receptor""], ""mutations"": [], ""mutation_classes"": []}",,[],9606,
pparg - lbd,CHEMBL235,P37231,pparg lbd|pparg-lbd|pparglbd,pparg lbd|pparg-lbd|pparglbd,pparg|lbd|pparg-lbd|pparglbd,,"{""parenthetical"": [], ""dropped"": [], ""mutations"": [], ""mutation_classes"": []}",,[],9606,
pparg lbd,CHEMBL235,P37231,pparg lbd,pparg lbd,pparg|lbd,,"{""parenthetical"": [], ""dropped"": [], ""mutations"": [], ""mutation_classes"": []}",,[],9606,
ppargamma,CHEMBL235,P37231,ppargamma,ppargamma,ppargamma,,"{""parenthetical"": [], ""dropped"": [], ""mutations"": [], ""mutation_classes"": []}",,[],9606,
ppargamma - lbd,CHEMBL235,P37231,ppargamma lbd|ppargamma-lbd|ppargammalbd,ppargamma lbd|ppargamma-lbd|ppargammalbd,ppargamma|lbd|ppargamma-lbd|ppargammalbd,,"{""parenthetical"": [], ""dropped"": [], ""mutations"": [], ""mutation_classes"": []}",,[],9606,
ppargamma isoform 1 lbd,CHEMBL235,P37231,ppargamma 1 lbd|isoform1|isoform-1,ppargamma isoform 1 lbd|ppargamma isoform1 lbd|isoform1|ppargamma isoform-1 lbd|isoform-1,ppargamma|1|lbd|isoform1|isoform-1,,"{""parenthetical"": [], ""dropped"": [""isoform""], ""mutations"": [], ""mutation_classes"": []}",,[],9606,
ppargamma lbd,CHEMBL235,P37231,ppargamma lbd,ppargamma lbd,ppargamma|lbd,,"{""parenthetical"": [], ""dropped"": [], ""mutations"": [], ""mutation_classes"": []}",,[],9606,
ppargamma ligand binding domain,CHEMBL235,P37231,ppargamma ligand binding domain,ppargamma ligand binding domain,ppargamma|ligand|binding|domain,,"{""parenthetical"": [], ""dropped"": [], ""mutations"": [], ""mutation_classes"": []}",,[],9606,
ppargamma receptor,CHEMBL235,P37231,ppargamma,ppargamma receptor,ppargamma,pparg,"{""parenthetical"": [], ""dropped"": [""receptor""], ""mutations"": [], ""mutation_classes"": []}",,[],9606,
pr,CHEMBL208,P06401,pr,pr,pr,,"{""parenthetical"": [], ""dropped"": [], ""mutations"": [], ""mutation_classes"": []}",,[],9606,
pr - a progesterone receptor,CHEMBL208,P06401,pr a progesterone|pr-a progesterone|pr-a|pra progesterone|pra,pr a progesterone receptor|pr-a progesterone receptor|pr-a|pra progesterone receptor|pra,pr|a|progesterone|pr-a|pra,,"{""parenthetical"": [], ""dropped"": [""receptor""], ""mutations"": [], ""mutation_classes"": []}",,[],9606,
pr - b progesterone receptor,CHEMBL208,P06401,pr b progesterone|pr-b progesterone|pr-b|prb progesterone|prb,pr b progesterone receptor|pr-b progesterone receptor|pr-b|prb progesterone receptor|prb,pr|b|progesterone|pr-b|prb,,"{""parenthetical"": [], ""dropped"": [""receptor""], ""mutations"": [], ""mutation_classes"": []}",,[],9606,
pr - lbd,CHEMBL208,P06401,pr lbd|pr-lbd|prlbd,pr lbd|pr-lbd|prlbd,pr|lbd|pr-lbd|prlbd,,"{""parenthetical"": [], ""dropped"": [], ""mutations"": [], ""mutation_classes"": []}",,[],9606,
pr ),CHEMBL208,P06401,pr ),pr ),pr|),,"{""parenthetical"": [], ""dropped"": [], ""mutations"": [], ""mutation_classes"": []}",,[],9606,
prb,CHEMBL208,P06401,prb,prb,prb,,"{""parenthetical"": [], ""dropped"": [], ""mutations"": [], ""mutation_classes"": []}",,[],9606,
prcp,CHEMBL2335,P42785,prcp,prcp,prcp,,"{""parenthetical"": [], ""dropped"": [], ""mutations"": [], ""mutation_classes"": []}",,[],9606,
prcp,CHEMBL1255149,Q7TMR0,prcp,prcp,prcp,,"{""parenthetical"": [], ""dropped"": [], ""mutations"": [], ""mutation_classes"": []}",,[],9606,
prcp angiotensin3,CHEMBL1255149,Q7TMR0,prcp angiotensin3,prcp angiotensin3,prcp|angiotensin3,,"{""parenthetical"": [], ""dropped"": [], ""mutations"": [], ""mutation_classes"": []}",,[],9606,
prep,CHEMBL3202,P48147,prep,prep,prep,,"{""parenthetical"": [], ""dropped"": [], ""mutations"": [], ""mutation_classes"": []}",,[],9606,
preprorenin,CHEMBL286,P00797,preprorenin,preprorenin,preprorenin,,"{""parenthetical"": [], ""dropped"": [], ""mutations"": [], ""mutation_classes"": []}",,[],9606,
prk1,CHEMBL3384,Q16512,prk1,prk1,prk1,,"{""parenthetical"": [], ""dropped"": [], ""mutations"": [], ""mutation_classes"": []}",,[],9606,
prkg1,CHEMBL4273,Q13976,prkg1,prkg1,prkg1,,"{""parenthetical"": [], ""dropped"": [], ""mutations"": [], ""mutation_classes"": []}",,[],9606,
prkx,CHEMBL5818,P51817,prkx,prkx,prkx,,"{""parenthetical"": [], ""dropped"": [], ""mutations"": [], ""mutation_classes"": []}",,[],9606,
prl - 3,CHEMBL4162,O75365,prl 3|prl-3|prl3,prl 3|prl-3|prl3,prl|3|prl-3|prl3,,"{""parenthetical"": [], ""dropped"": [], ""mutations"": [], ""mutation_classes"": []}",,[],9606,
prl3,CHEMBL4162,O75365,prl3,prl3,prl3,,"{""parenthetical"": [], ""dropped"": [], ""mutations"": [], ""mutation_classes"": []}",,[],9606,
prmt1,CHEMBL5524,Q99873,prmt1,prmt1,prmt1,,"{""parenthetical"": [], ""dropped"": [], ""mutations"": [], ""mutation_classes"": []}",,[],9606,
prmt3,CHEMBL5891,O60678,prmt3,prmt3,prmt3,,"{""parenthetical"": [], ""dropped"": [], ""mutations"": [], ""mutation_classes"": []}",,[],9606,
prmt4,CHEMBL5406,Q86X55,prmt4,prmt4,prmt4,,"{""parenthetical"": [], ""dropped"": [], ""mutations"": [], ""mutation_classes"": []}",,[],9606,
prmt5,CHEMBL1795116,O14744,prmt5,prmt5,prmt5,,"{""parenthetical"": [], ""dropped"": [], ""mutations"": [], ""mutation_classes"": []}",,[],9606,
prmt6,CHEMBL1275221,Q96LA8,prmt6,prmt6,prmt6,,"{""parenthetical"": [], ""dropped"": [], ""mutations"": [], ""mutation_classes"": []}",,[],9606,
prmt8,CHEMBL3108648,Q9NR22,prmt8,prmt8,prmt8,,"{""parenthetical"": [], ""dropped"": [], ""mutations"": [], ""mutation_classes"": []}",,[],9606,
pro - bace1,CHEMBL4822,P56817,pro bace1|pro-bace1|probace1,pro bace1|pro-bace1|probace1,pro|bace1|pro-bace1|probace1,,"{""parenthetical"": [], ""dropped"": [], ""mutations"": [], ""mutation_classes"": []}",,[],9606,
pro - mmp1,CHEMBL332,P03956,pro mmp1|pro-mmp1|prommp1,pro mmp1|pro-mmp1|prommp1,pro|mmp1|pro-mmp1|prommp1,,"{""parenthetical"": [], ""dropped"": [], ""mutations"": [], ""mutation_classes"": []}",,[],9606,
pro - mmp12,CHEMBL4393,P39900,pro mmp12|pro-mmp12|prommp12,pro mmp12|pro-mmp12|prommp12,pro|mmp12|pro-mmp12|prommp12,,"{""parenthetical"": [], ""dropped"": [], ""mutations"": [], ""mutation_classes"": []}",,[],9606,
pro - mmp2,CHEMBL333,P08253,pro mmp2|pro-mmp2|prommp2,pro mmp2|pro-mmp2|prommp2,pro|mmp2|pro-mmp2|prommp2,,"{""parenthetical"": [], ""dropped"": [], ""mutations"": [], ""mutation_classes"": []}",,[],9606,
pro - mmp3,CHEMBL283,P08254,pro mmp3|pro-mmp3|prommp3,pro mmp3|pro-mmp3|prommp3,pro|mmp3|pro-mmp3|prommp3,,"{""parenthetical"": [], ""dropped"": [], ""mutations"": [], ""mutation_classes"": []}",,[],9606,
pro - mmp9,CHEMBL321,P14780,pro mmp9|pro-mmp9|prommp9,pro mmp9|pro-mmp9|prommp9,pro|mmp9|pro-mmp9|prommp9,,"{""parenthetical"": [], ""dropped"": [], ""mutations"": [], ""mutation_classes"": []}",,[],9606,
progesterone 17 - alpha - hydroxylase .,CHEMBL3522,P05093,progesterone 17 alpha hydroxylase|progesterone 17-alpha-hydroxylase|17-alpha-hydroxylase|progesterone 17alphahydroxylase|17alphahydroxylase|progesterone17 alpha hydroxylase|progesterone17|progesterone-17 alpha hydroxylase|progesterone-17,progesterone 17 alpha hydroxylase|progesterone 17-alpha-hydroxylase|17-alpha-hydroxylase|progesterone 17alphahydroxylase|17alphahydroxylase|progesterone17 alpha hydroxylase|progesterone17|progesterone-17 alpha hydroxylase|progesterone-17,progesterone|17|alpha|hydroxylase|17-alpha-hydroxylase|17alphahydroxylase|progesterone17|progesterone-17,,"{""parenthetical"": [], ""dropped"": [], ""mutations"": [], ""mutation_classes"": []}",,[],9606,
progesterone receptor,CHEMBL208,P06401,progesterone,progesterone receptor,progesterone,,"{""parenthetical"": [], ""dropped"": [""receptor""], ""mutations"": [], ""mutation_classes"": []}",,[],9606,
progesterone receptor ( hpr ),CHEMBL208,P06401,progesterone hpr|hpr,progesterone receptor hpr|hpr,progesterone|hpr,,"{""parenthetical"": [""hpr""], ""dropped"": [""receptor""], ""mutations"": [], ""mutation_classes"": []}",,[],9606,
progesterone receptor ( pr ),CHEMBL208,P06401,progesterone pr|pr,progesterone receptor pr|pr,progesterone|pr,,"{""parenthetical"": [""pr""], ""dropped"": [""receptor""], ""mutations"": [], ""mutation_classes"": []}",,[],9606,
progesterone receptor b,CHEMBL208,P06401,progesterone b,progesterone receptor b,progesterone|b,,"{""parenthetical"": [], ""dropped"": [""receptor""], ""mutations"": [], ""mutation_classes"": []}",,[],9606,
progesterone receptor beta,CHEMBL208,P06401,progesterone beta,progesterone receptor beta,progesterone|beta,,"{""parenthetical"": [], ""dropped"": [""receptor""], ""mutations"": [], ""mutation_classes"": []}",,[],9606,
progesterone receptor isoform a,CHEMBL208,P06401,progesterone a,progesterone receptor isoform a,progesterone|a,,"{""parenthetical"": [], ""dropped"": [""receptor"", ""isoform""], ""mutations"": [], ""mutation_classes"": []}",,[],9606,
progesterone receptor isoform b ( hpr - b ),CHEMBL208,P06401,progesterone b,progesterone receptor isoform b,progesterone|b,,"{""parenthetical"": [""hpr - b""], ""dropped"": [""receptor"", ""isoform""], ""mutations"": [], ""mutation_classes"": []}",,[],9606,
prolyl oligopeptidase,CHEMBL2461,P23687,prolyl oligopeptidase,prolyl oligopeptidase,prolyl|oligopeptidase,,"{""parenthetical"": [], ""dropped"": [], ""mutations"": [], ""mutation_classes"": []}",,[],9606,
prolyl oligopeptidase,CHEMBL3202,P48147,prolyl oligopeptidase,prolyl oligopeptidase,prolyl|oligopeptidase,,"{""parenthetical"": [], ""dropped"": [], ""mutations"": [], ""mutation_classes"": []}",,[],9606,
prolyl oligopeptidase ( pop ),CHEMBL2461,P23687,prolyl oligopeptidase pop|pop,prolyl oligopeptidase pop|pop,prolyl|oligopeptidase|pop,,"{""parenthetical"": [""pop""], ""dropped"": [], ""mutations"": [], ""mutation_classes"": []}",,[],9606,
prostaglandin e receptor,CHEMBL1811,P34995,prostaglandin e,prostaglandin e receptor,prostaglandin|e,ptger1 ptger2 ptger3 ptger4,"{""parenthetical"": [], ""dropped"": [""receptor""], ""mutations"": [], ""mutation_classes"": []}",,[],9606,
prostaglandin ep2 receptor,CHEMBL1881,P43116,prostaglandin ep2,prostaglandin ep2 receptor,prostaglandin|ep2,ep2 ptger2,"{""parenthetical"": [], ""dropped"": [""receptor""], ""mutations"": [], ""mutation_classes"": []}",,[],9606,
prostaglandin ep4 receptor,CHEMBL1836,P35408,prostaglandin ep4,prostaglandin ep4 receptor,prostaglandin|ep4,ep4 ptger4,"{""parenthetical"": [], ""dropped"": [""receptor""], ""mutations"": [], ""mutation_classes"": []}",,[],9606,
prostaglandin g / h synthase 1,CHEMBL2949,P05979,prostaglandin g h synthase 1|prostaglandin g h synthase1|synthase1|prostaglandin g h synthase-1|synthase-1,prostaglandin g h synthase 1|prostaglandin g h synthase1|synthase1|prostaglandin g h synthase-1|synthase-1,prostaglandin|g|h|synthase|1|synthase1|synthase-1,,"{""parenthetical"": [], ""dropped"": [], ""mutations"": [], ""mutation_classes"": []}",,[],9606,
prostaglandin g / h synthase 1,CHEMBL2649,P22437,prostaglandin g h synthase 1|prostaglandin g h synthase1|synthase1|prostaglandin g h synthase-1|synthase-1,prostaglandin g h synthase 1|prostaglandin g h synthase1|synthase1|prostaglandin g h synthase-1|synthase-1,prostaglandin|g|h|synthase|1|synthase1|synthase-1,,"{""parenthetical"": [], ""dropped"": [], ""mutations"": [], ""mutation_classes"": []}",,[],9606,
prostaglandin g / h synthase 1,CHEMBL221,P23219,prostaglandin g h synthase 1|prostaglandin g h synthase1|synthase1|prostaglandin g h synthase-1|synthase-1,prostaglandin g h synthase 1|prostaglandin g h synthase1|synthase1|prostaglandin g h synthase-1|synthase-1,prostaglandin|g|h|synthase|1|synthase1|synthase-1,,"{""parenthetical"": [], ""dropped"": [], ""mutations"": [], ""mutation_classes"": []}",,[],9606,
prostaglandin g / h synthase 1 - 1 ),CHEMBL221,P23219,prostaglandin g h synthase 1 1 )|prostaglandin g h synthase 1-1 )|1-1|prostaglandin g h synthase 11 )|11|prostaglandin g h synthase1 1 )|synthase1|prostaglandin g h synthase-1 1 )|synthase-1,prostaglandin g h synthase 1 )|1-1|11|prostaglandin g h synthase1 )|synthase1|prostaglandin g h synthase-1 )|synthase-1,prostaglandin|g|h|synthase|1|)|1-1|11|synthase1|synthase-1,,"{""parenthetical"": [], ""dropped"": [], ""mutations"": [], ""mutation_classes"": []}",,[],9606,
prostaglandin g / h synthase 1 ( cox - 1 ),CHEMBL2949,P05979,prostaglandin g h synthase 1|prostaglandin g h synthase1|synthase1|prostaglandin g h synthase-1|synthase-1,prostaglandin g h synthase 1|prostaglandin g h synthase1|synthase1|prostaglandin g h synthase-1|synthase-1,prostaglandin|g|h|synthase|1|synthase1|synthase-1,,"{""parenthetical"": [""cox - 1""], ""dropped"": [], ""mutations"": [], ""mutation_classes"": []}",,[],9606,
prostaglandin g / h synthase 1 ( cox - 1 ),CHEMBL221,P23219,prostaglandin g h synthase 1|prostaglandin g h synthase1|synthase1|prostaglandin g h synthase-1|synthase-1,prostaglandin g h synthase 1|prostaglandin g h synthase1|synthase1|prostaglandin g h synthase-1|synthase-1,prostaglandin|g|h|synthase|1|synthase1|synthase-1,,"{""parenthetical"": [""cox - 1""], ""dropped"": [], ""mutations"": [], ""mutation_classes"": []}",,[],9606,
prostaglandin g / h synthase 2,CHEMBL230,P35354,prostaglandin g h synthase 2|prostaglandin g h synthase2|synthase2|prostaglandin g h synthase-2|synthase-2,prostaglandin g h synthase 2|prostaglandin g h synthase2|synthase2|prostaglandin g h synthase-2|synthase-2,prostaglandin|g|h|synthase|2|synthase2|synthase-2,,"{""parenthetical"": [], ""dropped"": [], ""mutations"": [], ""mutation_classes"": []}",,[],9606,
prostaglandin g / h synthase 2,CHEMBL4102,P79208,prostaglandin g h synthase 2|prostaglandin g h synthase2|synthase2|prostaglandin g h synthase-2|synthase-2,prostaglandin g h synthase 2|prostaglandin g h synthase2|synthase2|prostaglandin g h synthase-2|synthase-2,prostaglandin|g|h|synthase|2|synthase2|synthase-2,,"{""parenthetical"": [], ""dropped"": [], ""mutations"": [], ""mutation_classes"": []}",,[],9606,
prostaglandin g / h synthase 2,CHEMBL4321,Q05769,prostaglandin g h synthase 2|prostaglandin g h synthase2|synthase2|prostaglandin g h synthase-2|synthase-2,prostaglandin g h synthase 2|prostaglandin g h synthase2|synthase2|prostaglandin g h synthase-2|synthase-2,prostaglandin|g|h|synthase|2|synthase2|synthase-2,,"{""parenthetical"": [], ""dropped"": [], ""mutations"": [], ""mutation_classes"": []}",,[],9606,
prostaglandin g / h synthase 2 ( cox - 2 ),CHEMBL230,P35354,prostaglandin g h synthase 2|prostaglandin g h synthase2|synthase2|prostaglandin g h synthase-2|synthase-2,prostaglandin g h synthase 2|prostaglandin g h synthase2|synthase2|prostaglandin g h synthase-2|synthase-2,prostaglandin|g|h|synthase|2|synthase2|synthase-2,,"{""parenthetical"": [""cox - 2""], ""dropped"": [], ""mutations"": [], ""mutation_classes"": []}",,[],9606,
prostanoid dp receptor,CHEMBL3933,P70263,prostanoid dp,prostanoid dp receptor,prostanoid|dp,dp1 ptgdr,"{""parenthetical"": [], ""dropped"": [""receptor""], ""mutations"": [], ""mutation_classes"": []}",,[],9606,
prostanoid dp receptor,CHEMBL4427,Q13258,prostanoid dp,prostanoid dp receptor,prostanoid|dp,dp1 ptgdr,"{""parenthetical"": [], ""dropped"": [""receptor""], ""mutations"": [], ""mutation_classes"": []}",,[],9606,
prostanoid ep1 receptor,CHEMBL1811,P34995,prostanoid ep1,prostanoid ep1 receptor,prostanoid|ep1,ep1 ptger1,"{""parenthetical"": [], ""dropped"": [""receptor""], ""mutations"": [], ""mutation_classes"": []}",,[],9606,
prostanoid ep2 receptor,CHEMBL1881,P43116,prostanoid ep2,prostanoid ep2 receptor,prostanoid|ep2,ep2 ptger2,"{""parenthetical"": [], ""dropped"": [""receptor""], ""mutations"": [], ""mutation_classes"": []}",,[],9606,
prostanoid ep2 receptor,CHEMBL2488,Q62053,prostanoid ep2,prostanoid ep2 receptor,prostanoid|ep2,ep2 ptger2,"{""parenthetical"": [], ""dropped"": [""receptor""], ""mutations"": [], ""mutation_classes"": []}",,[],9606,
prostanoid ep3 receptor,CHEMBL4336,P30557,prostanoid ep3,prostanoid ep3 receptor,prostanoid|ep3,ep3 ptger3,"{""parenthetical"": [], ""dropped"": [""receptor""], ""mutations"": [], ""mutation_classes"": []}",,[],9606,
prostanoid ep3 receptor,CHEMBL3710,P43115,prostanoid ep3,prostanoid ep3 receptor,prostanoid|ep3,ep3 ptger3,"{""parenthetical"": [], ""dropped"": [""receptor""], ""mutations"": [], ""mutation_classes"": []}",,[],9606,
prostanoid ep4 receptor,CHEMBL2489,P32240,prostanoid ep4,prostanoid ep4 receptor,prostanoid|ep4,ep4 ptger4,"{""parenthetical"": [], ""dropped"": [""receptor""], ""mutations"": [], ""mutation_classes"": []}",,[],9606,
prostanoid ep4 receptor,CHEMBL1836,P35408,prostanoid ep4,prostanoid ep4 receptor,prostanoid|ep4,ep4 ptger4,"{""parenthetical"": [], ""dropped"": [""receptor""], ""mutations"": [], ""mutation_classes"": []}",,[],9606,
prostanoid fp receptor,CHEMBL4820,P37289,prostanoid fp,prostanoid fp receptor,prostanoid|fp,fp ptgfr,"{""parenthetical"": [], ""dropped"": [""receptor""], ""mutations"": [], ""mutation_classes"": []}",,[],9606,
prostanoid fp receptor,CHEMBL1987,P43088,prostanoid fp,prostanoid fp receptor,prostanoid|fp,fp ptgfr,"{""parenthetical"": [], ""dropped"": [""receptor""], ""mutations"": [], ""mutation_classes"": []}",,[],9606,
protease,CHEMBL243,Q72874,protease,protease,protease,,"{""parenthetical"": [], ""dropped"": [], ""mutations"": [], ""mutation_classes"": []}",,[],9606,
proteasome beta1,CHEMBL4208,P20618,proteasome beta1,proteasome beta1,proteasome|beta1,,"{""parenthetical"": [], ""dropped"": [], ""mutations"": [], ""mutation_classes"": []}",,[],9606,
protein - tyrosine phosphatase 1b,CHEMBL335,P18031,tyrosine phosphatase 1b|protein-tyrosine|proteintyrosine,protein tyrosine phosphatase 1b|protein-tyrosine phosphatase 1b|protein-tyrosine|proteintyrosine phosphatase 1b|proteintyrosine,tyrosine|phosphatase|1b|protein-tyrosine|proteintyrosine,,"{""parenthetical"": [], ""dropped"": [""protein""], ""mutations"": [], ""mutation_classes"": []}",,[],9606,
protein c,CHEMBL4444,P04070,c,protein c,c,,"{""parenthetical"": [], ""dropped"": [""protein""], ""mutations"": [], ""mutation_classes"": [], ""mutations_only"": true}",,[],9606,
"protein kinase b , alpha",CHEMBL4282,P31749,kinase b alpha,protein kinase b alpha,kinase|b|alpha,,"{""parenthetical"": [], ""dropped"": [""protein""], ""mutations"": [], ""mutation_classes"": []}",,[],9606,
protein kinase c alpha,CHEMBL299,P17252,kinase c alpha,protein kinase c alpha,kinase|c|alpha,,"{""parenthetical"": [], ""dropped"": [""protein""], ""mutations"": [], ""mutation_classes"": []}",,[],9606,
protein kinase c beta 1,CHEMBL3045,P05771,kinase c beta 1|kinase c beta1|beta1|kinase c beta-1|beta-1,protein kinase c beta 1|protein kinase c beta1|beta1|protein kinase c beta-1|beta-1,kinase|c|beta|1|beta1|beta-1,,"{""parenthetical"": [], ""dropped"": [""protein""], ""mutations"": [], ""mutation_classes"": []}",,[],9606,
protein kinase c beta 2,CHEMBL3045,P05771,kinase c beta 2|kinase c beta2|beta2|kinase c beta-2|beta-2,protein kinase c beta 2|protein kinase c beta2|beta2|protein kinase c beta-2|beta-2,kinase|c|beta|2|beta2|beta-2,,"{""parenthetical"": [], ""dropped"": [""protein""], ""mutations"": [], ""mutation_classes"": []}",,[],9606,
protein kinase c delta,CHEMBL2996,Q05655,kinase c delta,protein kinase c delta,kinase|c|delta,,"{""parenthetical"": [], ""dropped"": [""protein""], ""mutations"": [], ""mutation_classes"": []}",,[],9606,
protein kinase c delta c1b domain,CHEMBL2560,P28867,kinase c delta c1b domain,protein kinase c delta c1b domain,kinase|c|delta|c1b|domain,,"{""parenthetical"": [], ""dropped"": [""protein""], ""mutations"": [], ""mutation_classes"": []}",,[],9606,
protein kinase c delta c1b domain mutant,CHEMBL2560,P28867,kinase c delta c1b domain,protein kinase c delta c1b domain,kinase|c|delta|c1b|domain,,"{""parenthetical"": [], ""dropped"": [""protein""], ""mutations"": [""mutant""], ""mutation_classes"": [""NONE""]}",NONE,[],9606,
protein kinase c epsilon,CHEMBL3582,Q02156,kinase c epsilon,protein kinase c epsilon,kinase|c|epsilon,,"{""parenthetical"": [], ""dropped"": [""protein""], ""mutations"": [], ""mutation_classes"": []}",,[],9606,
protein kinase c eta,CHEMBL3616,P24723,kinase c eta,protein kinase c eta,kinase|c|eta,,"{""parenthetical"": [], ""dropped"": [""protein""], ""mutations"": [], ""mutation_classes"": []}",,[],9606,
protein kinase c gamma,CHEMBL2938,P05129,kinase c gamma,protein kinase c gamma,kinase|c|gamma,,"{""parenthetical"": [], ""dropped"": [""protein""], ""mutations"": [], ""mutation_classes"": []}",,[],9606,
protein kinase g,CHEMBL2169724,W7JX98,kinase g,protein kinase g,kinase|g,,"{""parenthetical"": [], ""dropped"": [""protein""], ""mutations"": [], ""mutation_classes"": []}",,[],9606,
protein tyrosine phosphatase,CHEMBL4542,P9WIA1,tyrosine phosphatase,protein tyrosine phosphatase,tyrosine|phosphatase,,"{""parenthetical"": [], ""dropped"": [""protein""], ""mutations"": [], ""mutation_classes"": []}",,[],9606,
psma,CHEMBL1892,Q04609,psma,psma,psma,,"{""parenthetical"": [], ""dropped"": [], ""mutations"": [], ""mutation_classes"": []}",,[],9606,
ptk2,CHEMBL2695,Q05397,ptk2,ptk2,ptk2,,"{""parenthetical"": [], ""dropped"": [], ""mutations"": [], ""mutation_classes"": []}",,[],9606,
ptl,CHEMBL1812,P16233,ptl,ptl,ptl,,"{""parenthetical"": [], ""dropped"": [], ""mutations"": [], ""mutation_classes"": []}",,[],9606,
ptp1b,CHEMBL335,P18031,ptp1b,ptp1b,ptp1b,,"{""parenthetical"": [], ""dropped"": [], ""mutations"": [], ""mutation_classes"": []}",,[],9606,
ptp4a3,CHEMBL4162,O75365,ptp4a3,ptp4a3,ptp4a3,,"{""parenthetical"": [], ""dropped"": [], ""mutations"": [], ""mutation_classes"": []}",,[],9606,
ptpa,CHEMBL4542,P9WIA1,ptpa,ptpa,ptpa,,"{""parenthetical"": [], ""dropped"": [], ""mutations"": [], ""mutation_classes"": []}",,[],9606,
ptpb,CHEMBL4295521,A0A045ISB3,ptpb,ptpb,ptpb,,"{""parenthetical"": [], ""dropped"": [], ""mutations"": [], ""mutation_classes"": []}",,[],9606,
ptpb,CHEMBL4540,P96830,ptpb,ptpb,ptpb,,"{""parenthetical"": [], ""dropped"": [], ""mutations"": [], ""mutation_classes"": []}",,[],9606,
ptpbeta,CHEMBL2706,P23467,ptpbeta,ptpbeta,ptpbeta,,"{""parenthetical"": [], ""dropped"": [], ""mutations"": [], ""mutation_classes"": []}",,[],9606,
purine nucleoside phosphorylase,CHEMBL4338,P00491,purine nucleoside phosphorylase,purine nucleoside phosphorylase,purine|nucleoside|phosphorylase,,"{""parenthetical"": [], ""dropped"": [], ""mutations"": [], ""mutation_classes"": []}",,[],9606,
purine nucleoside phosphorylase,CHEMBL5648,Q8T9Z7,purine nucleoside phosphorylase,purine nucleoside phosphorylase,purine|nucleoside|phosphorylase,,"{""parenthetical"": [], ""dropped"": [], ""mutations"": [], ""mutation_classes"": []}",,[],9606,
purine nucleoside phosphorylase ( pnp ),CHEMBL4338,P00491,purine nucleoside phosphorylase pnp|pnp,purine nucleoside phosphorylase pnp|pnp,purine|nucleoside|phosphorylase|pnp,,"{""parenthetical"": [""pnp""], ""dropped"": [], ""mutations"": [], ""mutation_classes"": []}",,[],9606,
purinergic p2x7 receptor,CHEMBL4805,Q99572,purinergic p2x7,purinergic p2x7 receptor,purinergic|p2x7,p2rx7,"{""parenthetical"": [], ""dropped"": [""receptor""], ""mutations"": [], ""mutation_classes"": []}",,[],9606,
pyk2,CHEMBL5469,Q14289,pyk2,pyk2,pyk2,,"{""parenthetical"": [], ""dropped"": [], ""mutations"": [], ""mutation_classes"": []}",,[],9606,
qik,CHEMBL5699,Q9H0K1,qik,qik,qik,,"{""parenthetical"": [], ""dropped"": [], ""mutations"": [], ""mutation_classes"": []}",,[],9606,
qr2,CHEMBL3959,P16083,qr2,qr2,qr2,,"{""parenthetical"": [], ""dropped"": [], ""mutations"": [], ""mutation_classes"": []}",,[],9606,
quinine reductase 2,CHEMBL3959,P16083,quinine reductase 2|quinine reductase2|reductase2|quinine reductase-2|reductase-2,quinine reductase 2|quinine reductase2|reductase2|quinine reductase-2|reductase-2,quinine|reductase|2|reductase2|reductase-2,,"{""parenthetical"": [], ""dropped"": [], ""mutations"": [], ""mutation_classes"": []}",,[],9606,
quinone reductase 2,CHEMBL3959,P16083,quinone reductase 2|quinone reductase2|reductase2|quinone reductase-2|reductase-2,quinone reductase 2|quinone reductase2|reductase2|quinone reductase-2|reductase-2,quinone|reductase|2|reductase2|reductase-2,,"{""parenthetical"": [], ""dropped"": [], ""mutations"": [], ""mutation_classes"": []}",,[],9606,
rac1,CHEMBL6094,P63000,rac1,rac1,rac1,,"{""parenthetical"": [], ""dropped"": [], ""mutations"": [], ""mutation_classes"": []}",,[],9606,
rac1 g15a mutant,CHEMBL6094,P63000,rac1 g15a,rac1 g15a,rac1|g15a,,"{""parenthetical"": [], ""dropped"": [], ""mutations"": [""mutant""], ""mutation_classes"": [""NONE""]}",NONE,[],9606,
rad51,CHEMBL2034807,Q06609,rad51,rad51,rad51,,"{""parenthetical"": [], ""dropped"": [], ""mutations"": [], ""mutation_classes"": []}",,[],9606,
raf,CHEMBL5145,P15056,raf,raf,raf,,"{""parenthetical"": [], ""dropped"": [], ""mutations"": [], ""mutation_classes"": []}",,[],9606,
raf,CHEMBL3587,Q02750,raf,raf,raf,,"{""parenthetical"": [], ""dropped"": [], ""mutations"": [], ""mutation_classes"": []}",,[],9606,
raf - 1,CHEMBL1906,P04049,raf 1|raf-1|raf1,raf 1|raf-1|raf1,raf|1|raf-1|raf1,,"{""parenthetical"": [], ""dropped"": [], ""mutations"": [], ""mutation_classes"": []}",,[],9606,
raf kinase,CHEMBL1906,P04049,raf kinase,raf kinase,raf|kinase,,"{""parenthetical"": [], ""dropped"": [], ""mutations"": [], ""mutation_classes"": []}",,[],9606,
raf1,CHEMBL1906,P04049,raf1,raf1,raf1,,"{""parenthetical"": [], ""dropped"": [], ""mutations"": [], ""mutation_classes"": []}",,[],9606,
rage,CHEMBL2176846,Q15109,rage,rage,rage,,"{""parenthetical"": [], ""dropped"": [], ""mutations"": [], ""mutation_classes"": []}",,[],9606,
rage domain v,CHEMBL2176846,Q15109,rage domain v,rage domain v,rage|domain|v,,"{""parenthetical"": [], ""dropped"": [], ""mutations"": [], ""mutation_classes"": []}",,[],9606,
rar alpha,CHEMBL2792,P11416,rar alpha,rar alpha,rar|alpha,,"{""parenthetical"": [], ""dropped"": [], ""mutations"": [], ""mutation_classes"": []}",,[],9606,
rar beta,CHEMBL3266,P22605,rar beta,rar beta,rar|beta,,"{""parenthetical"": [], ""dropped"": [], ""mutations"": [], ""mutation_classes"": []}",,[],9606,
rar gamma,CHEMBL4177,P18911,rar gamma,rar gamma,rar|gamma,,"{""parenthetical"": [], ""dropped"": [], ""mutations"": [], ""mutation_classes"": []}",,[],9606,
rasgrp1 c1 domain,CHEMBL5953,O95267,rasgrp1 c1 domain,rasgrp1 c1 domain,rasgrp1|c1|domain,,"{""parenthetical"": [], ""dropped"": [], ""mutations"": [], ""mutation_classes"": []}",,[],9606,
receptor,CHEMBL3138,P19020,,receptor,,,"{""parenthetical"": [], ""dropped"": [""receptor""], ""mutations"": [], ""mutation_classes"": [], ""mutations_only"": true}",,[],9606,
renin,CHEMBL286,P00797,renin,renin,renin,,"{""parenthetical"": [], ""dropped"": [], ""mutations"": [], ""mutation_classes"": []}",,[],9606,
renin,CHEMBL2322,P08424,renin,renin,renin,,"{""parenthetical"": [], ""dropped"": [], ""mutations"": [], ""mutation_classes"": []}",,[],9606,
renin,CHEMBL2046264,Q6DLS0,renin,renin,renin,,"{""parenthetical"": [], ""dropped"": [], ""mutations"": [], ""mutation_classes"": []}",,[],9606,
renin,CHEMBL6056,Q9TSZ1,renin,renin,renin,,"{""parenthetical"": [], ""dropped"": [], ""mutations"": [], ""mutation_classes"": []}",,[],9606,
ret,CHEMBL2041,P07949,ret,ret,ret,,"{""parenthetical"": [], ""dropped"": [], ""mutations"": [], ""mutation_classes"": []}",,[],9606,
ret c - terminal domain,CHEMBL2041,P07949,ret c terminal domain|ret c-terminal domain|c-terminal|ret cterminal domain|cterminal,ret c terminal domain|ret c-terminal domain|c-terminal|ret cterminal domain|cterminal,ret|c|terminal|domain|c-terminal|cterminal,,"{""parenthetical"": [], ""dropped"": [], ""mutations"": [], ""mutation_classes"": []}",,[],9606,
ret cytoplasmic domain,CHEMBL2041,P07949,ret cytoplasmic domain,ret cytoplasmic domain,ret|cytoplasmic|domain,,"{""parenthetical"": [], ""dropped"": [], ""mutations"": [], ""mutation_classes"": []}",,[],9606,
ret g691s mutant,CHEMBL2041,P07949,ret g691s,ret g691s,ret|g691s,,"{""parenthetical"": [], ""dropped"": [], ""mutations"": [""mutant""], ""mutation_classes"": [""NONE""]}",NONE,[],9606,
ret m918t mutant,CHEMBL2041,P07949,ret m918t,ret m918t,ret|m918t,,"{""parenthetical"": [], ""dropped"": [], ""mutations"": [""mutant""], ""mutation_classes"": [""NONE""]}",NONE,[],9606,
ret m918t mutant c - terminal domain,CHEMBL2041,P07949,ret m918t c terminal domain|ret m918t c-terminal domain|c-terminal|ret m918t cterminal domain|cterminal,ret m918t c terminal domain|ret m918t c-terminal domain|c-terminal|ret m918t cterminal domain|cterminal,ret|m918t|c|terminal|domain|c-terminal|cterminal,,"{""parenthetical"": [], ""dropped"": [], ""mutations"": [""mutant""], ""mutation_classes"": [""NONE""]}",NONE,[],9606,
ret mutant,CHEMBL2041,P07949,ret,ret,ret,,"{""parenthetical"": [], ""dropped"": [], ""mutations"": [""mutant""], ""mutation_classes"": [""NONE""]}",NONE,[],9606,
ret s891a mutant,CHEMBL2041,P07949,ret s891a,ret s891a,ret|s891a,,"{""parenthetical"": [], ""dropped"": [], ""mutations"": [""mutant""], ""mutation_classes"": [""NONE""]}",NONE,[],9606,
ret v804l mutant,CHEMBL2041,P07949,ret v804l,ret v804l,ret|v804l,,"{""parenthetical"": [], ""dropped"": [], ""mutations"": [""mutant""], ""mutation_classes"": [""NONE""]}",NONE,[],9606,
ret v804l mutant c - terminal domain,CHEMBL2041,P07949,ret v804l c terminal domain|ret v804l c-terminal domain|c-terminal|ret v804l cterminal domain|cterminal,ret v804l c terminal domain|ret v804l c-terminal domain|c-terminal|ret v804l cterminal domain|cterminal,ret|v804l|c|terminal|domain|c-terminal|cterminal,,"{""parenthetical"": [], ""dropped"": [], ""mutations"": [""mutant""], ""mutation_classes"": [""NONE""]}",NONE,[],9606,
ret v804m mutant,CHEMBL2041,P07949,ret v804m,ret v804m,ret|v804m,,"{""parenthetical"": [], ""dropped"": [], ""mutations"": [""mutant""], ""mutation_classes"": [""NONE""]}",NONE,[],9606,
ret v804m mutant c - terminal domain,CHEMBL2041,P07949,ret v804m c terminal domain|ret v804m c-terminal domain|c-terminal|ret v804m cterminal domain|cterminal,ret v804m c terminal domain|ret v804m c-terminal domain|c-terminal|ret v804m cterminal domain|cterminal,ret|v804m|c|terminal|domain|c-terminal|cterminal,,"{""parenthetical"": [], ""dropped"": [], ""mutations"": [""mutant""], ""mutation_classes"": [""NONE""]}",NONE,[],9606,
ret y791f mutant,CHEMBL2041,P07949,ret y791f,ret y791f,ret|y791f,,"{""parenthetical"": [], ""dropped"": [], ""mutations"": [""mutant""], ""mutation_classes"": [""NONE""]}",NONE,[],9606,
retinoic acid - binding protein ( crabp ),CHEMBL4945,P40220,retinoic acid binding|retinoic acid-binding|acid-binding|retinoic acidbinding|acidbinding,retinoic acid binding protein|retinoic acid-binding protein|acid-binding|retinoic acidbinding protein|acidbinding,retinoic|acid|binding|acid-binding|acidbinding,,"{""parenthetical"": [""crabp""], ""dropped"": [""protein""], ""mutations"": [], ""mutation_classes"": []}",,[],9606,
retinoic acid receptor - gamma,CHEMBL2003,P13631,retinoic acid gamma|receptor-gamma|receptorgamma,retinoic acid receptor gamma|retinoic acid receptor-gamma|receptor-gamma|retinoic acid receptorgamma|receptorgamma,retinoic|acid|gamma|receptor-gamma|receptorgamma,rarg,"{""parenthetical"": [], ""dropped"": [""receptor""], ""mutations"": [], ""mutation_classes"": []}",,[],9606,
retinoic acid receptor gamma,CHEMBL2003,P13631,retinoic acid gamma,retinoic acid receptor gamma,retinoic|acid|gamma,rarg,"{""parenthetical"": [], ""dropped"": [""receptor""], ""mutations"": [], ""mutation_classes"": []}",,[],9606,
retinoid x receptor - alpha,CHEMBL2061,P19793,retinoid x alpha|receptor-alpha|receptoralpha,retinoid x receptor alpha|retinoid x receptor-alpha|receptor-alpha|retinoid x receptoralpha|receptoralpha,retinoid|x|alpha|receptor-alpha|receptoralpha,rxra,"{""parenthetical"": [], ""dropped"": [""receptor""], ""mutations"": [], ""mutation_classes"": []}",,[],9606,
retinoid x receptor - beta,CHEMBL1870,P28702,retinoid x beta|receptor-beta|receptorbeta,retinoid x receptor beta|retinoid x receptor-beta|receptor-beta|retinoid x receptorbeta|receptorbeta,retinoid|x|beta|receptor-beta|receptorbeta,rxrb,"{""parenthetical"": [], ""dropped"": [""receptor""], ""mutations"": [], ""mutation_classes"": []}",,[],9606,
retinoid x receptor - gamma,CHEMBL2004,P48443,retinoid x gamma|receptor-gamma|receptorgamma,retinoid x receptor gamma|retinoid x receptor-gamma|receptor-gamma|retinoid x receptorgamma|receptorgamma,retinoid|x|gamma|receptor-gamma|receptorgamma,rxrg,"{""parenthetical"": [], ""dropped"": [""receptor""], ""mutations"": [], ""mutation_classes"": []}",,[],9606,
reverse transcriptase,CHEMBL247,Q72547,reverse transcriptase,reverse transcriptase,reverse|transcriptase,,"{""parenthetical"": [], ""dropped"": [], ""mutations"": [], ""mutation_classes"": []}",,[],9606,
reverse transcriptase ( p236l ),CHEMBL247,Q72547,reverse transcriptase,reverse transcriptase,reverse|transcriptase,,"{""parenthetical"": [""p236l""], ""dropped"": [], ""mutations"": [], ""mutation_classes"": []}",,[],9606,
reverse transcriptase ( rt ),CHEMBL247,Q72547,reverse transcriptase rt|rt,reverse transcriptase rt|rt,reverse|transcriptase|rt,,"{""parenthetical"": [""rt""], ""dropped"": [], ""mutations"": [], ""mutation_classes"": []}",,[],9606,
reverse transcriptase ( y181c ),CHEMBL247,Q72547,reverse transcriptase,reverse transcriptase,reverse|transcriptase,,"{""parenthetical"": [""y181c""], ""dropped"": [], ""mutations"": [], ""mutation_classes"": []}",,[],9606,
reverse transcriptase .,CHEMBL247,Q72547,reverse transcriptase,reverse transcriptase,reverse|transcriptase,,"{""parenthetical"": [], ""dropped"": [], ""mutations"": [], ""mutation_classes"": []}",,[],9606,
reverse transcriptase hiv1,CHEMBL247,Q72547,reverse transcriptase hiv1,reverse transcriptase hiv1,reverse|transcriptase|hiv1,,"{""parenthetical"": [], ""dropped"": [], ""mutations"": [], ""mutation_classes"": []}",,[],9606,
reverse transcriptase k103n,CHEMBL247,Q72547,reverse transcriptase k103n,reverse transcriptase k103n,reverse|transcriptase|k103n,,"{""parenthetical"": [], ""dropped"": [], ""mutations"": [], ""mutation_classes"": []}",,[],9606,
reverse transcriptase p66 / p51,CHEMBL247,Q72547,reverse transcriptase p66 p51,reverse transcriptase p66 p51,reverse|transcriptase|p66|p51,,"{""parenthetical"": [], ""dropped"": [], ""mutations"": [], ""mutation_classes"": []}",,[],9606,
rfc,CHEMBL4833,P41440,rfc,rfc,rfc,,"{""parenthetical"": [], ""dropped"": [], ""mutations"": [], ""mutation_classes"": []}",,[],9606,
rfc2,CHEMBL4833,P41440,rfc2,rfc2,rfc2,,"{""parenthetical"": [], ""dropped"": [], ""mutations"": [], ""mutation_classes"": []}",,[],9606,
rhodesain,CHEMBL4188,Q95PM0,rhodesain,rhodesain,rhodesain,,"{""parenthetical"": [], ""dropped"": [], ""mutations"": [], ""mutation_classes"": []}",,[],9606,
rip1,CHEMBL5464,Q13546,rip1,rip1,rip1,,"{""parenthetical"": [], ""dropped"": [], ""mutations"": [], ""mutation_classes"": []}",,[],9606,
rip2,CHEMBL5014,O43353,rip2,rip2,rip2,,"{""parenthetical"": [], ""dropped"": [], ""mutations"": [], ""mutation_classes"": []}",,[],9606,
ripk2,CHEMBL5014,O43353,ripk2,ripk2,ripk2,,"{""parenthetical"": [], ""dropped"": [], ""mutations"": [], ""mutation_classes"": []}",,[],9606,
ripk2 ),CHEMBL5014,O43353,ripk2 ),ripk2 ),ripk2|),,"{""parenthetical"": [], ""dropped"": [], ""mutations"": [], ""mutation_classes"": []}",,[],9606,
ripk5,CHEMBL1908386,Q6XUX3,ripk5,ripk5,ripk5,,"{""parenthetical"": [], ""dropped"": [], ""mutations"": [], ""mutation_classes"": []}",,[],9606,
rna dependent rna polymerase nonstructural protein 5b,CHEMBL5375,Q8JXU8,rna dependent rna polymerase nonstructural 5b,rna dependent polymerase nonstructural protein 5b,rna|dependent|polymerase|nonstructural|5b,,"{""parenthetical"": [], ""dropped"": [""protein""], ""mutations"": [], ""mutation_classes"": []}",,[],9606,
rna polymerase - 1,CHEMBL3286067,O95602,rna polymerase 1|rna polymerase-1|polymerase-1|rna polymerase1|polymerase1,rna polymerase 1|rna polymerase-1|polymerase-1|rna polymerase1|polymerase1,rna|polymerase|1|polymerase-1|polymerase1,,"{""parenthetical"": [], ""dropped"": [], ""mutations"": [], ""mutation_classes"": []}",,[],9606,
rna polymerase - 1 rpa194 subunit,CHEMBL3286067,O95602,rna polymerase 1 rpa194|rna polymerase-1 rpa194|polymerase-1|rna polymerase1 rpa194|polymerase1,rna polymerase 1 rpa194 subunit|rna polymerase-1 rpa194 subunit|polymerase-1|rna polymerase1 rpa194 subunit|polymerase1,rna|polymerase|1|rpa194|polymerase-1|polymerase1,,"{""parenthetical"": [], ""dropped"": [""subunit""], ""mutations"": [], ""mutation_classes"": []}",,[],9606,
rna polymerase 1,CHEMBL3286067,O95602,rna polymerase 1|rna polymerase1|polymerase1|rna polymerase-1|polymerase-1,rna polymerase 1|rna polymerase1|polymerase1|rna polymerase-1|polymerase-1,rna|polymerase|1|polymerase1|polymerase-1,,"{""parenthetical"": [], ""dropped"": [], ""mutations"": [], ""mutation_classes"": []}",,[],9606,
rock - 1,CHEMBL3231,Q13464,rock 1|rock-1|rock1,rock 1|rock-1|rock1,rock|1|rock-1|rock1,,"{""parenthetical"": [], ""dropped"": [], ""mutations"": [], ""mutation_classes"": []}",,[],9606,
rock - 2,CHEMBL2973,O75116,rock 2|rock-2|rock2,rock 2|rock-2|rock2,rock|2|rock-2|rock2,,"{""parenthetical"": [], ""dropped"": [], ""mutations"": [], ""mutation_classes"": []}",,[],9606,
rock1,CHEMBL3231,Q13464,rock1,rock1,rock1,,"{""parenthetical"": [], ""dropped"": [], ""mutations"": [], ""mutation_classes"": []}",,[],9606,
rock2,CHEMBL2973,O75116,rock2,rock2,rock2,,"{""parenthetical"": [], ""dropped"": [], ""mutations"": [], ""mutation_classes"": []}",,[],9606,
romk,CHEMBL1293292,P48048,romk,romk,romk,,"{""parenthetical"": [], ""dropped"": [], ""mutations"": [], ""mutation_classes"": []}",,[],9606,
romk channel,CHEMBL1293292,P48048,romk,romk channel,romk,kcnj1 romk,"{""parenthetical"": [], ""dropped"": [""channel""], ""mutations"": [], ""mutation_classes"": []}",,[],9606,
romk s44d mutant,CHEMBL1293292,P48048,romk s44d,romk s44d,romk|s44d,,"{""parenthetical"": [], ""dropped"": [], ""mutations"": [""mutant""], ""mutation_classes"": [""NONE""]}",NONE,[],9606,
romk1,CHEMBL1293292,P48048,romk1,romk1,romk1,,"{""parenthetical"": [], ""dropped"": [], ""mutations"": [], ""mutation_classes"": []}",,[],9606,
romk1 channel,CHEMBL1293292,P48048,romk1,romk1 channel,romk1,kcnj1 romk,"{""parenthetical"": [], ""dropped"": [""channel""], ""mutations"": [], ""mutation_classes"": []}",,[],9606,
ron,CHEMBL2689,Q04912,ron,ron,ron,,"{""parenthetical"": [], ""dropped"": [], ""mutations"": [], ""mutation_classes"": []}",,[],9606,
ror - alpha1,CHEMBL5868,P35398,ror alpha1|ror-alpha1|roralpha1,ror alpha1|ror-alpha1|roralpha1,ror|alpha1|ror-alpha1|roralpha1,,"{""parenthetical"": [], ""dropped"": [], ""mutations"": [], ""mutation_classes"": []}",,[],9606,
ror - beta,CHEMBL3091268,Q92753,ror beta|ror-beta|rorbeta,ror beta|ror-beta|rorbeta,ror|beta|ror-beta|rorbeta,,"{""parenthetical"": [], ""dropped"": [], ""mutations"": [], ""mutation_classes"": []}",,[],9606,
ror - beta1,CHEMBL3091268,Q92753,ror beta1|ror-beta1|rorbeta1,ror beta1|ror-beta1|rorbeta1,ror|beta1|ror-beta1|rorbeta1,,"{""parenthetical"": [], ""dropped"": [], ""mutations"": [], ""mutation_classes"": []}",,[],9606,
ror - gamma receptor,CHEMBL1741186,P51449,ror gamma|ror-gamma|rorgamma,ror gamma receptor|ror-gamma receptor|ror-gamma|rorgamma receptor|rorgamma,ror|gamma|ror-gamma|rorgamma,,"{""parenthetical"": [], ""dropped"": [""receptor""], ""mutations"": [], ""mutation_classes"": []}",,[],9606,
ror - gamma1,CHEMBL1741186,P51449,ror gamma1|ror-gamma1|rorgamma1,ror gamma1|ror-gamma1|rorgamma1,ror|gamma1|ror-gamma1|rorgamma1,,"{""parenthetical"": [], ""dropped"": [], ""mutations"": [], ""mutation_classes"": []}",,[],9606,
ror gamma,CHEMBL1741186,P51449,ror gamma,ror gamma,ror|gamma,,"{""parenthetical"": [], ""dropped"": [], ""mutations"": [], ""mutation_classes"": []}",,[],9606,
rora,CHEMBL5868,P35398,rora,rora,rora,,"{""parenthetical"": [], ""dropped"": [], ""mutations"": [], ""mutation_classes"": []}",,[],9606,
roralpha,CHEMBL5868,P35398,roralpha,roralpha,roralpha,,"{""parenthetical"": [], ""dropped"": [], ""mutations"": [], ""mutation_classes"": []}",,[],9606,
roralpha lbd,CHEMBL5868,P35398,roralpha lbd,roralpha lbd,roralpha|lbd,,"{""parenthetical"": [], ""dropped"": [], ""mutations"": [], ""mutation_classes"": []}",,[],9606,
roralpha1,CHEMBL5868,P35398,roralpha1,roralpha1,roralpha1,,"{""parenthetical"": [], ""dropped"": [], ""mutations"": [], ""mutation_classes"": []}",,[],9606,
rorbeta lbd,CHEMBL3091268,Q92753,rorbeta lbd,rorbeta lbd,rorbeta|lbd,,"{""parenthetical"": [], ""dropped"": [], ""mutations"": [], ""mutation_classes"": []}",,[],9606,
rorc,CHEMBL1741186,P51449,rorc,rorc,rorc,,"{""parenthetical"": [], ""dropped"": [], ""mutations"": [], ""mutation_classes"": []}",,[],9606,
rorc ligand binding domain,CHEMBL1741186,P51449,rorc ligand binding domain,rorc ligand binding domain,rorc|ligand|binding|domain,,"{""parenthetical"": [], ""dropped"": [], ""mutations"": [], ""mutation_classes"": []}",,[],9606,
rorc2,CHEMBL1741186,P51449,rorc2,rorc2,rorc2,,"{""parenthetical"": [], ""dropped"": [], ""mutations"": [], ""mutation_classes"": []}",,[],9606,
rorgamma,CHEMBL1741186,P51449,rorgamma,rorgamma,rorgamma,,"{""parenthetical"": [], ""dropped"": [], ""mutations"": [], ""mutation_classes"": []}",,[],9606,
rorgamma lbd,CHEMBL1741186,P51449,rorgamma lbd,rorgamma lbd,rorgamma|lbd,,"{""parenthetical"": [], ""dropped"": [], ""mutations"": [], ""mutation_classes"": []}",,[],9606,
rorgamma1,CHEMBL1741186,P51449,rorgamma1,rorgamma1,rorgamma1,,"{""parenthetical"": [], ""dropped"": [], ""mutations"": [], ""mutation_classes"": []}",,[],9606,
rorgammat,CHEMBL1741186,P51449,rorgammat,rorgammat,rorgammat,,"{""parenthetical"": [], ""dropped"": [], ""mutations"": [], ""mutation_classes"": []}",,[],9606,
rorgammat binding,CHEMBL1741186,P51449,rorgammat binding,rorgammat binding,rorgammat|binding,,"{""parenthetical"": [], ""dropped"": [], ""mutations"": [], ""mutation_classes"": []}",,[],9606,
rorgammat lbd,CHEMBL1741186,P51449,rorgammat lbd,rorgammat lbd,rorgammat|lbd,,"{""parenthetical"": [], ""dropped"": [], ""mutations"": [], ""mutation_classes"": []}",,[],9606,
rorgammat ligand binding domain,CHEMBL1741186,P51449,rorgammat ligand binding domain,rorgammat ligand binding domain,rorgammat|ligand|binding|domain,,"{""parenthetical"": [], ""dropped"": [], ""mutations"": [], ""mutation_classes"": []}",,[],9606,
rorgammat receptor binding domain,CHEMBL1741186,P51449,rorgammat binding domain,rorgammat receptor binding domain,rorgammat|binding|domain,,"{""parenthetical"": [], ""dropped"": [""receptor""], ""mutations"": [], ""mutation_classes"": []}",,[],9606,
ros,CHEMBL5568,P08922,ros,ros,ros,,"{""parenthetical"": [], ""dropped"": [], ""mutations"": [], ""mutation_classes"": []}",,[],9606,
ros1,CHEMBL5568,P08922,ros1,ros1,ros1,,"{""parenthetical"": [], ""dropped"": [], ""mutations"": [], ""mutation_classes"": []}",,[],9606,
ros1 g2032r mutant,CHEMBL5568,P08922,ros1 g2032r,ros1 g2032r,ros1|g2032r,,"{""parenthetical"": [], ""dropped"": [], ""mutations"": [""mutant""], ""mutation_classes"": [""NONE""]}",NONE,[],9606,
ros1 l2026m mutant,CHEMBL5568,P08922,ros1 l2026m,ros1 l2026m,ros1|l2026m,,"{""parenthetical"": [], ""dropped"": [], ""mutations"": [""mutant""], ""mutation_classes"": [""NONE""]}",NONE,[],9606,
rsk1,CHEMBL2553,Q15418,rsk1,rsk1,rsk1,,"{""parenthetical"": [], ""dropped"": [], ""mutations"": [], ""mutation_classes"": []}",,[],9606,
rsk2,CHEMBL2345,P51812,rsk2,rsk2,rsk2,,"{""parenthetical"": [], ""dropped"": [], ""mutations"": [], ""mutation_classes"": []}",,[],9606,
rsk3,CHEMBL3906,Q15349,rsk3,rsk3,rsk3,,"{""parenthetical"": [], ""dropped"": [], ""mutations"": [], ""mutation_classes"": []}",,[],9606,
rsk4,CHEMBL4924,Q9UK32,rsk4,rsk4,rsk4,,"{""parenthetical"": [], ""dropped"": [], ""mutations"": [], ""mutation_classes"": []}",,[],9606,
rxralpha,CHEMBL2061,P19793,rxralpha,rxralpha,rxralpha,,"{""parenthetical"": [], ""dropped"": [], ""mutations"": [], ""mutation_classes"": []}",,[],9606,
rxralpha - lbd,CHEMBL2061,P19793,rxralpha lbd|rxralpha-lbd|rxralphalbd,rxralpha lbd|rxralpha-lbd|rxralphalbd,rxralpha|lbd|rxralpha-lbd|rxralphalbd,,"{""parenthetical"": [], ""dropped"": [], ""mutations"": [], ""mutation_classes"": []}",,[],9606,
rxralpha lbd,CHEMBL2061,P19793,rxralpha lbd,rxralpha lbd,rxralpha|lbd,,"{""parenthetical"": [], ""dropped"": [], ""mutations"": [], ""mutation_classes"": []}",,[],9606,
s - adenosyl - homocysteine hydrolase,CHEMBL2664,P23526,s adenosyl homocysteine hydrolase|s-adenosyl-homocysteine hydrolase|s-adenosyl-homocysteine|sadenosylhomocysteine hydrolase|sadenosylhomocysteine,s adenosyl homocysteine hydrolase|s-adenosyl-homocysteine hydrolase|s-adenosyl-homocysteine|sadenosylhomocysteine hydrolase|sadenosylhomocysteine,s|adenosyl|homocysteine|hydrolase|s-adenosyl-homocysteine|sadenosylhomocysteine,,"{""parenthetical"": [], ""dropped"": [], ""mutations"": [], ""mutation_classes"": []}",,[],9606,
s - adenosyl - l - homocysteine hydrolase,CHEMBL2664,P23526,s adenosyl l homocysteine hydrolase|s-adenosyl-l-homocysteine hydrolase|s-adenosyl-l-homocysteine|sadenosyllhomocysteine hydrolase|sadenosyllhomocysteine,s adenosyl l homocysteine hydrolase|s-adenosyl-l-homocysteine hydrolase|s-adenosyl-l-homocysteine|sadenosyllhomocysteine hydrolase|sadenosyllhomocysteine,s|adenosyl|l|homocysteine|hydrolase|s-adenosyl-l-homocysteine|sadenosyllhomocysteine,,"{""parenthetical"": [], ""dropped"": [], ""mutations"": [], ""mutation_classes"": []}",,[],9606,
s1p2,CHEMBL2955,O95136,s1p2,s1p2,s1p2,,"{""parenthetical"": [], ""dropped"": [], ""mutations"": [], ""mutation_classes"": []}",,[],9606,
s1p2 receptor,CHEMBL2955,O95136,s1p2,s1p2 receptor,s1p2,s1pr2,"{""parenthetical"": [], ""dropped"": [""receptor""], ""mutations"": [], ""mutation_classes"": []}",,[],9606,
s1p4 receptor,CHEMBL3230,O95977,s1p4,s1p4 receptor,s1p4,s1pr4,"{""parenthetical"": [], ""dropped"": [""receptor""], ""mutations"": [], ""mutation_classes"": []}",,[],9606,
sah hydrolase,CHEMBL2664,P23526,sah hydrolase,sah hydrolase,sah|hydrolase,,"{""parenthetical"": [], ""dropped"": [], ""mutations"": [], ""mutation_classes"": []}",,[],9606,
sahh,CHEMBL2664,P23526,sahh,sahh,sahh,,"{""parenthetical"": [], ""dropped"": [], ""mutations"": [], ""mutation_classes"": []}",,[],9606,
sapk2a / p38,CHEMBL260,Q16539,sapk2a p38,sapk2a p38,sapk2a|p38,,"{""parenthetical"": [], ""dropped"": [], ""mutations"": [], ""mutation_classes"": []}",,[],9606,
sapk2b / p38b2,CHEMBL3961,Q15759,sapk2b p38b2,sapk2b p38b2,sapk2b|p38b2,,"{""parenthetical"": [], ""dropped"": [], ""mutations"": [], ""mutation_classes"": []}",,[],9606,
sarcoplasmic reticular calcium release channel ( sr crc ),CHEMBL3288,P11716,sarcoplasmic reticular calcium release,sarcoplasmic reticular calcium release channel,sarcoplasmic|reticular|calcium|release,,"{""parenthetical"": [""sr crc""], ""dropped"": [""channel""], ""mutations"": [], ""mutation_classes"": []}",,[],9606,
sarp2,CHEMBL5517,Q8N474,sarp2,sarp2,sarp2,,"{""parenthetical"": [], ""dropped"": [], ""mutations"": [], ""mutation_classes"": []}",,[],9606,
sbk1,CHEMBL1163129,Q52WX2,sbk1,sbk1,sbk1,,"{""parenthetical"": [], ""dropped"": [], ""mutations"": [], ""mutation_classes"": []}",,[],9606,
scd,CHEMBL5424,P07308,scd,scd,scd,,"{""parenthetical"": [], ""dropped"": [], ""mutations"": [], ""mutation_classes"": []}",,[],9606,
scd - 1,CHEMBL5555,O00767,scd 1|scd-1|scd1,scd 1|scd-1|scd1,scd|1|scd-1|scd1,,"{""parenthetical"": [], ""dropped"": [], ""mutations"": [], ""mutation_classes"": []}",,[],9606,
scd - 1,CHEMBL5424,P07308,scd 1|scd-1|scd1,scd 1|scd-1|scd1,scd|1|scd-1|scd1,,"{""parenthetical"": [], ""dropped"": [], ""mutations"": [], ""mutation_classes"": []}",,[],9606,
scd - 1,CHEMBL5353,P13516,scd 1|scd-1|scd1,scd 1|scd-1|scd1,scd|1|scd-1|scd1,,"{""parenthetical"": [], ""dropped"": [], ""mutations"": [], ""mutation_classes"": []}",,[],9606,
scd1,CHEMBL5555,O00767,scd1,scd1,scd1,,"{""parenthetical"": [], ""dropped"": [], ""mutations"": [], ""mutation_classes"": []}",,[],9606,
scd1,CHEMBL5424,P07308,scd1,scd1,scd1,,"{""parenthetical"": [], ""dropped"": [], ""mutations"": [], ""mutation_classes"": []}",,[],9606,
scd1,CHEMBL5353,P13516,scd1,scd1,scd1,,"{""parenthetical"": [], ""dropped"": [], ""mutations"": [], ""mutation_classes"": []}",,[],9606,
seh,CHEMBL2409,P34913,seh,seh,seh,,"{""parenthetical"": [], ""dropped"": [], ""mutations"": [], ""mutation_classes"": []}",,[],9606,
seh,CHEMBL4140,P34914,seh,seh,seh,,"{""parenthetical"": [], ""dropped"": [], ""mutations"": [], ""mutation_classes"": []}",,[],9606,
seh,CHEMBL5669,P80299,seh,seh,seh,,"{""parenthetical"": [], ""dropped"": [], ""mutations"": [], ""mutation_classes"": []}",,[],9606,
serotonin 5 - ht transporter,CHEMBL228,P31645,serotonin 5 ht transporter|serotonin 5-ht transporter|5-ht|serotonin 5ht transporter|5ht|serotonin5 ht transporter|serotonin5|serotonin-5 ht transporter|serotonin-5,serotonin 5 ht transporter|serotonin 5-ht transporter|5-ht|serotonin 5ht transporter|5ht|serotonin5 ht transporter|serotonin5|serotonin-5 ht transporter|serotonin-5,serotonin|5|ht|transporter|5-ht|5ht|serotonin5|serotonin-5,,"{""parenthetical"": [], ""dropped"": [], ""mutations"": [], ""mutation_classes"": []}",,[],9606,
serotonin 5 - ht1a receptor,CHEMBL214,P08908,5 ht1a serotonin|5-ht1a serotonin|5-ht1a|5ht1a serotonin|5ht1a,5 ht1a serotonin|5-ht1a serotonin|5-ht1a|5ht1a serotonin|5ht1a,5|ht1a|serotonin|5-ht1a|5ht1a,htr1a,"{""parenthetical"": [], ""dropped"": [], ""mutations"": [], ""mutation_classes"": []}",,"[""serotonin\\s+5-ht1a\\s+receptor""]",9606,
serotonin 5 - ht2 receptor,CHEMBL224,P28223,serotonin 5 ht2|serotonin 5-ht2|5-ht2|serotonin 5ht2|5ht2|serotonin5 ht2|serotonin5|serotonin-5 ht2|serotonin-5,serotonin 5 ht2 receptor|serotonin 5-ht2 receptor|5-ht2|serotonin 5ht2 receptor|5ht2|serotonin5 ht2 receptor|serotonin5|serotonin-5 ht2 receptor|serotonin-5,serotonin|5|ht2|5-ht2|5ht2|serotonin5|serotonin-5,htr2,"{""parenthetical"": [], ""dropped"": [""receptor""], ""mutations"": [], ""mutation_classes"": []}",,[],9606,
serotonin 5 - ht2a receptor,CHEMBL224,P28223,serotonin 5 ht2a|serotonin 5-ht2a|5-ht2a|serotonin 5ht2a|5ht2a|serotonin5 ht2a|serotonin5|serotonin-5 ht2a|serotonin-5,serotonin 5 ht2a receptor|serotonin 5-ht2a receptor|5-ht2a|serotonin 5ht2a receptor|5ht2a|serotonin5 ht2a receptor|serotonin5|serotonin-5 ht2a receptor|serotonin-5,serotonin|5|ht2a|5-ht2a|5ht2a|serotonin5|serotonin-5,htr2a,"{""parenthetical"": [], ""dropped"": [""receptor""], ""mutations"": [], ""mutation_classes"": []}",,[],9606,
serotonin 5 - hydroxytryptamine 2a receptor,CHEMBL322,P14842,serotonin 5 hydroxytryptamine 2a|serotonin 5-hydroxytryptamine 2a|5-hydroxytryptamine|serotonin 5hydroxytryptamine 2a|5hydroxytryptamine|serotonin5 hydroxytryptamine 2a|serotonin5|serotonin-5 hydroxytryptamine 2a|serotonin-5,serotonin 5 hydroxytryptamine 2a receptor|serotonin 5-hydroxytryptamine 2a receptor|5-hydroxytryptamine|serotonin 5hydroxytryptamine 2a receptor|5hydroxytryptamine|serotonin5 hydroxytryptamine 2a receptor|serotonin5|serotonin-5 hydroxytryptamine 2a receptor|serotonin-5,serotonin|5|hydroxytryptamine|2a|5-hydroxytryptamine|5hydroxytryptamine|serotonin5|serotonin-5,,"{""parenthetical"": [], ""dropped"": [""receptor""], ""mutations"": [], ""mutation_classes"": []}",,[],9606,
serotonin reuptake site of,CHEMBL313,P31652,serotonin reuptake site of,serotonin reuptake site of,serotonin|reuptake|site|of,,"{""parenthetical"": [], ""dropped"": [], ""mutations"": [], ""mutation_classes"": []}",,[],9606,
serotonin transporter,CHEMBL228,P31645,serotonin transporter,serotonin transporter,serotonin|transporter,,"{""parenthetical"": [], ""dropped"": [], ""mutations"": [], ""mutation_classes"": []}",,[],9606,
serotonin transporter,CHEMBL313,P31652,serotonin transporter,serotonin transporter,serotonin|transporter,,"{""parenthetical"": [], ""dropped"": [], ""mutations"": [], ""mutation_classes"": []}",,[],9606,
serotonin transporter ( 5 - ht ),CHEMBL313,P31652,serotonin transporter 5 ht|serotonin transporter 5-ht|5-ht|serotonin transporter 5ht|5ht|serotonin transporter5 ht|transporter5|serotonin transporter-5 ht|transporter-5|5 - ht,serotonin transporter 5 ht|serotonin transporter 5-ht|5-ht|serotonin transporter 5ht|5ht|serotonin transporter5 ht|transporter5|serotonin transporter-5 ht|transporter-5|5 - ht,serotonin|transporter|5|ht|5-ht|5ht|transporter5|transporter-5,,"{""parenthetical"": [""5 - ht""], ""dropped"": [], ""mutations"": [], ""mutation_classes"": []}",,[],9606,
serotonin transporter ( hsert ),CHEMBL228,P31645,serotonin transporter,serotonin transporter,serotonin|transporter,,"{""parenthetical"": [""hsert""], ""dropped"": [], ""mutations"": [], ""mutation_classes"": []}",,[],9606,
serotonin transporter ( sert ),CHEMBL313,P31652,serotonin transporter,serotonin transporter,serotonin|transporter,,"{""parenthetical"": [""sert""], ""dropped"": [], ""mutations"": [], ""mutation_classes"": []}",,[],9606,
serotonin transporter protein ( sert ),CHEMBL228,P31645,serotonin transporter,serotonin transporter protein,serotonin|transporter,,"{""parenthetical"": [""sert""], ""dropped"": [""protein""], ""mutations"": [], ""mutation_classes"": []}",,[],9606,
sert,CHEMBL228,P31645,sert,sert,sert,,"{""parenthetical"": [], ""dropped"": [], ""mutations"": [], ""mutation_classes"": []}",,[],9606,
sert,CHEMBL313,P31652,sert,sert,sert,,"{""parenthetical"": [], ""dropped"": [], ""mutations"": [], ""mutation_classes"": []}",,[],9606,
sert i172m mutant,CHEMBL228,P31645,sert i172m,sert i172m,sert|i172m,,"{""parenthetical"": [], ""dropped"": [], ""mutations"": [""mutant""], ""mutation_classes"": [""NONE""]}",NONE,[],9606,
sert i179c mutant,CHEMBL228,P31645,sert i179c,sert i179c,sert|i179c,,"{""parenthetical"": [], ""dropped"": [], ""mutations"": [""mutant""], ""mutation_classes"": [""NONE""]}",NONE,[],9606,
sert receptor,CHEMBL228,P31645,sert,sert receptor,sert,slc6a4,"{""parenthetical"": [], ""dropped"": [""receptor""], ""mutations"": [], ""mutation_classes"": []}",,[],9606,
sert s438t mutant,CHEMBL228,P31645,sert s438t,sert s438t,sert|s438t,,"{""parenthetical"": [], ""dropped"": [], ""mutations"": [""mutant""], ""mutation_classes"": [""NONE""]}",NONE,[],9606,
sert site s2,CHEMBL228,P31645,sert site s2,sert site s2,sert|site|s2,,"{""parenthetical"": [], ""dropped"": [], ""mutations"": [], ""mutation_classes"": []}",,[],9606,
sert w103a mutant,CHEMBL228,P31645,sert w103a,sert w103a,sert|w103a,,"{""parenthetical"": [], ""dropped"": [], ""mutations"": [""mutant""], ""mutation_classes"": [""NONE""]}",NONE,[],9606,
set7,CHEMBL5523,Q8WTS6,set7,set7,set7,,"{""parenthetical"": [], ""dropped"": [], ""mutations"": [], ""mutation_classes"": []}",,[],9606,
setd7,CHEMBL5523,Q8WTS6,setd7,setd7,setd7,,"{""parenthetical"": [], ""dropped"": [], ""mutations"": [], ""mutation_classes"": []}",,[],9606,
setd8,CHEMBL1795176,Q9NQR1,setd8,setd8,setd8,,"{""parenthetical"": [], ""dropped"": [], ""mutations"": [], ""mutation_classes"": []}",,[],9606,
sfrp1,CHEMBL5517,Q8N474,sfrp1,sfrp1,sfrp1,,"{""parenthetical"": [], ""dropped"": [], ""mutations"": [], ""mutation_classes"": []}",,[],9606,
sgk,CHEMBL2343,O00141,sgk,sgk,sgk,,"{""parenthetical"": [], ""dropped"": [], ""mutations"": [], ""mutation_classes"": []}",,[],9606,
sgk1,CHEMBL2343,O00141,sgk1,sgk1,sgk1,,"{""parenthetical"": [], ""dropped"": [], ""mutations"": [], ""mutation_classes"": []}",,[],9606,
sgk2,CHEMBL5794,Q9HBY8,sgk2,sgk2,sgk2,,"{""parenthetical"": [], ""dropped"": [], ""mutations"": [], ""mutation_classes"": []}",,[],9606,
sgk3,CHEMBL6186,Q96BR1,sgk3,sgk3,sgk3,,"{""parenthetical"": [], ""dropped"": [], ""mutations"": [], ""mutation_classes"": []}",,[],9606,
sglt1,CHEMBL4979,P13866,sglt1,sglt1,sglt1,,"{""parenthetical"": [], ""dropped"": [], ""mutations"": [], ""mutation_classes"": []}",,[],9606,
sglt1,CHEMBL5374,P53790,sglt1,sglt1,sglt1,,"{""parenthetical"": [], ""dropped"": [], ""mutations"": [], ""mutation_classes"": []}",,[],9606,
sglt2,CHEMBL3884,P31639,sglt2,sglt2,sglt2,,"{""parenthetical"": [], ""dropped"": [], ""mutations"": [], ""mutation_classes"": []}",,[],9606,
sglt2,CHEMBL4316,P53792,sglt2,sglt2,sglt2,,"{""parenthetical"": [], ""dropped"": [], ""mutations"": [], ""mutation_classes"": []}",,[],9606,
shh,CHEMBL5387,Q62226,shh,shh,shh,,"{""parenthetical"": [], ""dropped"": [], ""mutations"": [], ""mutation_classes"": []}",,[],9606,
shh - n,CHEMBL5387,Q62226,shh n|shh-n|shhn,shh n|shh-n|shhn,shh|n|shh-n|shhn,,"{""parenthetical"": [], ""dropped"": [], ""mutations"": [], ""mutation_classes"": []}",,[],9606,
shh pathway,CHEMBL5387,Q62226,shh pathway,shh pathway,shh|pathway,,"{""parenthetical"": [], ""dropped"": [], ""mutations"": [], ""mutation_classes"": []}",,[],9606,
shh signaling pathway,CHEMBL5387,Q62226,shh signaling pathway,shh signaling pathway,shh|signaling|pathway,,"{""parenthetical"": [], ""dropped"": [], ""mutations"": [], ""mutation_classes"": []}",,[],9606,
ship2,CHEMBL2331064,O15357,ship2,ship2,ship2,,"{""parenthetical"": [], ""dropped"": [], ""mutations"": [], ""mutation_classes"": []}",,[],9606,
shp1,CHEMBL3166,P29350,shp1,shp1,shp1,,"{""parenthetical"": [], ""dropped"": [], ""mutations"": [], ""mutation_classes"": []}",,[],9606,
shp2,CHEMBL3864,Q06124,shp2,shp2,shp2,,"{""parenthetical"": [], ""dropped"": [], ""mutations"": [], ""mutation_classes"": []}",,[],9606,
shp2 ptp domain,CHEMBL3864,Q06124,shp2 ptp domain,shp2 ptp domain,shp2|ptp|domain,,"{""parenthetical"": [], ""dropped"": [], ""mutations"": [], ""mutation_classes"": []}",,[],9606,
shv - 1,CHEMBL5094,P0AD64,shv 1|shv-1|shv1,shv 1|shv-1|shv1,shv|1|shv-1|shv1,,"{""parenthetical"": [], ""dropped"": [], ""mutations"": [], ""mutation_classes"": []}",,[],9606,
sigma - 1 opioid receptor,CHEMBL4153,Q60492,sigma 1 opioid|sigma-1 opioid|sigma-1|sigma1 opioid|sigma1,sigma 1 opioid receptor|sigma-1 opioid receptor|sigma-1|sigma1 opioid receptor|sigma1,sigma|1|opioid|sigma-1|sigma1,sigmar1 oprm1 oprk1 oprd1 oprl1,"{""parenthetical"": [], ""dropped"": [""receptor""], ""mutations"": [], ""mutation_classes"": []}",,[],9606,
sigma - 1 opioid receptor,CHEMBL287,Q99720,sigma 1 opioid|sigma-1 opioid|sigma-1|sigma1 opioid|sigma1,sigma 1 opioid receptor|sigma-1 opioid receptor|sigma-1|sigma1 opioid receptor|sigma1,sigma|1|opioid|sigma-1|sigma1,sigmar1 oprm1 oprk1 oprd1 oprl1,"{""parenthetical"": [], ""dropped"": [""receptor""], ""mutations"": [], ""mutation_classes"": []}",,[],9606,
sigma - 1 receptor,CHEMBL287,Q99720,sigma 1|sigma-1|sigma1,sigma 1 receptor|sigma-1 receptor|sigma-1|sigma1 receptor|sigma1,sigma|1|sigma-1|sigma1,sigmar1,"{""parenthetical"": [], ""dropped"": [""receptor""], ""mutations"": [], ""mutation_classes"": []}",,[],9606,
sigma - 2 receptor,CHEMBL4105907,Q5BJF2,sigma 2|sigma-2|sigma2,sigma 2 receptor|sigma-2 receptor|sigma-2|sigma2 receptor|sigma2,sigma|2|sigma-2|sigma2,tmem97 sigma2r,"{""parenthetical"": [], ""dropped"": [""receptor""], ""mutations"": [], ""mutation_classes"": []}",,[],9606,
sigma 1 receptor,CHEMBL287,Q99720,sigma 1|sigma1|sigma-1,sigma 1 receptor|sigma1 receptor|sigma1|sigma-1 receptor|sigma-1,sigma|1|sigma1|sigma-1,sigmar1,"{""parenthetical"": [], ""dropped"": [""receptor""], ""mutations"": [], ""mutation_classes"": []}",,[],9606,
sigma 1 receptor,CHEMBL3602,Q9R0C9,sigma 1|sigma1|sigma-1,sigma 1 receptor|sigma1 receptor|sigma1|sigma-1 receptor|sigma-1,sigma|1|sigma1|sigma-1,sigmar1,"{""parenthetical"": [], ""dropped"": [""receptor""], ""mutations"": [], ""mutation_classes"": []}",,[],9606,
sigma 1 receptor pcp,CHEMBL4153,Q60492,sigma 1 pcp|sigma1 pcp|sigma1|sigma-1 pcp|sigma-1,sigma 1 receptor pcp|sigma1 receptor pcp|sigma1|sigma-1 receptor pcp|sigma-1,sigma|1|pcp|sigma1|sigma-1,sigmar1,"{""parenthetical"": [], ""dropped"": [""receptor""], ""mutations"": [], ""mutation_classes"": []}",,[],9606,
sigma 2 receptor,CHEMBL4105907,Q5BJF2,sigma 2|sigma2|sigma-2,sigma 2 receptor|sigma2 receptor|sigma2|sigma-2 receptor|sigma-2,sigma|2|sigma2|sigma-2,tmem97 sigma2r,"{""parenthetical"": [], ""dropped"": [""receptor""], ""mutations"": [], ""mutation_classes"": []}",,[],9606,
sigma receptor,CHEMBL287,Q99720,sigma,sigma receptor,sigma,sigmar1 tmem97,"{""parenthetical"": [], ""dropped"": [""receptor""], ""mutations"": [], ""mutation_classes"": []}",,[],9606,
sigma receptor 1,CHEMBL4153,Q60492,sigma 1|receptor1|receptor-1,sigma receptor 1|sigma receptor1|receptor1|sigma receptor-1|receptor-1,sigma|1|receptor1|receptor-1,sigmar1 tmem97,"{""parenthetical"": [], ""dropped"": [""receptor""], ""mutations"": [], ""mutation_classes"": []}",,[],9606,
sigma1 receptor,CHEMBL4153,Q60492,sigma1,sigma1 receptor,sigma1,sigmar1,"{""parenthetical"": [], ""dropped"": [""receptor""], ""mutations"": [], ""mutation_classes"": []}",,[],9606,
sigma1 receptor,CHEMBL287,Q99720,sigma1,sigma1 receptor,sigma1,sigmar1,"{""parenthetical"": [], ""dropped"": [""receptor""], ""mutations"": [], ""mutation_classes"": []}",,[],9606,
sik1,CHEMBL6082,P57059,sik1,sik1,sik1,,"{""parenthetical"": [], ""dropped"": [], ""mutations"": [], ""mutation_classes"": []}",,[],9606,
sik2,CHEMBL5699,Q9H0K1,sik2,sik2,sik2,,"{""parenthetical"": [], ""dropped"": [], ""mutations"": [], ""mutation_classes"": []}",,[],9606,
sik3,CHEMBL6149,Q9Y2K2,sik3,sik3,sik3,,"{""parenthetical"": [], ""dropped"": [], ""mutations"": [], ""mutation_classes"": []}",,[],9606,
sirt - 2,CHEMBL4462,Q8IXJ6,sirt 2|sirt-2|sirt2,sirt 2|sirt-2|sirt2,sirt|2|sirt-2|sirt2,,"{""parenthetical"": [], ""dropped"": [], ""mutations"": [], ""mutation_classes"": []}",,[],9606,
sirt1,CHEMBL4462,Q8IXJ6,sirt1,sirt1,sirt1,,"{""parenthetical"": [], ""dropped"": [], ""mutations"": [], ""mutation_classes"": []}",,[],9606,
sirt1,CHEMBL4506,Q96EB6,sirt1,sirt1,sirt1,,"{""parenthetical"": [], ""dropped"": [], ""mutations"": [], ""mutation_classes"": []}",,[],9606,
sirt2,CHEMBL4462,Q8IXJ6,sirt2,sirt2,sirt2,,"{""parenthetical"": [], ""dropped"": [], ""mutations"": [], ""mutation_classes"": []}",,[],9606,
sirt3,CHEMBL4461,Q9NTG7,sirt3,sirt3,sirt3,,"{""parenthetical"": [], ""dropped"": [], ""mutations"": [], ""mutation_classes"": []}",,[],9606,
sirt5,CHEMBL2163183,Q9NXA8,sirt5,sirt5,sirt5,,"{""parenthetical"": [], ""dropped"": [], ""mutations"": [], ""mutation_classes"": []}",,[],9606,
sirt6,CHEMBL2163182,Q8N6T7,sirt6,sirt6,sirt6,,"{""parenthetical"": [], ""dropped"": [], ""mutations"": [], ""mutation_classes"": []}",,[],9606,
sirtuin - 2,CHEMBL4462,Q8IXJ6,sirtuin 2|sirtuin-2|sirtuin2,sirtuin 2|sirtuin-2|sirtuin2,sirtuin|2|sirtuin-2|sirtuin2,,"{""parenthetical"": [], ""dropped"": [], ""mutations"": [], ""mutation_classes"": []}",,[],9606,
sirtuin 2,CHEMBL4462,Q8IXJ6,sirtuin 2|sirtuin2|sirtuin-2,sirtuin 2|sirtuin2|sirtuin-2,sirtuin|2|sirtuin2|sirtuin-2,,"{""parenthetical"": [], ""dropped"": [], ""mutations"": [], ""mutation_classes"": []}",,[],9606,
sirtuin 5,CHEMBL2163183,Q9NXA8,sirtuin 5|sirtuin5|sirtuin-5,sirtuin 5|sirtuin5|sirtuin-5,sirtuin|5|sirtuin5|sirtuin-5,,"{""parenthetical"": [], ""dropped"": [], ""mutations"": [], ""mutation_classes"": []}",,[],9606,
sirtuin 6,CHEMBL2163182,Q8N6T7,sirtuin 6|sirtuin6|sirtuin-6,sirtuin 6|sirtuin6|sirtuin-6,sirtuin|6|sirtuin6|sirtuin-6,,"{""parenthetical"": [], ""dropped"": [], ""mutations"": [], ""mutation_classes"": []}",,[],9606,
sitt1,CHEMBL4506,Q96EB6,sitt1,sitt1,sitt1,,"{""parenthetical"": [], ""dropped"": [], ""mutations"": [], ""mutation_classes"": []}",,[],9606,
sk1,CHEMBL4394,Q9NYA1,sk1,sk1,sk1,,"{""parenthetical"": [], ""dropped"": [], ""mutations"": [], ""mutation_classes"": []}",,[],9606,
sk2,CHEMBL3023,Q9NRA0,sk2,sk2,sk2,,"{""parenthetical"": [], ""dropped"": [], ""mutations"": [], ""mutation_classes"": []}",,[],9606,
sky,CHEMBL5314,Q06418,sky,sky,sky,,"{""parenthetical"": [], ""dropped"": [], ""mutations"": [], ""mutation_classes"": []}",,[],9606,
slk,CHEMBL4202,Q9H2G2,slk,slk,slk,,"{""parenthetical"": [], ""dropped"": [], ""mutations"": [], ""mutation_classes"": []}",,[],9606,
smo,CHEMBL6080,P56726,smo,smo,smo,,"{""parenthetical"": [], ""dropped"": [], ""mutations"": [], ""mutation_classes"": []}",,[],9606,
smo,CHEMBL5971,Q99835,smo,smo,smo,,"{""parenthetical"": [], ""dropped"": [], ""mutations"": [], ""mutation_classes"": []}",,[],9606,
smo d473h mutant,CHEMBL5971,Q99835,smo d473h,smo d473h,smo|d473h,,"{""parenthetical"": [], ""dropped"": [], ""mutations"": [""mutant""], ""mutation_classes"": [""NONE""]}",NONE,[],9606,
smo d473h mutant receptor,CHEMBL5971,Q99835,smo d473h,smo d473h receptor,smo|d473h,,"{""parenthetical"": [], ""dropped"": [""receptor""], ""mutations"": [""mutant""], ""mutation_classes"": [""NONE""]}",NONE,[],9606,
smo receptor,CHEMBL6080,P56726,smo,smo receptor,smo,smo,"{""parenthetical"": [], ""dropped"": [""receptor""], ""mutations"": [], ""mutation_classes"": []}",,[],9606,
smo receptor,CHEMBL5971,Q99835,smo,smo receptor,smo,smo,"{""parenthetical"": [], ""dropped"": [""receptor""], ""mutations"": [], ""mutation_classes"": []}",,[],9606,
smo v404m mutant,CHEMBL5971,Q99835,smo v404m,smo v404m,smo|v404m,,"{""parenthetical"": [], ""dropped"": [], ""mutations"": [""mutant""], ""mutation_classes"": [""NONE""]}",NONE,[],9606,
smoothened,CHEMBL5971,Q99835,smoothened,smoothened,smoothened,,"{""parenthetical"": [], ""dropped"": [], ""mutations"": [], ""mutation_classes"": []}",,[],9606,
sms2,CHEMBL3112379,Q8NHU3,sms2,sms2,sms2,,"{""parenthetical"": [], ""dropped"": [], ""mutations"": [], ""mutation_classes"": []}",,[],9606,
smyd2,CHEMBL2169716,Q9NRG4,smyd2,smyd2,smyd2,,"{""parenthetical"": [], ""dropped"": [], ""mutations"": [], ""mutation_classes"": []}",,[],9606,
snark,CHEMBL5698,Q9H093,snark,snark,snark,,"{""parenthetical"": [], ""dropped"": [], ""mutations"": [], ""mutation_classes"": []}",,[],9606,
snrk,CHEMBL1908384,Q9NRH2,snrk,snrk,snrk,,"{""parenthetical"": [], ""dropped"": [], ""mutations"": [], ""mutation_classes"": []}",,[],9606,
snsr4,CHEMBL5850,Q96LB2,snsr4,snsr4,snsr4,,"{""parenthetical"": [], ""dropped"": [], ""mutations"": [], ""mutation_classes"": []}",,[],9606,
sodium / hydrogen exchanger,CHEMBL2781,P19634,sodium hydrogen exchanger,sodium hydrogen exchanger,sodium|hydrogen|exchanger,slc9a1,"{""parenthetical"": [], ""dropped"": [], ""mutations"": [], ""mutation_classes"": []}",,[],9606,
sodium / hydrogen exchanger ( nhe - 1 ),CHEMBL2781,P19634,sodium hydrogen exchanger,sodium hydrogen exchanger,sodium|hydrogen|exchanger,slc9a1,"{""parenthetical"": [""nhe - 1""], ""dropped"": [], ""mutations"": [], ""mutation_classes"": []}",,[],9606,
sodium channel type iia,CHEMBL3399,P04775,sodium type iia,sodium channel type iia,sodium|type|iia,scn2a nav1.2,"{""parenthetical"": [], ""dropped"": [""channel""], ""mutations"": [], ""mutation_classes"": []}",,[],9606,
sodium channel type iia ( cnaiia - 1,CHEMBL3399,P04775,sodium type iia ( cnaiia 1|sodium type iia ( cnaiia-1|cnaiia-1|sodium type iia ( cnaiia1|cnaiia1,sodium channel type iia ( cnaiia 1|sodium channel type iia ( cnaiia-1|cnaiia-1|sodium channel type iia ( cnaiia1|cnaiia1,sodium|type|iia|(|cnaiia|1|cnaiia-1|cnaiia1,scn2a nav1.2,"{""parenthetical"": [], ""dropped"": [""channel""], ""mutations"": [], ""mutation_classes"": []}",,[],9606,
soluble epoxide hydrolase,CHEMBL2409,P34913,soluble epoxide hydrolase,soluble epoxide hydrolase,soluble|epoxide|hydrolase,,"{""parenthetical"": [], ""dropped"": [], ""mutations"": [], ""mutation_classes"": []}",,[],9606,
soluble epoxide hydrolase,CHEMBL4140,P34914,soluble epoxide hydrolase,soluble epoxide hydrolase,soluble|epoxide|hydrolase,,"{""parenthetical"": [], ""dropped"": [], ""mutations"": [], ""mutation_classes"": []}",,[],9606,
soluble epoxide hydrolase,CHEMBL5669,P80299,soluble epoxide hydrolase,soluble epoxide hydrolase,soluble|epoxide|hydrolase,,"{""parenthetical"": [], ""dropped"": [], ""mutations"": [], ""mutation_classes"": []}",,[],9606,
somatostatin receptor type 1,CHEMBL1917,P30872,somatostatin type 1|somatostatin type1|type1|somatostatin type-1|type-1,somatostatin receptor type 1|somatostatin receptor type1|type1|somatostatin receptor type-1|type-1,somatostatin|type|1|type1|type-1,,"{""parenthetical"": [], ""dropped"": [""receptor""], ""mutations"": [], ""mutation_classes"": []}",,[],9606,
somatostatin receptor type 2,CHEMBL1804,P30874,somatostatin type 2|somatostatin type2|type2|somatostatin type-2|type-2,somatostatin receptor type 2|somatostatin receptor type2|type2|somatostatin receptor type-2|type-2,somatostatin|type|2|type2|type-2,,"{""parenthetical"": [], ""dropped"": [""receptor""], ""mutations"": [], ""mutation_classes"": []}",,[],9606,
somatostatin receptor type 3,CHEMBL2028,P32745,somatostatin type 3|somatostatin type3|type3|somatostatin type-3|type-3,somatostatin receptor type 3|somatostatin receptor type3|type3|somatostatin receptor type-3|type-3,somatostatin|type|3|type3|type-3,,"{""parenthetical"": [], ""dropped"": [""receptor""], ""mutations"": [], ""mutation_classes"": []}",,[],9606,
somatostatin receptor type 5,CHEMBL1792,P35346,somatostatin type 5|somatostatin type5|type5|somatostatin type-5|type-5,somatostatin receptor type 5|somatostatin receptor type5|type5|somatostatin receptor type-5|type-5,somatostatin|type|5|type5|type-5,,"{""parenthetical"": [], ""dropped"": [""receptor""], ""mutations"": [], ""mutation_classes"": []}",,[],9606,
sphingosine kinase 1,CHEMBL4394,Q9NYA1,sphingosine kinase 1|sphingosine kinase1|kinase1|sphingosine kinase-1|kinase-1,sphingosine kinase 1|sphingosine kinase1|kinase1|sphingosine kinase-1|kinase-1,sphingosine|kinase|1|kinase1|kinase-1,,"{""parenthetical"": [], ""dropped"": [], ""mutations"": [], ""mutation_classes"": []}",,[],9606,
sphk1,CHEMBL4394,Q9NYA1,sphk1,sphk1,sphk1,,"{""parenthetical"": [], ""dropped"": [], ""mutations"": [], ""mutation_classes"": []}",,[],9606,
sphk2,CHEMBL3023,Q9NRA0,sphk2,sphk2,sphk2,,"{""parenthetical"": [], ""dropped"": [], ""mutations"": [], ""mutation_classes"": []}",,[],9606,
spin1,CHEMBL4523509,Q9Y657,spin1,spin1,spin1,,"{""parenthetical"": [], ""dropped"": [], ""mutations"": [], ""mutation_classes"": []}",,[],9606,
spla2 - 10,CHEMBL4342,O15496,spla2 10|spla2-10|spla210,spla2 10|spla2-10|spla210,spla2|10|spla2-10|spla210,,"{""parenthetical"": [], ""dropped"": [], ""mutations"": [], ""mutation_classes"": []}",,[],9606,
spla2 g10,CHEMBL4342,O15496,spla2 g10,spla2 g10,spla2|g10,,"{""parenthetical"": [], ""dropped"": [], ""mutations"": [], ""mutation_classes"": []}",,[],9606,
spla2 g10,CHEMBL4200,Q9QXX3,spla2 g10,spla2 g10,spla2|g10,,"{""parenthetical"": [], ""dropped"": [], ""mutations"": [], ""mutation_classes"": []}",,[],9606,
spla2 g1b,CHEMBL4426,P04054,spla2 g1b,spla2 g1b,spla2|g1b,,"{""parenthetical"": [], ""dropped"": [], ""mutations"": [], ""mutation_classes"": []}",,[],9606,
spla2 g1b,CHEMBL4378,Q9Z0Y2,spla2 g1b,spla2 g1b,spla2|g1b,,"{""parenthetical"": [], ""dropped"": [], ""mutations"": [], ""mutation_classes"": []}",,[],9606,
spla2 g2a,CHEMBL3474,P14555,spla2 g2a,spla2 g2a,spla2|g2a,,"{""parenthetical"": [], ""dropped"": [], ""mutations"": [], ""mutation_classes"": []}",,[],9606,
spla2 g2a,CHEMBL5761,P31482,spla2 g2a,spla2 g2a,spla2|g2a,,"{""parenthetical"": [], ""dropped"": [], ""mutations"": [], ""mutation_classes"": []}",,[],9606,
spla2 g2e,CHEMBL2154,Q9NZK7,spla2 g2e,spla2 g2e,spla2|g2e,,"{""parenthetical"": [], ""dropped"": [], ""mutations"": [], ""mutation_classes"": []}",,[],9606,
spla2 g2e,CHEMBL4201,Q9QUL3,spla2 g2e,spla2 g2e,spla2|g2e,,"{""parenthetical"": [], ""dropped"": [], ""mutations"": [], ""mutation_classes"": []}",,[],9606,
spla2 g5,CHEMBL4323,P39877,spla2 g5,spla2 g5,spla2|g5,,"{""parenthetical"": [], ""dropped"": [], ""mutations"": [], ""mutation_classes"": []}",,[],9606,
spla2 g5,CHEMBL4167,P97391,spla2 g5,spla2 g5,spla2|g5,,"{""parenthetical"": [], ""dropped"": [], ""mutations"": [], ""mutation_classes"": []}",,[],9606,
spla2x,CHEMBL4342,O15496,spla2x,spla2x,spla2x,,"{""parenthetical"": [], ""dropped"": [], ""mutations"": [], ""mutation_classes"": []}",,[],9606,
spleen tyrosine kinase,CHEMBL2599,P43405,spleen tyrosine kinase,spleen tyrosine kinase,spleen|tyrosine|kinase,,"{""parenthetical"": [], ""dropped"": [], ""mutations"": [], ""mutation_classes"": []}",,[],9606,
squalene synthase,CHEMBL3338,P37268,squalene synthase,squalene synthase,squalene|synthase,,"{""parenthetical"": [], ""dropped"": [], ""mutations"": [], ""mutation_classes"": []}",,[],9606,
src,CHEMBL267,P12931,src,src,src,,"{""parenthetical"": [], ""dropped"": [], ""mutations"": [], ""mutation_classes"": []}",,[],9606,
src kinase,CHEMBL267,P12931,src kinase,src kinase,src|kinase,,"{""parenthetical"": [], ""dropped"": [], ""mutations"": [], ""mutation_classes"": []}",,[],9606,
src protein tyrosine kinase,CHEMBL267,P12931,src tyrosine kinase,src protein tyrosine kinase,src|tyrosine|kinase,,"{""parenthetical"": [], ""dropped"": [""protein""], ""mutations"": [], ""mutation_classes"": []}",,[],9606,
src s345c mutant,CHEMBL267,P12931,src s345c,src s345c,src|s345c,,"{""parenthetical"": [], ""dropped"": [], ""mutations"": [""mutant""], ""mutation_classes"": [""NONE""]}",NONE,[],9606,
srpk1,CHEMBL4375,Q96SB4,srpk1,srpk1,srpk1,,"{""parenthetical"": [], ""dropped"": [], ""mutations"": [], ""mutation_classes"": []}",,[],9606,
srpk2,CHEMBL5668,P78362,srpk2,srpk2,srpk2,,"{""parenthetical"": [], ""dropped"": [], ""mutations"": [], ""mutation_classes"": []}",,[],9606,
ssr5,CHEMBL2733,O08858,ssr5,ssr5,ssr5,,"{""parenthetical"": [], ""dropped"": [], ""mutations"": [], ""mutation_classes"": []}",,[],9606,
ssr5,CHEMBL1792,P35346,ssr5,ssr5,ssr5,,"{""parenthetical"": [], ""dropped"": [], ""mutations"": [], ""mutation_classes"": []}",,[],9606,
sst2 receptor,CHEMBL1804,P30874,sst2,sst2 receptor,sst2,,"{""parenthetical"": [], ""dropped"": [""receptor""], ""mutations"": [], ""mutation_classes"": []}",,[],9606,
sst4 receptor,CHEMBL1853,P31391,sst4,sst4 receptor,sst4,,"{""parenthetical"": [], ""dropped"": [""receptor""], ""mutations"": [], ""mutation_classes"": []}",,[],9606,
sst5 receptor,CHEMBL1792,P35346,sst5,sst5 receptor,sst5,,"{""parenthetical"": [], ""dropped"": [""receptor""], ""mutations"": [], ""mutation_classes"": []}",,[],9606,
sstk,CHEMBL3627582,Q9BXA6,sstk,sstk,sstk,,"{""parenthetical"": [], ""dropped"": [], ""mutations"": [], ""mutation_classes"": []}",,[],9606,
sstr2a,CHEMBL1804,P30874,sstr2a,sstr2a,sstr2a,,"{""parenthetical"": [], ""dropped"": [], ""mutations"": [], ""mutation_classes"": []}",,[],9606,
sstr3,CHEMBL2028,P32745,sstr3,sstr3,sstr3,,"{""parenthetical"": [], ""dropped"": [], ""mutations"": [], ""mutation_classes"": []}",,[],9606,
sstr4,CHEMBL1853,P31391,sstr4,sstr4,sstr4,,"{""parenthetical"": [], ""dropped"": [], ""mutations"": [], ""mutation_classes"": []}",,[],9606,
sstr5,CHEMBL2733,O08858,sstr5,sstr5,sstr5,,"{""parenthetical"": [], ""dropped"": [], ""mutations"": [], ""mutation_classes"": []}",,[],9606,
sstr5,CHEMBL1792,P35346,sstr5,sstr5,sstr5,,"{""parenthetical"": [], ""dropped"": [], ""mutations"": [], ""mutation_classes"": []}",,[],9606,
staphylococcus aureus,CHEMBL1681620,P0A017,staphylococcus aureus,staphylococcus aureus,staphylococcus|aureus,,"{""parenthetical"": [], ""dropped"": [], ""mutations"": [], ""mutation_classes"": []}",,[],9606,
stat3,CHEMBL4026,P40763,stat3,stat3,stat3,,"{""parenthetical"": [], ""dropped"": [], ""mutations"": [], ""mutation_classes"": []}",,[],9606,
stat3,CHEMBL5402,P42227,stat3,stat3,stat3,,"{""parenthetical"": [], ""dropped"": [], ""mutations"": [], ""mutation_classes"": []}",,[],9606,
stat3 pathway,CHEMBL4026,P40763,stat3 pathway,stat3 pathway,stat3|pathway,,"{""parenthetical"": [], ""dropped"": [], ""mutations"": [], ""mutation_classes"": []}",,[],9606,
stat3 sh2 domain,CHEMBL4026,P40763,stat3 sh2 domain,stat3 sh2 domain,stat3|sh2|domain,,"{""parenthetical"": [], ""dropped"": [], ""mutations"": [], ""mutation_classes"": []}",,[],9606,sh2
stearoyl - coa delta9 desaturase,CHEMBL5555,O00767,stearoyl coa delta9 desaturase|stearoyl-coa delta9 desaturase|stearoyl-coa|stearoylcoa delta9 desaturase|stearoylcoa,stearoyl coa delta9 desaturase|stearoyl-coa delta9 desaturase|stearoyl-coa|stearoylcoa delta9 desaturase|stearoylcoa,stearoyl|coa|delta9|desaturase|stearoyl-coa|stearoylcoa,,"{""parenthetical"": [], ""dropped"": [], ""mutations"": [], ""mutation_classes"": []}",,[],9606,
step,CHEMBL2007628,P54829,step,step,step,,"{""parenthetical"": [], ""dropped"": [], ""mutations"": [], ""mutation_classes"": []}",,[],9606,
"steroid 17 - alpha - hydroxylase / 17 , 20 lyase",CHEMBL3522,P05093,"steroid 17 alpha hydroxylase 17,20 lyase|steroid 17-alpha-hydroxylase 17,20 lyase|17-alpha-hydroxylase|steroid 17alphahydroxylase 17,20 lyase|17alphahydroxylase|steroid17 alpha hydroxylase 17,20 lyase|steroid17|steroid-17 alpha hydroxylase 17,20 lyase|steroid-17","steroid 17 alpha hydroxylase 17,20 lyase|steroid 17-alpha-hydroxylase 17,20 lyase|17-alpha-hydroxylase|steroid 17alphahydroxylase 17,20 lyase|17alphahydroxylase|steroid17 alpha hydroxylase 17,20 lyase|steroid17|steroid-17 alpha hydroxylase 17,20 lyase|steroid-17","steroid|17|alpha|hydroxylase|17,20|lyase|17-alpha-hydroxylase|17alphahydroxylase|steroid17|steroid-17",,"{""parenthetical"": [], ""dropped"": [], ""mutations"": [], ""mutation_classes"": []}",,[],9606,
"steroid 17 - alpha - hydroxylase / 17 , 20 lyase",CHEMBL4430,P11715,"steroid 17 alpha hydroxylase 17,20 lyase|steroid 17-alpha-hydroxylase 17,20 lyase|17-alpha-hydroxylase|steroid 17alphahydroxylase 17,20 lyase|17alphahydroxylase|steroid17 alpha hydroxylase 17,20 lyase|steroid17|steroid-17 alpha hydroxylase 17,20 lyase|steroid-17","steroid 17 alpha hydroxylase 17,20 lyase|steroid 17-alpha-hydroxylase 17,20 lyase|17-alpha-hydroxylase|steroid 17alphahydroxylase 17,20 lyase|17alphahydroxylase|steroid17 alpha hydroxylase 17,20 lyase|steroid17|steroid-17 alpha hydroxylase 17,20 lyase|steroid-17","steroid|17|alpha|hydroxylase|17,20|lyase|17-alpha-hydroxylase|17alphahydroxylase|steroid17|steroid-17",,"{""parenthetical"": [], ""dropped"": [], ""mutations"": [], ""mutation_classes"": []}",,[],9606,
steroid 5 - alpha - reductase type 2,CHEMBL1856,P31213,steroid 5 alpha reductase type 2|steroid 5-alpha-reductase type 2|5-alpha-reductase|steroid 5alphareductase type 2|5alphareductase|steroid5 alpha reductase type 2|steroid5|steroid-5 alpha reductase type 2|steroid-5|steroid 5 alpha reductase type2|type2|steroid 5 alpha reductase type-2|type-2,steroid 5 alpha reductase type 2|steroid 5-alpha-reductase type 2|5-alpha-reductase|steroid 5alphareductase type 2|5alphareductase|steroid5 alpha reductase type 2|steroid5|steroid-5 alpha reductase type 2|steroid-5|steroid 5 alpha reductase type2|type2|steroid 5 alpha reductase type-2|type-2,steroid|5|alpha|reductase|type|2|5-alpha-reductase|5alphareductase|steroid5|steroid-5|type2|type-2,,"{""parenthetical"": [], ""dropped"": [], ""mutations"": [], ""mutation_classes"": []}",,[],9606,
steroid 5 - alpha - reductase type 2,CHEMBL5099,P31214,steroid 5 alpha reductase type 2|steroid 5-alpha-reductase type 2|5-alpha-reductase|steroid 5alphareductase type 2|5alphareductase|steroid5 alpha reductase type 2|steroid5|steroid-5 alpha reductase type 2|steroid-5|steroid 5 alpha reductase type2|type2|steroid 5 alpha reductase type-2|type-2,steroid 5 alpha reductase type 2|steroid 5-alpha-reductase type 2|5-alpha-reductase|steroid 5alphareductase type 2|5alphareductase|steroid5 alpha reductase type 2|steroid5|steroid-5 alpha reductase type 2|steroid-5|steroid 5 alpha reductase type2|type2|steroid 5 alpha reductase type-2|type-2,steroid|5|alpha|reductase|type|2|5-alpha-reductase|5alphareductase|steroid5|steroid-5|type2|type-2,,"{""parenthetical"": [], ""dropped"": [], ""mutations"": [], ""mutation_classes"": []}",,[],9606,
steroid 5 - alpha - reductase type i,CHEMBL1787,P18405,steroid 5 alpha reductase type i|steroid 5-alpha-reductase type i|5-alpha-reductase|steroid 5alphareductase type i|5alphareductase|steroid5 alpha reductase type i|steroid5|steroid-5 alpha reductase type i|steroid-5,steroid 5 alpha reductase type i|steroid 5-alpha-reductase type i|5-alpha-reductase|steroid 5alphareductase type i|5alphareductase|steroid5 alpha reductase type i|steroid5|steroid-5 alpha reductase type i|steroid-5,steroid|5|alpha|reductase|type|i|5-alpha-reductase|5alphareductase|steroid5|steroid-5,,"{""parenthetical"": [], ""dropped"": [], ""mutations"": [], ""mutation_classes"": []}",,[],9606,
steroid 5 - alpha - reductase type i,CHEMBL3422,P24008,steroid 5 alpha reductase type i|steroid 5-alpha-reductase type i|5-alpha-reductase|steroid 5alphareductase type i|5alphareductase|steroid5 alpha reductase type i|steroid5|steroid-5 alpha reductase type i|steroid-5,steroid 5 alpha reductase type i|steroid 5-alpha-reductase type i|5-alpha-reductase|steroid 5alphareductase type i|5alphareductase|steroid5 alpha reductase type i|steroid5|steroid-5 alpha reductase type i|steroid-5,steroid|5|alpha|reductase|type|i|5-alpha-reductase|5alphareductase|steroid5|steroid-5,,"{""parenthetical"": [], ""dropped"": [], ""mutations"": [], ""mutation_classes"": []}",,[],9606,
steroid 5 - alpha - reductase type ii,CHEMBL1856,P31213,steroid 5 alpha reductase type 2|steroid 5-alpha-reductase type 2|5-alpha-reductase|steroid 5alphareductase type 2|5alphareductase|steroid5 alpha reductase type 2|steroid5|steroid-5 alpha reductase type 2|steroid-5|steroid 5 alpha reductase type2|type2|steroid 5 alpha reductase type-2|type-2,steroid 5 alpha reductase type 2|steroid 5-alpha-reductase type 2|5-alpha-reductase|steroid 5alphareductase type 2|5alphareductase|steroid5 alpha reductase type 2|steroid5|steroid-5 alpha reductase type 2|steroid-5|steroid 5 alpha reductase type2|type2|steroid 5 alpha reductase type-2|type-2,steroid|5|alpha|reductase|type|2|5-alpha-reductase|5alphareductase|steroid5|steroid-5|type2|type-2,,"{""parenthetical"": [], ""dropped"": [], ""mutations"": [], ""mutation_classes"": []}",,[],9606,
steroid sulfatase,CHEMBL3559,P08842,steroid sulfatase,steroid sulfatase,steroid|sulfatase,,"{""parenthetical"": [], ""dropped"": [], ""mutations"": [], ""mutation_classes"": []}",,[],9606,
stie,CHEMBL3921,Q9Y251,stie,stie,stie,,"{""parenthetical"": [], ""dropped"": [], ""mutations"": [], ""mutation_classes"": []}",,[],9606,
stk16,CHEMBL3938,O75716,stk16,stk16,stk16,,"{""parenthetical"": [], ""dropped"": [], ""mutations"": [], ""mutation_classes"": []}",,[],9606,
stk21,CHEMBL5579,O14578,stk21,stk21,stk21,,"{""parenthetical"": [], ""dropped"": [], ""mutations"": [], ""mutation_classes"": []}",,[],9606,
stk22d,CHEMBL6003,Q9BXA7,stk22d,stk22d,stk22d,,"{""parenthetical"": [], ""dropped"": [], ""mutations"": [], ""mutation_classes"": []}",,[],9606,
stk25,CHEMBL5552,O00506,stk25,stk25,stk25,,"{""parenthetical"": [], ""dropped"": [], ""mutations"": [], ""mutation_classes"": []}",,[],9606,
stk3,CHEMBL4708,Q13188,stk3,stk3,stk3,,"{""parenthetical"": [], ""dropped"": [], ""mutations"": [], ""mutation_classes"": []}",,[],9606,
stk32b,CHEMBL5912,Q9NY57,stk32b,stk32b,stk32b,,"{""parenthetical"": [], ""dropped"": [], ""mutations"": [], ""mutation_classes"": []}",,[],9606,
stk32c,CHEMBL5405,Q86UX6,stk32c,stk32c,stk32c,,"{""parenthetical"": [], ""dropped"": [], ""mutations"": [], ""mutation_classes"": []}",,[],9606,
stk33,CHEMBL6005,Q9BYT3,stk33,stk33,stk33,,"{""parenthetical"": [], ""dropped"": [], ""mutations"": [], ""mutation_classes"": []}",,[],9606,
stk38,CHEMBL1075155,Q15208,stk38,stk38,stk38,,"{""parenthetical"": [], ""dropped"": [], ""mutations"": [], ""mutation_classes"": []}",,[],9606,
stk38l,CHEMBL4851,Q9Y2H1,stk38l,stk38l,stk38l,,"{""parenthetical"": [], ""dropped"": [], ""mutations"": [], ""mutation_classes"": []}",,[],9606,
stk39,CHEMBL1163108,Q9UEW8,stk39,stk39,stk39,,"{""parenthetical"": [], ""dropped"": [], ""mutations"": [], ""mutation_classes"": []}",,[],9606,
stromelysin,CHEMBL283,P08254,stromelysin,stromelysin,stromelysin,,"{""parenthetical"": [], ""dropped"": [], ""mutations"": [], ""mutation_classes"": []}",,[],9606,
stromelysin ( matrix metalloprotease - 3 ),CHEMBL283,P08254,stromelysin,stromelysin,stromelysin,,"{""parenthetical"": [""matrix metalloprotease - 3""], ""dropped"": [], ""mutations"": [], ""mutation_classes"": []}",,[],9606,
sts,CHEMBL3559,P08842,sts,sts,sts,,"{""parenthetical"": [], ""dropped"": [], ""mutations"": [], ""mutation_classes"": []}",,[],9606,
su ( var ) 3 - 9,CHEMBL2169720,P45975,su 3 9 var|su 3-9 var|3-9|su 39 var|39|su3 9 var|su3|su-3 9 var|su-3|var,su 3 9 var|su 3-9 var|3-9|su 39 var|39|su3 9 var|su3|su-3 9 var|su-3|var,su|3|9|var|3-9|39|su3|su-3,,"{""parenthetical"": [""var""], ""dropped"": [], ""mutations"": [], ""mutation_classes"": []}",,[],9606,
sucrase,CHEMBL3114,P23739,sucrase,sucrase,sucrase,,"{""parenthetical"": [], ""dropped"": [], ""mutations"": [], ""mutation_classes"": []}",,[],9606,
sulfatase,CHEMBL3559,P08842,sulfatase,sulfatase,sulfatase,,"{""parenthetical"": [], ""dropped"": [], ""mutations"": [], ""mutation_classes"": []}",,[],9606,
suv39,CHEMBL2169720,P45975,suv39,suv39,suv39,,"{""parenthetical"": [], ""dropped"": [], ""mutations"": [], ""mutation_classes"": []}",,[],9606,
suv39h1,CHEMBL1795118,O43463,suv39h1,suv39h1,suv39h1,,"{""parenthetical"": [], ""dropped"": [], ""mutations"": [], ""mutation_classes"": []}",,[],9606,
suv39h2,CHEMBL1795177,Q9H5I1,suv39h2,suv39h2,suv39h2,,"{""parenthetical"": [], ""dropped"": [], ""mutations"": [], ""mutation_classes"": []}",,[],9606,
syk,CHEMBL2599,P43405,syk,syk,syk,,"{""parenthetical"": [], ""dropped"": [], ""mutations"": [], ""mutation_classes"": []}",,[],9606,
syk,CHEMBL5575,Q15046,syk,syk,syk,,"{""parenthetical"": [], ""dropped"": [], ""mutations"": [], ""mutation_classes"": []}",,[],9606,
t - pa,CHEMBL1873,P00750,t pa|t-pa|tpa,t pa|t-pa|tpa,t|pa|t-pa|tpa,,"{""parenthetical"": [], ""dropped"": [], ""mutations"": [], ""mutation_classes"": []}",,[],9606,
t - type [ ca2 + ] channel,CHEMBL4641,O43497,t type|t-type|ttype,t type channel|t-type channel|t-type|ttype channel|ttype,t|type|t-type|ttype,cacna1g cacna1h cacna1i,"{""parenthetical"": [""ca2 +""], ""dropped"": [""channel""], ""mutations"": [], ""mutation_classes"": []}",,[],9606,
t - type [ ca2 + ] channel ( alpha1g ),CHEMBL4641,O43497,t type|t-type|ttype,t type channel|t-type channel|t-type|ttype channel|ttype,t|type|t-type|ttype,cacna1g cacna1h cacna1i,"{""parenthetical"": [""ca2 +"", ""alpha1g""], ""dropped"": [""channel""], ""mutations"": [], ""mutation_classes"": []}",,[],9606,
t - type calcium channel alpha1g,CHEMBL4641,O43497,t type calcium alpha1g|t-type calcium alpha1g|t-type|ttype calcium alpha1g|ttype,t type calcium channel alpha1g|t-type calcium channel alpha1g|t-type|ttype calcium channel alpha1g|ttype,t|type|calcium|alpha1g|t-type|ttype,cacna1g,"{""parenthetical"": [], ""dropped"": [""channel""], ""mutations"": [], ""mutation_classes"": []}",,[],9606,
t - type calcium channel cav3,CHEMBL4641,O43497,t type calcium cav3|t-type calcium cav3|t-type|ttype calcium cav3|ttype,t type calcium channel cav3|t-type calcium channel cav3|t-type|ttype calcium channel cav3|ttype,t|type|calcium|cav3|t-type|ttype,,"{""parenthetical"": [], ""dropped"": [""channel""], ""mutations"": [], ""mutation_classes"": []}",,[],9606,
t - type cav3,CHEMBL4641,O43497,t type cav3|t-type cav3|t-type|ttype cav3|ttype,t type cav3|t-type cav3|t-type|ttype cav3|ttype,t|type|cav3|t-type|ttype,,"{""parenthetical"": [], ""dropped"": [], ""mutations"": [], ""mutation_classes"": []}",,[],9606,
t type 3 . 1v,CHEMBL4641,O43497,t type 3.1v,t type 3.1v,t|type|3.1v,,"{""parenthetical"": [], ""dropped"": [], ""mutations"": [], ""mutation_classes"": []}",,[],9606,
tace,CHEMBL3332,O77636,tace,tace,tace,,"{""parenthetical"": [], ""dropped"": [], ""mutations"": [], ""mutation_classes"": []}",,[],9606,
tace,CHEMBL3706,P78536,tace,tace,tace,,"{""parenthetical"": [], ""dropped"": [], ""mutations"": [], ""mutation_classes"": []}",,[],9606,
tace ),CHEMBL3706,P78536,tace ),tace ),tace|),,"{""parenthetical"": [], ""dropped"": [], ""mutations"": [], ""mutation_classes"": []}",,[],9606,
tace catalytic domain,CHEMBL3706,P78536,tace catalytic domain,tace catalytic domain,tace|catalytic|domain,,"{""parenthetical"": [], ""dropped"": [], ""mutations"": [], ""mutation_classes"": []}",,[],9606,
tace nhek,CHEMBL3706,P78536,tace nhek,tace nhek,tace|nhek,,"{""parenthetical"": [], ""dropped"": [], ""mutations"": [], ""mutation_classes"": []}",,[],9606,
tachykinin receptor 1 - 1 ),CHEMBL249,P25103,tachykinin 1 1 )|tachykinin 1-1 )|1-1|tachykinin 11 )|11|receptor1|receptor-1,tachykinin receptor 1 )|1-1|11|tachykinin receptor1 )|receptor1|tachykinin receptor-1 )|receptor-1,tachykinin|1|)|1-1|11|receptor1|receptor-1,,"{""parenthetical"": [], ""dropped"": [""receptor""], ""mutations"": [], ""mutation_classes"": []}",,[],9606,
taf1,CHEMBL3217390,P21675,taf1,taf1,taf1,,"{""parenthetical"": [], ""dropped"": [], ""mutations"": [], ""mutation_classes"": []}",,[],9606,
taf1 bd2,CHEMBL3217390,P21675,taf1 bd2,taf1 bd2,taf1|bd2,,"{""parenthetical"": [], ""dropped"": [], ""mutations"": [], ""mutation_classes"": []}",,[],9606,bd2
tafi,CHEMBL3419,Q96IY4,tafi,tafi,tafi,,"{""parenthetical"": [], ""dropped"": [], ""mutations"": [], ""mutation_classes"": []}",,[],9606,
tafia,CHEMBL3419,Q96IY4,tafia,tafia,tafia,,"{""parenthetical"": [], ""dropped"": [], ""mutations"": [], ""mutation_classes"": []}",,[],9606,
tak1,CHEMBL5776,O43318,tak1,tak1,tak1,,"{""parenthetical"": [], ""dropped"": [], ""mutations"": [], ""mutation_classes"": []}",,[],9606,
tak1 kinase,CHEMBL5776,O43318,tak1 kinase,tak1 kinase,tak1|kinase,,"{""parenthetical"": [], ""dropped"": [], ""mutations"": [], ""mutation_classes"": []}",,[],9606,
tank1,CHEMBL6164,O95271,tank1,tank1,tank1,,"{""parenthetical"": [], ""dropped"": [], ""mutations"": [], ""mutation_classes"": []}",,[],9606,
tankyrase1,CHEMBL6164,O95271,tankyrase1,tankyrase1,tankyrase1,,"{""parenthetical"": [], ""dropped"": [], ""mutations"": [], ""mutation_classes"": []}",,[],9606,
tankyrase2,CHEMBL6154,Q9H2K2,tankyrase2,tankyrase2,tankyrase2,,"{""parenthetical"": [], ""dropped"": [], ""mutations"": [], ""mutation_classes"": []}",,[],9606,
tankyrases 1,CHEMBL6164,O95271,tankyrases 1|tankyrases1|tankyrases-1,tankyrases 1|tankyrases1|tankyrases-1,tankyrases|1|tankyrases1|tankyrases-1,,"{""parenthetical"": [], ""dropped"": [], ""mutations"": [], ""mutation_classes"": []}",,[],9606,
tankyrases 2,CHEMBL6154,Q9H2K2,tankyrases 2|tankyrases2|tankyrases-2,tankyrases 2|tankyrases2|tankyrases-2,tankyrases|2|tankyrases2|tankyrases-2,,"{""parenthetical"": [], ""dropped"": [], ""mutations"": [], ""mutation_classes"": []}",,[],9606,
taok1,CHEMBL5261,Q7L7X3,taok1,taok1,taok1,,"{""parenthetical"": [], ""dropped"": [], ""mutations"": [], ""mutation_classes"": []}",,[],9606,
taok2,CHEMBL1075195,Q9UL54,taok2,taok2,taok2,,"{""parenthetical"": [], ""dropped"": [], ""mutations"": [], ""mutation_classes"": []}",,[],9606,
taok3,CHEMBL5701,Q9H2K8,taok3,taok3,taok3,,"{""parenthetical"": [], ""dropped"": [], ""mutations"": [], ""mutation_classes"": []}",,[],9606,
task - 1,CHEMBL2321613,O14649,task 1|task-1|task1,task 1|task-1|task1,task|1|task-1|task1,,"{""parenthetical"": [], ""dropped"": [], ""mutations"": [], ""mutation_classes"": []}",,[],9606,
task - 3,CHEMBL2321614,Q9NPC2,task 3|task-3|task3,task 3|task-3|task3,task|3|task-3|task3,,"{""parenthetical"": [], ""dropped"": [], ""mutations"": [], ""mutation_classes"": []}",,[],9606,
task1,CHEMBL2321613,O14649,task1,task1,task1,,"{""parenthetical"": [], ""dropped"": [], ""mutations"": [], ""mutation_classes"": []}",,[],9606,
task3,CHEMBL2321614,Q9NPC2,task3,task3,task3,,"{""parenthetical"": [], ""dropped"": [], ""mutations"": [], ""mutation_classes"": []}",,[],9606,
tau,CHEMBL1293224,P10636,tau,tau,tau,,"{""parenthetical"": [], ""dropped"": [], ""mutations"": [], ""mutation_classes"": []}",,[],9606,
tau protein,CHEMBL1293224,P10636,tau,tau protein,tau,,"{""parenthetical"": [], ""dropped"": [""protein""], ""mutations"": [], ""mutation_classes"": []}",,[],9606,
tau three - repeat microtubule - binding domain,CHEMBL1293224,P10636,tau three repeat microtubule binding domain|tau three-repeat microtubule binding domain|three-repeat|tau threerepeat microtubule binding domain|threerepeat|tau three repeat microtubule-binding domain|microtubule-binding|tau three repeat microtubulebinding domain|microtubulebinding,tau three repeat microtubule binding domain|tau three-repeat microtubule binding domain|three-repeat|tau threerepeat microtubule binding domain|threerepeat|tau three repeat microtubule-binding domain|microtubule-binding|tau three repeat microtubulebinding domain|microtubulebinding,tau|three|repeat|microtubule|binding|domain|three-repeat|threerepeat|microtubule-binding|microtubulebinding,,"{""parenthetical"": [], ""dropped"": [], ""mutations"": [], ""mutation_classes"": []}",,[],9606,
tbk1,CHEMBL5408,Q9UHD2,tbk1,tbk1,tbk1,,"{""parenthetical"": [], ""dropped"": [], ""mutations"": [], ""mutation_classes"": []}",,[],9606,
tc - ptp,CHEMBL3807,P17706,tc ptp|tc-ptp|tcptp,tc ptp|tc-ptp|tcptp,tc|ptp|tc-ptp|tcptp,,"{""parenthetical"": [], ""dropped"": [], ""mutations"": [], ""mutation_classes"": []}",,[],9606,
tc - ptp ),CHEMBL3807,P17706,tc ptp )|tc-ptp )|tc-ptp|tcptp )|tcptp,tc ptp )|tc-ptp )|tc-ptp|tcptp )|tcptp,tc|ptp|)|tc-ptp|tcptp,,"{""parenthetical"": [], ""dropped"": [], ""mutations"": [], ""mutation_classes"": []}",,[],9606,
tcpcp,CHEMBL3807,P17706,tcpcp,tcpcp,tcpcp,,"{""parenthetical"": [], ""dropped"": [], ""mutations"": [], ""mutation_classes"": []}",,[],9606,
tcptp,CHEMBL3807,P17706,tcptp,tcptp,tcptp,,"{""parenthetical"": [], ""dropped"": [], ""mutations"": [], ""mutation_classes"": []}",,[],9606,
tcptp i220a mutant,CHEMBL3807,P17706,tcptp i220a,tcptp i220a,tcptp|i220a,,"{""parenthetical"": [], ""dropped"": [], ""mutations"": [""mutant""], ""mutation_classes"": [""NONE""]}",NONE,[],9606,
tdo,CHEMBL2140,P48775,tdo,tdo,tdo,,"{""parenthetical"": [], ""dropped"": [], ""mutations"": [], ""mutation_classes"": []}",,[],9606,
tdo,CHEMBL1075307,P48776,tdo,tdo,tdo,,"{""parenthetical"": [], ""dropped"": [], ""mutations"": [], ""mutation_classes"": []}",,[],9606,
tdp1,CHEMBL1075138,Q9NUW8,tdp1,tdp1,tdp1,,"{""parenthetical"": [], ""dropped"": [], ""mutations"": [], ""mutation_classes"": []}",,[],9606,
tec,CHEMBL4246,P42680,tec,tec,tec,,"{""parenthetical"": [], ""dropped"": [], ""mutations"": [], ""mutation_classes"": []}",,[],9606,
tel,CHEMBL2815,P04629,tel,tel,tel,,"{""parenthetical"": [], ""dropped"": [], ""mutations"": [], ""mutation_classes"": []}",,[],9606,
tel,CHEMBL5568,P08922,tel,tel,tel,,"{""parenthetical"": [], ""dropped"": [], ""mutations"": [], ""mutation_classes"": []}",,[],9606,
tel,CHEMBL5608,Q16288,tel,tel,tel,,"{""parenthetical"": [], ""dropped"": [], ""mutations"": [], ""mutation_classes"": []}",,[],9606,
tel,CHEMBL4898,Q16620,tel,tel,tel,,"{""parenthetical"": [], ""dropped"": [], ""mutations"": [], ""mutation_classes"": []}",,[],9606,
telomerase,CHEMBL2916,O14746,telomerase,telomerase,telomerase,,"{""parenthetical"": [], ""dropped"": [], ""mutations"": [], ""mutation_classes"": []}",,[],9606,
tem - 1 enzyme,CHEMBL2065,P62593,tem 1 enzyme|tem-1 enzyme|tem-1|tem1 enzyme|tem1,tem 1 enzyme|tem-1 enzyme|tem-1|tem1 enzyme|tem1,tem|1|enzyme|tem-1|tem1,,"{""parenthetical"": [], ""dropped"": [], ""mutations"": [], ""mutation_classes"": []}",,[],9606,
tem1,CHEMBL2065,P62593,tem1,tem1,tem1,,"{""parenthetical"": [], ""dropped"": [], ""mutations"": [], ""mutation_classes"": []}",,[],9606,
tesk1,CHEMBL5604,Q15569,tesk1,tesk1,tesk1,,"{""parenthetical"": [], ""dropped"": [], ""mutations"": [], ""mutation_classes"": []}",,[],9606,
testosterone receptor,CHEMBL1871,P10275,testosterone,testosterone receptor,testosterone,,"{""parenthetical"": [], ""dropped"": [""receptor""], ""mutations"": [], ""mutation_classes"": []}",,[],9606,
tev - brpf1,CHEMBL3132741,P55201,tev brpf1|tev-brpf1|tevbrpf1,tev brpf1|tev-brpf1|tevbrpf1,tev|brpf1|tev-brpf1|tevbrpf1,,"{""parenthetical"": [], ""dropped"": [], ""mutations"": [], ""mutation_classes"": []}",,[],9606,
tev protease,CHEMBL1782,P14324,tev protease,tev protease,tev|protease,,"{""parenthetical"": [], ""dropped"": [], ""mutations"": [], ""mutation_classes"": []}",,[],9606,
tg2,CHEMBL2730,P21980,tg2,tg2,tg2,,"{""parenthetical"": [], ""dropped"": [], ""mutations"": [], ""mutation_classes"": []}",,[],9606,
tg2 v224 mutant,CHEMBL2730,P21980,tg2 v224,tg2 v224,tg2|v224,,"{""parenthetical"": [], ""dropped"": [], ""mutations"": [""mutant""], ""mutation_classes"": [""NONE""]}",NONE,[],9606,
tgf ) beta - 1 receptor,CHEMBL4439,P36897,tgf ) beta 1|tgf ) beta-1|beta-1|tgf ) beta1|beta1,tgf ) beta 1 receptor|tgf ) beta-1 receptor|beta-1|tgf ) beta1 receptor|beta1,tgf|)|beta|1|beta-1|beta1,adrb1,"{""parenthetical"": [], ""dropped"": [""receptor""], ""mutations"": [], ""mutation_classes"": []}",,[],9606,
tgfbeta r1,CHEMBL4439,P36897,tgfbeta r1,tgfbeta r1,tgfbeta|r1,,"{""parenthetical"": [], ""dropped"": [], ""mutations"": [], ""mutation_classes"": []}",,[],9606,
tgfbeta receptor 1,CHEMBL4439,P36897,tgfbeta 1|receptor1|receptor-1,tgfbeta receptor 1|tgfbeta receptor1|receptor1|tgfbeta receptor-1|receptor-1,tgfbeta|1|receptor1|receptor-1,ednra,"{""parenthetical"": [], ""dropped"": [""receptor""], ""mutations"": [], ""mutation_classes"": []}",,[],9606,
tgfbeta1 receptor,CHEMBL4439,P36897,tgfbeta1,tgfbeta1 receptor,tgfbeta1,adrb1,"{""parenthetical"": [], ""dropped"": [""receptor""], ""mutations"": [], ""mutation_classes"": []}",,[],9606,
tgfbetar1,CHEMBL4439,P36897,tgfbetar1,tgfbetar1,tgfbetar1,,"{""parenthetical"": [], ""dropped"": [], ""mutations"": [], ""mutation_classes"": []}",,[],9606,
tgfbetar1 t204d,CHEMBL4439,P36897,tgfbetar1 t204d,tgfbetar1 t204d,tgfbetar1|t204d,,"{""parenthetical"": [], ""dropped"": [], ""mutations"": [], ""mutation_classes"": []}",,[],9606,
tgfbr1,CHEMBL4439,P36897,tgfbr1,tgfbr1,tgfbr1,,"{""parenthetical"": [], ""dropped"": [], ""mutations"": [], ""mutation_classes"": []}",,[],9606,
tgfbr2,CHEMBL4267,P37173,tgfbr2,tgfbr2,tgfbr2,,"{""parenthetical"": [], ""dropped"": [], ""mutations"": [], ""mutation_classes"": []}",,[],9606,
tgfr - 1,CHEMBL4439,P36897,tgfr 1|tgfr-1|tgfr1,tgfr 1|tgfr-1|tgfr1,tgfr|1|tgfr-1|tgfr1,,"{""parenthetical"": [], ""dropped"": [], ""mutations"": [], ""mutation_classes"": []}",,[],9606,
tgm2,CHEMBL2730,P21980,tgm2,tgm2,tgm2,,"{""parenthetical"": [], ""dropped"": [], ""mutations"": [], ""mutation_classes"": []}",,[],9606,
tgr,CHEMBL6110,Q962Y6,tgr,tgr,tgr,,"{""parenthetical"": [], ""dropped"": [], ""mutations"": [], ""mutation_classes"": []}",,[],9606,
thermolysin,CHEMBL3392,P00800,thermolysin,thermolysin,thermolysin,,"{""parenthetical"": [], ""dropped"": [], ""mutations"": [], ""mutation_classes"": []}",,[],9606,
thrombin,CHEMBL204,P00734,thrombin,thrombin,thrombin,,"{""parenthetical"": [], ""dropped"": [], ""mutations"": [], ""mutation_classes"": []}",,[],9606,
thromboxane a2 receptor,CHEMBL2069,P21731,thromboxane a2,thromboxane a2 receptor,thromboxane|a2,tbxa2r tpalpha tpbeta,"{""parenthetical"": [], ""dropped"": [""receptor""], ""mutations"": [], ""mutation_classes"": []}",,[],9606,
thromboxane a2 receptor isoform alpha,CHEMBL2069,P21731,thromboxane a2 alpha,thromboxane a2 receptor isoform alpha,thromboxane|a2|alpha,tbxa2r tpalpha tpbeta,"{""parenthetical"": [], ""dropped"": [""receptor"", ""isoform""], ""mutations"": [], ""mutation_classes"": []}",,[],9606,
thromboxane a2 receptor isoform beta,CHEMBL2069,P21731,thromboxane a2 beta,thromboxane a2 receptor isoform beta,thromboxane|a2|beta,tbxa2r tpalpha tpbeta,"{""parenthetical"": [], ""dropped"": [""receptor"", ""isoform""], ""mutations"": [], ""mutation_classes"": []}",,[],9606,
thromboxane a2 synthase,CHEMBL1835,P24557,thromboxane a2 synthase,thromboxane a2 synthase,thromboxane|a2|synthase,,"{""parenthetical"": [], ""dropped"": [], ""mutations"": [], ""mutation_classes"": []}",,[],9606,
thromboxane synthase p450 txa2,CHEMBL1835,P24557,thromboxane synthase p450 txa2,thromboxane synthase p450 txa2,thromboxane|synthase|p450|txa2,,"{""parenthetical"": [], ""dropped"": [], ""mutations"": [], ""mutation_classes"": []}",,[],9606,
thromboxane txa2 synthetase,CHEMBL1835,P24557,thromboxane txa2 synthetase,thromboxane txa2 synthetase,thromboxane|txa2|synthetase,,"{""parenthetical"": [], ""dropped"": [], ""mutations"": [], ""mutation_classes"": []}",,[],9606,
thymidine phosphorylase,CHEMBL3106,P19971,thymidine phosphorylase,thymidine phosphorylase,thymidine|phosphorylase,,"{""parenthetical"": [], ""dropped"": [], ""mutations"": [], ""mutation_classes"": []}",,[],9606,
thymidylate synthase,CHEMBL6137,C3SWJ7,thymidylate synthase,thymidylate synthase,thymidylate|synthase,,"{""parenthetical"": [], ""dropped"": [], ""mutations"": [], ""mutation_classes"": []}",,[],9606,
thymidylate synthase,CHEMBL5328,P00469,thymidylate synthase,thymidylate synthase,thymidylate|synthase,,"{""parenthetical"": [], ""dropped"": [], ""mutations"": [], ""mutation_classes"": []}",,[],9606,
thymidylate synthase,CHEMBL1952,P04818,thymidylate synthase,thymidylate synthase,thymidylate|synthase,,"{""parenthetical"": [], ""dropped"": [], ""mutations"": [], ""mutation_classes"": []}",,[],9606,
thymidylate synthase,CHEMBL2425,Q07422,thymidylate synthase,thymidylate synthase,thymidylate|synthase,,"{""parenthetical"": [], ""dropped"": [], ""mutations"": [], ""mutation_classes"": []}",,[],9606,
thymidylate synthase (,CHEMBL1952,P04818,thymidylate synthase (,thymidylate synthase (,thymidylate|synthase|(,,"{""parenthetical"": [], ""dropped"": [], ""mutations"": [], ""mutation_classes"": []}",,[],9606,
thymidylate synthase ( ts ),CHEMBL6137,C3SWJ7,thymidylate synthase ts|ts,thymidylate synthase ts|ts,thymidylate|synthase|ts,,"{""parenthetical"": [""ts""], ""dropped"": [], ""mutations"": [], ""mutation_classes"": []}",,[],9606,
thymidylate synthase ( ts ),CHEMBL5328,P00469,thymidylate synthase ts|ts,thymidylate synthase ts|ts,thymidylate|synthase|ts,,"{""parenthetical"": [""ts""], ""dropped"": [], ""mutations"": [], ""mutation_classes"": []}",,[],9606,
thymidylate synthase ( ts ),CHEMBL1952,P04818,thymidylate synthase ts|ts,thymidylate synthase ts|ts,thymidylate|synthase|ts,,"{""parenthetical"": [""ts""], ""dropped"": [], ""mutations"": [], ""mutation_classes"": []}",,[],9606,
thymidylate synthetase,CHEMBL6137,C3SWJ7,thymidylate synthetase,thymidylate synthetase,thymidylate|synthetase,,"{""parenthetical"": [], ""dropped"": [], ""mutations"": [], ""mutation_classes"": []}",,[],9606,
thymidylate synthetase,CHEMBL5328,P00469,thymidylate synthetase,thymidylate synthetase,thymidylate|synthetase,,"{""parenthetical"": [], ""dropped"": [], ""mutations"": [], ""mutation_classes"": []}",,[],9606,
thyroid hormone receptor alpha 1,CHEMBL1860,P10827,thyroid hormone alpha 1|thyroid hormone alpha1|alpha1|thyroid hormone alpha-1|alpha-1,thyroid hormone receptor alpha 1|thyroid hormone receptor alpha1|alpha1|thyroid hormone receptor alpha-1|alpha-1,thyroid|hormone|alpha|1|alpha1|alpha-1,thra,"{""parenthetical"": [], ""dropped"": [""receptor""], ""mutations"": [], ""mutation_classes"": []}",,[],9606,
thyroid hormone receptor beta,CHEMBL1947,P10828,thyroid hormone beta,thyroid hormone receptor beta,thyroid|hormone|beta,thrb,"{""parenthetical"": [], ""dropped"": [""receptor""], ""mutations"": [], ""mutation_classes"": []}",,[],9606,
thyroid hormone receptor beta - 1,CHEMBL1947,P10828,thyroid hormone beta 1|thyroid hormone beta-1|beta-1|thyroid hormone beta1|beta1,thyroid hormone receptor beta 1|thyroid hormone receptor beta-1|beta-1|thyroid hormone receptor beta1|beta1,thyroid|hormone|beta|1|beta-1|beta1,thrb,"{""parenthetical"": [], ""dropped"": [""receptor""], ""mutations"": [], ""mutation_classes"": []}",,[],9606,
thyroid hormone receptor beta 1,CHEMBL1947,P10828,thyroid hormone beta 1|thyroid hormone beta1|beta1|thyroid hormone beta-1|beta-1,thyroid hormone receptor beta 1|thyroid hormone receptor beta1|beta1|thyroid hormone receptor beta-1|beta-1,thyroid|hormone|beta|1|beta1|beta-1,thrb,"{""parenthetical"": [], ""dropped"": [""receptor""], ""mutations"": [], ""mutation_classes"": []}",,[],9606,
tie - 2,CHEMBL4128,Q02763,tie 2|tie-2|tie2,tie 2|tie-2|tie2,tie|2|tie-2|tie2,,"{""parenthetical"": [], ""dropped"": [], ""mutations"": [], ""mutation_classes"": []}",,[],9606,
tie - 2 kinase,CHEMBL4128,Q02763,tie 2 kinase|tie-2 kinase|tie-2|tie2 kinase|tie2,tie 2 kinase|tie-2 kinase|tie-2|tie2 kinase|tie2,tie|2|kinase|tie-2|tie2,,"{""parenthetical"": [], ""dropped"": [], ""mutations"": [], ""mutation_classes"": []}",,[],9606,
tie - 2 kinase .,CHEMBL4128,Q02763,tie 2 kinase|tie-2 kinase|tie-2|tie2 kinase|tie2,tie 2 kinase|tie-2 kinase|tie-2|tie2 kinase|tie2,tie|2|kinase|tie-2|tie2,,"{""parenthetical"": [], ""dropped"": [], ""mutations"": [], ""mutation_classes"": []}",,[],9606,
tie2,CHEMBL4128,Q02763,tie2,tie2,tie2,,"{""parenthetical"": [], ""dropped"": [], ""mutations"": [], ""mutation_classes"": []}",,[],9606,
tip60,CHEMBL5750,Q92993,tip60,tip60,tip60,,"{""parenthetical"": [], ""dropped"": [], ""mutations"": [], ""mutation_classes"": []}",,[],9606,
tissue - type plasminogen activator,CHEMBL1873,P00750,tissue type plasminogen activator|tissue-type plasminogen activator|tissue-type|tissuetype plasminogen activator|tissuetype,tissue type plasminogen activator|tissue-type plasminogen activator|tissue-type|tissuetype plasminogen activator|tissuetype,tissue|type|plasminogen|activator|tissue-type|tissuetype,,"{""parenthetical"": [], ""dropped"": [], ""mutations"": [], ""mutation_classes"": []}",,[],9606,
tissue coagulation factor vii,CHEMBL3991,P08709,tissue coagulation factor 7|tissue coagulation factor7|factor7|tissue coagulation factor-7|factor-7,tissue coagulation factor 7|tissue coagulation factor7|factor7|tissue coagulation factor-7|factor-7,tissue|coagulation|factor|7|factor7|factor-7,,"{""parenthetical"": [], ""dropped"": [], ""mutations"": [], ""mutation_classes"": []}",,[],9606,
tissue plasminogen activator,CHEMBL1873,P00750,tissue plasminogen activator,tissue plasminogen activator,tissue|plasminogen|activator,,"{""parenthetical"": [], ""dropped"": [], ""mutations"": [], ""mutation_classes"": []}",,[],9606,
tissue type plasminogen activator,CHEMBL1873,P00750,tissue type plasminogen activator,tissue type plasminogen activator,tissue|type|plasminogen|activator,,"{""parenthetical"": [], ""dropped"": [], ""mutations"": [], ""mutation_classes"": []}",,[],9606,
tlk1,CHEMBL5388,Q9UKI8,tlk1,tlk1,tlk1,,"{""parenthetical"": [], ""dropped"": [], ""mutations"": [], ""mutation_classes"": []}",,[],9606,
tlk2,CHEMBL5404,Q86UE8,tlk2,tlk2,tlk2,,"{""parenthetical"": [], ""dropped"": [], ""mutations"": [], ""mutation_classes"": []}",,[],9606,
tlr2,CHEMBL5014,O43353,tlr2,tlr2,tlr2,,"{""parenthetical"": [], ""dropped"": [], ""mutations"": [], ""mutation_classes"": []}",,[],9606,
tlr4,CHEMBL5255,O00206,tlr4,tlr4,tlr4,,"{""parenthetical"": [], ""dropped"": [], ""mutations"": [], ""mutation_classes"": []}",,[],9606,
tlr7,CHEMBL5936,Q9NYK1,tlr7,tlr7,tlr7,,"{""parenthetical"": [], ""dropped"": [], ""mutations"": [], ""mutation_classes"": []}",,[],9606,
tmem16a,CHEMBL2046267,Q5XXA6,tmem16a,tmem16a,tmem16a,,"{""parenthetical"": [], ""dropped"": [], ""mutations"": [], ""mutation_classes"": []}",,[],9606,
tnf - alpha,CHEMBL254,P27815,tnf alpha|tnf-alpha|tnfalpha,tnf alpha|tnf-alpha|tnfalpha,tnf|alpha|tnf-alpha|tnfalpha,,"{""parenthetical"": [], ""dropped"": [], ""mutations"": [], ""mutation_classes"": []}",,[],9606,
tnf - alpha,CHEMBL3706,P78536,tnf alpha|tnf-alpha|tnfalpha,tnf alpha|tnf-alpha|tnfalpha,tnf|alpha|tnf-alpha|tnfalpha,,"{""parenthetical"": [], ""dropped"": [], ""mutations"": [], ""mutation_classes"": []}",,[],9606,
tnf - alpha converting enzyme,CHEMBL3332,O77636,tnf alpha converting enzyme|tnf-alpha converting enzyme|tnf-alpha|tnfalpha converting enzyme|tnfalpha,tnf alpha converting enzyme|tnf-alpha converting enzyme|tnf-alpha|tnfalpha converting enzyme|tnfalpha,tnf|alpha|converting|enzyme|tnf-alpha|tnfalpha,,"{""parenthetical"": [], ""dropped"": [], ""mutations"": [], ""mutation_classes"": []}",,[],9606,
tnf - alpha converting enzyme,CHEMBL3706,P78536,tnf alpha converting enzyme|tnf-alpha converting enzyme|tnf-alpha|tnfalpha converting enzyme|tnfalpha,tnf alpha converting enzyme|tnf-alpha converting enzyme|tnf-alpha|tnfalpha converting enzyme|tnfalpha,tnf|alpha|converting|enzyme|tnf-alpha|tnfalpha,,"{""parenthetical"": [], ""dropped"": [], ""mutations"": [], ""mutation_classes"": []}",,[],9606,
tnf - alpha converting enzyme ( tace ),CHEMBL3706,P78536,tnf alpha converting enzyme|tnf-alpha converting enzyme|tnf-alpha|tnfalpha converting enzyme|tnfalpha,tnf alpha converting enzyme|tnf-alpha converting enzyme|tnf-alpha|tnfalpha converting enzyme|tnfalpha,tnf|alpha|converting|enzyme|tnf-alpha|tnfalpha,,"{""parenthetical"": [""tace""], ""dropped"": [], ""mutations"": [], ""mutation_classes"": []}",,[],9606,
tnf - alpha converting enzyme ptace ),CHEMBL3332,O77636,tnf alpha converting enzyme ptace )|tnf-alpha converting enzyme ptace )|tnf-alpha|tnfalpha converting enzyme ptace )|tnfalpha,tnf alpha converting enzyme ptace )|tnf-alpha converting enzyme ptace )|tnf-alpha|tnfalpha converting enzyme ptace )|tnfalpha,tnf|alpha|converting|enzyme|ptace|)|tnf-alpha|tnfalpha,,"{""parenthetical"": [], ""dropped"": [], ""mutations"": [], ""mutation_classes"": []}",,[],9606,
tnf - alpha soluble domain,CHEMBL1825,P01375,tnf alpha soluble domain|tnf-alpha soluble domain|tnf-alpha|tnfalpha soluble domain|tnfalpha,tnf alpha soluble domain|tnf-alpha soluble domain|tnf-alpha|tnfalpha soluble domain|tnfalpha,tnf|alpha|soluble|domain|tnf-alpha|tnfalpha,,"{""parenthetical"": [], ""dropped"": [], ""mutations"": [], ""mutation_classes"": []}",,[],9606,
tnf alpha,CHEMBL275,Q07343,tnf alpha,tnf alpha,tnf|alpha,,"{""parenthetical"": [], ""dropped"": [], ""mutations"": [], ""mutation_classes"": []}",,[],9606,
tnfalpha,CHEMBL1991,O14920,tnfalpha,tnfalpha,tnfalpha,,"{""parenthetical"": [], ""dropped"": [], ""mutations"": [], ""mutation_classes"": []}",,[],9606,
tnfalpha,CHEMBL1825,P01375,tnfalpha,tnfalpha,tnfalpha,,"{""parenthetical"": [], ""dropped"": [], ""mutations"": [], ""mutation_classes"": []}",,[],9606,
tnfalpha,CHEMBL3706,P78536,tnfalpha,tnfalpha,tnfalpha,,"{""parenthetical"": [], ""dropped"": [], ""mutations"": [], ""mutation_classes"": []}",,[],9606,
tnfalpha,CHEMBL260,Q16539,tnfalpha,tnfalpha,tnfalpha,,"{""parenthetical"": [], ""dropped"": [], ""mutations"": [], ""mutation_classes"": []}",,[],9606,
tnfr1,CHEMBL1825,P01375,tnfr1,tnfr1,tnfr1,,"{""parenthetical"": [], ""dropped"": [], ""mutations"": [], ""mutation_classes"": []}",,[],9606,
tnfr2,CHEMBL1825,P01375,tnfr2,tnfr2,tnfr2,,"{""parenthetical"": [], ""dropped"": [], ""mutations"": [], ""mutation_classes"": []}",,[],9606,
tnik,CHEMBL4527,Q9UKE5,tnik,tnik,tnik,,"{""parenthetical"": [], ""dropped"": [], ""mutations"": [], ""mutation_classes"": []}",,[],9606,
tnik kinase domain,CHEMBL4527,Q9UKE5,tnik kinase domain,tnik kinase domain,tnik|kinase|domain,,"{""parenthetical"": [], ""dropped"": [], ""mutations"": [], ""mutation_classes"": []}",,[],9606,
tnks - 1,CHEMBL6164,O95271,tnks 1|tnks-1|tnks1,tnks 1|tnks-1|tnks1,tnks|1|tnks-1|tnks1,,"{""parenthetical"": [], ""dropped"": [], ""mutations"": [], ""mutation_classes"": []}",,[],9606,
tnks - 2,CHEMBL6154,Q9H2K2,tnks 2|tnks-2|tnks2,tnks 2|tnks-2|tnks2,tnks|2|tnks-2|tnks2,,"{""parenthetical"": [], ""dropped"": [], ""mutations"": [], ""mutation_classes"": []}",,[],9606,
tnks sam - parp domain,CHEMBL6164,O95271,tnks sam parp domain|tnks sam-parp domain|sam-parp|tnks samparp domain|samparp,tnks sam parp domain|tnks sam-parp domain|sam-parp|tnks samparp domain|samparp,tnks|sam|parp|domain|sam-parp|samparp,,"{""parenthetical"": [], ""dropped"": [], ""mutations"": [], ""mutation_classes"": []}",,[],9606,
tnks1,CHEMBL6164,O95271,tnks1,tnks1,tnks1,,"{""parenthetical"": [], ""dropped"": [], ""mutations"": [], ""mutation_classes"": []}",,[],9606,
tnks1 sam - art domain,CHEMBL6164,O95271,tnks1 sam art domain|tnks1 sam-art domain|sam-art|tnks1 samart domain|samart,tnks1 sam art domain|tnks1 sam-art domain|sam-art|tnks1 samart domain|samart,tnks1|sam|art|domain|sam-art|samart,,"{""parenthetical"": [], ""dropped"": [], ""mutations"": [], ""mutation_classes"": []}",,[],9606,
tnks2,CHEMBL6154,Q9H2K2,tnks2,tnks2,tnks2,,"{""parenthetical"": [], ""dropped"": [], ""mutations"": [], ""mutation_classes"": []}",,[],9606,
tnks2 arc5 - sam - parp,CHEMBL6154,Q9H2K2,tnks2 arc5 sam parp|tnks2 arc5-sam-parp|arc5-sam-parp|tnks2 arc5samparp|arc5samparp,tnks2 arc5 sam parp|tnks2 arc5-sam-parp|arc5-sam-parp|tnks2 arc5samparp|arc5samparp,tnks2|arc5|sam|parp|arc5-sam-parp|arc5samparp,,"{""parenthetical"": [], ""dropped"": [], ""mutations"": [], ""mutation_classes"": []}",,[],9606,
tnks2 art,CHEMBL6154,Q9H2K2,tnks2 art,tnks2 art,tnks2|art,,"{""parenthetical"": [], ""dropped"": [], ""mutations"": [], ""mutation_classes"": []}",,[],9606,
tnks2 parp,CHEMBL6154,Q9H2K2,tnks2 parp,tnks2 parp,tnks2|parp,,"{""parenthetical"": [], ""dropped"": [], ""mutations"": [], ""mutation_classes"": []}",,[],9606,
tnks2 parp domain,CHEMBL6154,Q9H2K2,tnks2 parp domain,tnks2 parp domain,tnks2|parp|domain,,"{""parenthetical"": [], ""dropped"": [], ""mutations"": [], ""mutation_classes"": []}",,[],9606,
tnks2 sam - parp domain,CHEMBL6154,Q9H2K2,tnks2 sam parp domain|tnks2 sam-parp domain|sam-parp|tnks2 samparp domain|samparp,tnks2 sam parp domain|tnks2 sam-parp domain|sam-parp|tnks2 samparp domain|samparp,tnks2|sam|parp|domain|sam-parp|samparp,,"{""parenthetical"": [], ""dropped"": [], ""mutations"": [], ""mutation_classes"": []}",,[],9606,
tnni3k,CHEMBL5260,Q59H18,tnni3k,tnni3k,tnni3k,,"{""parenthetical"": [], ""dropped"": [], ""mutations"": [], ""mutation_classes"": []}",,[],9606,
tnsk1,CHEMBL6164,O95271,tnsk1,tnsk1,tnsk1,,"{""parenthetical"": [], ""dropped"": [], ""mutations"": [], ""mutation_classes"": []}",,[],9606,
tnsk2,CHEMBL6154,Q9H2K2,tnsk2,tnsk2,tnsk2,,"{""parenthetical"": [], ""dropped"": [], ""mutations"": [], ""mutation_classes"": []}",,[],9606,
tonorepinephrine transporter,CHEMBL304,Q9WTR4,tonorepinephrine transporter,tonorepinephrine transporter,tonorepinephrine|transporter,,"{""parenthetical"": [], ""dropped"": [], ""mutations"": [], ""mutation_classes"": []}",,[],9606,
topk,CHEMBL4896,Q96KB5,topk,topk,topk,,"{""parenthetical"": [], ""dropped"": [], ""mutations"": [], ""mutation_classes"": []}",,[],9606,
topo 4,CHEMBL4088,P0C1U9,topo 4|topo4|topo-4,topo 4|topo4|topo-4,topo|4|topo4|topo-4,,"{""parenthetical"": [], ""dropped"": [], ""mutations"": [], ""mutation_classes"": []}",,[],9606,
topo2alpha,CHEMBL1806,P11388,topo2alpha,topo2alpha,topo2alpha,,"{""parenthetical"": [], ""dropped"": [], ""mutations"": [], ""mutation_classes"": []}",,[],9606,
topoisomerase - 2 alpha,CHEMBL1806,P11388,topoisomerase 2 alpha|topoisomerase-2 alpha|topoisomerase-2|topoisomerase2 alpha|topoisomerase2,topoisomerase 2 alpha|topoisomerase-2 alpha|topoisomerase-2|topoisomerase2 alpha|topoisomerase2,topoisomerase|2|alpha|topoisomerase-2|topoisomerase2,,"{""parenthetical"": [], ""dropped"": [], ""mutations"": [], ""mutation_classes"": []}",,[],9606,
topoisomerase - 2alpha,CHEMBL1806,P11388,topoisomerase 2alpha|topoisomerase-2alpha|topoisomerase2alpha,topoisomerase 2alpha|topoisomerase-2alpha|topoisomerase2alpha,topoisomerase|2alpha|topoisomerase-2alpha|topoisomerase2alpha,,"{""parenthetical"": [], ""dropped"": [], ""mutations"": [], ""mutation_classes"": []}",,[],9606,
topoisomerase - 2b,CHEMBL3396,Q02880,topoisomerase 2b|topoisomerase-2b|topoisomerase2b,topoisomerase 2b|topoisomerase-2b|topoisomerase2b,topoisomerase|2b|topoisomerase-2b|topoisomerase2b,,"{""parenthetical"": [], ""dropped"": [], ""mutations"": [], ""mutation_classes"": []}",,[],9606,
topoisomerase 1,CHEMBL1781,P11387,topoisomerase 1|topoisomerase1|topoisomerase-1,topoisomerase 1|topoisomerase1|topoisomerase-1,topoisomerase|1|topoisomerase1|topoisomerase-1,,"{""parenthetical"": [], ""dropped"": [], ""mutations"": [], ""mutation_classes"": []}",,[],9606,
topoisomerase 2,CHEMBL1806,P11388,topoisomerase 2|topoisomerase2|topoisomerase-2,topoisomerase 2|topoisomerase2|topoisomerase-2,topoisomerase|2|topoisomerase2|topoisomerase-2,,"{""parenthetical"": [], ""dropped"": [], ""mutations"": [], ""mutation_classes"": []}",,[],9606,
topoisomerase 2alpha,CHEMBL1806,P11388,topoisomerase 2alpha,topoisomerase 2alpha,topoisomerase|2alpha,,"{""parenthetical"": [], ""dropped"": [], ""mutations"": [], ""mutation_classes"": []}",,[],9606,
topoisomerase 2beta,CHEMBL3396,Q02880,topoisomerase 2beta,topoisomerase 2beta,topoisomerase|2beta,,"{""parenthetical"": [], ""dropped"": [], ""mutations"": [], ""mutation_classes"": []}",,[],9606,
topoisomerase 4,CHEMBL4088,P0C1U9,topoisomerase 4|topoisomerase4|topoisomerase-4,topoisomerase 4|topoisomerase4|topoisomerase-4,topoisomerase|4|topoisomerase4|topoisomerase-4,,"{""parenthetical"": [], ""dropped"": [], ""mutations"": [], ""mutation_classes"": []}",,[],9606,
topoisomerase ii beta,CHEMBL3396,Q02880,topoisomerase 2 beta|topoisomerase2 beta|topoisomerase2|topoisomerase-2 beta|topoisomerase-2,topoisomerase 2 beta|topoisomerase2 beta|topoisomerase2|topoisomerase-2 beta|topoisomerase-2,topoisomerase|2|beta|topoisomerase2|topoisomerase-2,,"{""parenthetical"": [], ""dropped"": [], ""mutations"": [], ""mutation_classes"": []}",,[],9606,
toxoplasma gondii,CHEMBL2425,Q07422,toxoplasma gondii,toxoplasma gondii,toxoplasma|gondii,,"{""parenthetical"": [], ""dropped"": [], ""mutations"": [], ""mutation_classes"": []}",,[],9606,
tpalpha,CHEMBL2069,P21731,tpalpha,tpalpha,tpalpha,,"{""parenthetical"": [], ""dropped"": [], ""mutations"": [], ""mutation_classes"": []}",,[],9606,
tpalpha ( short isoform ) receptor,CHEMBL2069,P21731,tpalpha,tpalpha receptor,tpalpha,tbxa2r tpalpha tpbeta,"{""parenthetical"": [""short isoform""], ""dropped"": [""receptor""], ""mutations"": [], ""mutation_classes"": []}",,[],9606,
tpbeta,CHEMBL2069,P21731,tpbeta,tpbeta,tpbeta,,"{""parenthetical"": [], ""dropped"": [], ""mutations"": [], ""mutation_classes"": []}",,[],9606,
tpbeta ( long isoform ) receptor,CHEMBL2069,P21731,tpbeta,tpbeta receptor,tpbeta,tbxa2r tpalpha tpbeta ednra,"{""parenthetical"": [""long isoform""], ""dropped"": [""receptor""], ""mutations"": [], ""mutation_classes"": []}",,[],9606,
tph1,CHEMBL5689,P17752,tph1,tph1,tph1,,"{""parenthetical"": [], ""dropped"": [], ""mutations"": [], ""mutation_classes"": []}",,[],9606,
tpl2,CHEMBL4899,P41279,tpl2,tpl2,tpl2,,"{""parenthetical"": [], ""dropped"": [], ""mutations"": [], ""mutation_classes"": []}",,[],9606,
tpl2 kinase,CHEMBL4899,P41279,tpl2 kinase,tpl2 kinase,tpl2|kinase,,"{""parenthetical"": [], ""dropped"": [], ""mutations"": [], ""mutation_classes"": []}",,[],9606,
tr - alpha - 1,CHEMBL1860,P10827,tr alpha 1|tr-alpha-1|tralpha1|tr alpha1|alpha1|tr alpha-1|alpha-1,tr alpha 1|tr-alpha-1|tralpha1|tr alpha1|alpha1|tr alpha-1|alpha-1,tr|alpha|1|tr-alpha-1|tralpha1|alpha1|alpha-1,,"{""parenthetical"": [], ""dropped"": [], ""mutations"": [], ""mutation_classes"": []}",,[],9606,
tr - beta - 1,CHEMBL1947,P10828,tr beta 1|tr-beta-1|trbeta1|tr beta1|beta1|tr beta-1|beta-1,tr beta 1|tr-beta-1|trbeta1|tr beta1|beta1|tr beta-1|beta-1,tr|beta|1|tr-beta-1|trbeta1|beta1|beta-1,,"{""parenthetical"": [], ""dropped"": [], ""mutations"": [], ""mutation_classes"": []}",,[],9606,
trafalpha,CHEMBL1860,P10827,trafalpha,trafalpha,trafalpha,,"{""parenthetical"": [], ""dropped"": [], ""mutations"": [], ""mutation_classes"": []}",,[],9606,
trafbeta,CHEMBL1947,P10828,trafbeta,trafbeta,trafbeta,,"{""parenthetical"": [], ""dropped"": [], ""mutations"": [], ""mutation_classes"": []}",,[],9606,
tralpha1,CHEMBL1860,P10827,tralpha1,tralpha1,tralpha1,,"{""parenthetical"": [], ""dropped"": [], ""mutations"": [], ""mutation_classes"": []}",,[],9606,
transient receptor potential vanilloid 1 receptor,CHEMBL5102,O35433,transient potential vanilloid 1|transient potential vanilloid1|vanilloid1|transient potential vanilloid-1|vanilloid-1,transient receptor potential vanilloid 1|transient receptor potential vanilloid1|vanilloid1|transient receptor potential vanilloid-1|vanilloid-1,transient|potential|vanilloid|1|vanilloid1|vanilloid-1,trpv1 vr1,"{""parenthetical"": [], ""dropped"": [""receptor"", ""receptor""], ""mutations"": [], ""mutation_classes"": []}",,[],9606,
transient receptor potential vanilloid 1 receptor,CHEMBL4794,Q8NER1,transient potential vanilloid 1|transient potential vanilloid1|vanilloid1|transient potential vanilloid-1|vanilloid-1,transient receptor potential vanilloid 1|transient receptor potential vanilloid1|vanilloid1|transient receptor potential vanilloid-1|vanilloid-1,transient|potential|vanilloid|1|vanilloid1|vanilloid-1,trpv1 vr1,"{""parenthetical"": [], ""dropped"": [""receptor"", ""receptor""], ""mutations"": [], ""mutation_classes"": []}",,[],9606,
transient receptor potential vanilloid type 1,CHEMBL4794,Q8NER1,transient potential vanilloid type 1|transient potential vanilloid type1|type1|transient potential vanilloid type-1|type-1,transient receptor potential vanilloid type 1|transient receptor potential vanilloid type1|type1|transient receptor potential vanilloid type-1|type-1,transient|potential|vanilloid|type|1|type1|type-1,trpv1 vr1,"{""parenthetical"": [], ""dropped"": [""receptor""], ""mutations"": [], ""mutation_classes"": []}",,[],9606,
transthyretin,CHEMBL3194,P02766,transthyretin,transthyretin,transthyretin,,"{""parenthetical"": [], ""dropped"": [], ""mutations"": [], ""mutation_classes"": []}",,[],9606,
transthyretin v30m mutant,CHEMBL3194,P02766,transthyretin v30m,transthyretin v30m,transthyretin|v30m,,"{""parenthetical"": [], ""dropped"": [], ""mutations"": [""mutant""], ""mutation_classes"": [""NONE""]}",NONE,[],9606,
trap1,CHEMBL1075132,Q12931,trap1,trap1,trap1,,"{""parenthetical"": [], ""dropped"": [], ""mutations"": [], ""mutation_classes"": []}",,[],9606,
trar receptor,CHEMBL5865,P33905,trar,trar receptor,trar,,"{""parenthetical"": [], ""dropped"": [""receptor""], ""mutations"": [], ""mutation_classes"": []}",,[],9606,
trbeta1,CHEMBL1947,P10828,trbeta1,trbeta1,trbeta1,,"{""parenthetical"": [], ""dropped"": [], ""mutations"": [], ""mutation_classes"": []}",,[],9606,
trk - a,CHEMBL2815,P04629,trk a|trk-a|trka,trk a|trk-a|trka,trk|a|trk-a|trka,,"{""parenthetical"": [], ""dropped"": [], ""mutations"": [], ""mutation_classes"": []}",,[],9606,
trk - b,CHEMBL4898,Q16620,trk b|trk-b|trkb,trk b|trk-b|trkb,trk|b|trk-b|trkb,,"{""parenthetical"": [], ""dropped"": [], ""mutations"": [], ""mutation_classes"": []}",,[],9606,
trk - c,CHEMBL5608,Q16288,trk c|trk-c|trkc,trk c|trk-c|trkc,trk|c|trk-c|trkc,,"{""parenthetical"": [], ""dropped"": [], ""mutations"": [], ""mutation_classes"": []}",,[],9606,
trk a,CHEMBL2815,P04629,trk a,trk a,trk|a,,"{""parenthetical"": [], ""dropped"": [], ""mutations"": [], ""mutation_classes"": []}",,[],9606,
trk a tyrosine,CHEMBL2815,P04629,trk a tyrosine,trk a tyrosine,trk|a|tyrosine,,"{""parenthetical"": [], ""dropped"": [], ""mutations"": [], ""mutation_classes"": []}",,[],9606,
trka,CHEMBL2815,P04629,trka,trka,trka,,"{""parenthetical"": [], ""dropped"": [], ""mutations"": [], ""mutation_classes"": []}",,[],9606,
trka cytoplasmic,CHEMBL2815,P04629,trka cytoplasmic,trka cytoplasmic,trka|cytoplasmic,,"{""parenthetical"": [], ""dropped"": [], ""mutations"": [], ""mutation_classes"": []}",,[],9606,
trka cytoplasmic domain,CHEMBL2815,P04629,trka cytoplasmic domain,trka cytoplasmic domain,trka|cytoplasmic|domain,,"{""parenthetical"": [], ""dropped"": [], ""mutations"": [], ""mutation_classes"": []}",,[],9606,
trka e735a mutant,CHEMBL2815,P04629,trka e735a,trka e735a,trka|e735a,,"{""parenthetical"": [], ""dropped"": [], ""mutations"": [""mutant""], ""mutation_classes"": [""NONE""]}",NONE,[],9606,
trka g595r mutant,CHEMBL2815,P04629,trka g595r,trka g595r,trka|g595r,,"{""parenthetical"": [], ""dropped"": [], ""mutations"": [""mutant""], ""mutation_classes"": [""NONE""]}",NONE,[],9606,
trka g667c mutant,CHEMBL2815,P04629,trka g667c,trka g667c,trka|g667c,,"{""parenthetical"": [], ""dropped"": [], ""mutations"": [""mutant""], ""mutation_classes"": [""NONE""]}",NONE,[],9606,
trka gs95r mutant,CHEMBL2815,P04629,trka gs95r,trka gs95r,trka|gs95r,,"{""parenthetical"": [], ""dropped"": [], ""mutations"": [""mutant""], ""mutation_classes"": [""NONE""]}",NONE,[],9606,
trka kinase,CHEMBL2815,P04629,trka kinase,trka kinase,trka|kinase,,"{""parenthetical"": [], ""dropped"": [], ""mutations"": [], ""mutation_classes"": []}",,[],9606,
trka kinase domain,CHEMBL2815,P04629,trka kinase domain,trka kinase domain,trka|kinase|domain,,"{""parenthetical"": [], ""dropped"": [], ""mutations"": [], ""mutation_classes"": []}",,[],9606,
trkb,CHEMBL4898,Q16620,trkb,trkb,trkb,,"{""parenthetical"": [], ""dropped"": [], ""mutations"": [], ""mutation_classes"": []}",,[],9606,
trkc,CHEMBL5608,Q16288,trkc,trkc,trkc,,"{""parenthetical"": [], ""dropped"": [], ""mutations"": [], ""mutation_classes"": []}",,[],9606,
trkc cytoplasmic,CHEMBL5608,Q16288,trkc cytoplasmic,trkc cytoplasmic,trkc|cytoplasmic,,"{""parenthetical"": [], ""dropped"": [], ""mutations"": [], ""mutation_classes"": []}",,[],9606,
trmp8 receptor,CHEMBL5011,Q8R455,trmp8,trmp8 receptor,trmp8,trpm8,"{""parenthetical"": [], ""dropped"": [""receptor""], ""mutations"": [], ""mutation_classes"": []}",,[],9606,
trpa1,CHEMBL6007,O75762,trpa1,trpa1,trpa1,trpa1,"{""parenthetical"": [], ""dropped"": [], ""mutations"": [], ""mutation_classes"": []}",,[],9606,
trpa1,CHEMBL5160,Q6RI86,trpa1,trpa1,trpa1,trpa1,"{""parenthetical"": [], ""dropped"": [], ""mutations"": [], ""mutation_classes"": []}",,[],9606,
trpa1 channel,CHEMBL6007,O75762,trpa1,trpa1 channel,trpa1,trpa1,"{""parenthetical"": [], ""dropped"": [""channel""], ""mutations"": [], ""mutation_classes"": []}",,[],9606,
trpc3,CHEMBL2417348,Q13507,trpc3,trpc3,trpc3,trpc3,"{""parenthetical"": [], ""dropped"": [], ""mutations"": [], ""mutation_classes"": []}",,[],9606,
trpm2,CHEMBL1250402,O94759,trpm2,trpm2,trpm2,trpm2,"{""parenthetical"": [], ""dropped"": [], ""mutations"": [], ""mutation_classes"": []}",,[],9606,
trpm8,CHEMBL1075319,Q7Z2W7,trpm8,trpm8,trpm8,trpm8,"{""parenthetical"": [], ""dropped"": [], ""mutations"": [], ""mutation_classes"": []}",,[],9606,
trpm8,CHEMBL5011,Q8R455,trpm8,trpm8,trpm8,trpm8,"{""parenthetical"": [], ""dropped"": [], ""mutations"": [], ""mutation_classes"": []}",,[],9606,
trpm8 receptor,CHEMBL1075319,Q7Z2W7,trpm8,trpm8 receptor,trpm8,trpm8,"{""parenthetical"": [], ""dropped"": [""receptor""], ""mutations"": [], ""mutation_classes"": []}",,[],9606,
trpv1,CHEMBL5102,O35433,trpv1,trpv1,trpv1,trpv1,"{""parenthetical"": [], ""dropped"": [], ""mutations"": [], ""mutation_classes"": []}",,[],9606,
trpv1,CHEMBL4794,Q8NER1,trpv1,trpv1,trpv1,trpv1,"{""parenthetical"": [], ""dropped"": [], ""mutations"": [], ""mutation_classes"": []}",,[],9606,
trpv1 receptor,CHEMBL5102,O35433,trpv1,trpv1 receptor,trpv1,trpv1 vr1,"{""parenthetical"": [], ""dropped"": [""receptor""], ""mutations"": [], ""mutation_classes"": []}",,[],9606,
trpv1 receptor,CHEMBL4794,Q8NER1,trpv1,trpv1 receptor,trpv1,trpv1 vr1,"{""parenthetical"": [], ""dropped"": [""receptor""], ""mutations"": [], ""mutation_classes"": []}",,[],9606,
trpv4,CHEMBL6126,Q9EPK8,trpv4,trpv4,trpv4,trpv4,"{""parenthetical"": [], ""dropped"": [], ""mutations"": [], ""mutation_classes"": []}",,[],9606,
trpv4,CHEMBL2775,Q9ERZ8,trpv4,trpv4,trpv4,trpv4,"{""parenthetical"": [], ""dropped"": [], ""mutations"": [], ""mutation_classes"": []}",,[],9606,
trpv4,CHEMBL3119,Q9HBA0,trpv4,trpv4,trpv4,trpv4,"{""parenthetical"": [], ""dropped"": [], ""mutations"": [], ""mutation_classes"": []}",,[],9606,
trpv4 channel,CHEMBL3119,Q9HBA0,trpv4,trpv4 channel,trpv4,trpv4,"{""parenthetical"": [], ""dropped"": [""channel""], ""mutations"": [], ""mutation_classes"": []}",,[],9606,
trxr,CHEMBL1927,Q16881,trxr,trxr,trxr,,"{""parenthetical"": [], ""dropped"": [], ""mutations"": [], ""mutation_classes"": []}",,[],9606,
trypanothione reductase,CHEMBL5131,P28593,trypanothione reductase,trypanothione reductase,trypanothione|reductase,,"{""parenthetical"": [], ""dropped"": [], ""mutations"": [], ""mutation_classes"": []}",,[],9606,
trypanothione reductase ( tctr ),CHEMBL5131,P28593,trypanothione reductase,trypanothione reductase,trypanothione|reductase,,"{""parenthetical"": [""tctr""], ""dropped"": [], ""mutations"": [], ""mutation_classes"": []}",,[],9606,
trypsin,CHEMBL3769,P00760,trypsin,trypsin,trypsin,,"{""parenthetical"": [], ""dropped"": [], ""mutations"": [], ""mutation_classes"": []}",,[],9606,
tryptase beta,CHEMBL2617,Q15661,tryptase beta,tryptase beta,tryptase|beta,,"{""parenthetical"": [], ""dropped"": [], ""mutations"": [], ""mutation_classes"": []}",,[],9606,
tryptase beta 2,CHEMBL2617,Q15661,tryptase beta 2|tryptase beta2|beta2|tryptase beta-2|beta-2,tryptase beta 2|tryptase beta2|beta2|tryptase beta-2|beta-2,tryptase|beta|2|beta2|beta-2,,"{""parenthetical"": [], ""dropped"": [], ""mutations"": [], ""mutation_classes"": []}",,[],9606,
tryptase beta2,CHEMBL2617,Q15661,tryptase beta2,tryptase beta2,tryptase|beta2,,"{""parenthetical"": [], ""dropped"": [], ""mutations"": [], ""mutation_classes"": []}",,[],9606,
ts,CHEMBL1952,P04818,ts,ts,ts,,"{""parenthetical"": [], ""dropped"": [], ""mutations"": [], ""mutation_classes"": []}",,[],9606,
ts,CHEMBL2425,Q07422,ts,ts,ts,,"{""parenthetical"": [], ""dropped"": [], ""mutations"": [], ""mutation_classes"": []}",,[],9606,
ts - dhfr,CHEMBL2425,Q07422,ts dhfr|ts-dhfr|tsdhfr,ts dhfr|ts-dhfr|tsdhfr,ts|dhfr|ts-dhfr|tsdhfr,,"{""parenthetical"": [], ""dropped"": [], ""mutations"": [], ""mutation_classes"": []}",,[],9606,
tspo,CHEMBL4552,P16257,tspo,tspo,tspo,,"{""parenthetical"": [], ""dropped"": [], ""mutations"": [], ""mutation_classes"": []}",,[],9606,
tspo,CHEMBL5742,P30536,tspo,tspo,tspo,,"{""parenthetical"": [], ""dropped"": [], ""mutations"": [], ""mutation_classes"": []}",,[],9606,
tspo a147t mutant,CHEMBL5742,P30536,tspo a147t,tspo a147t,tspo|a147t,,"{""parenthetical"": [], ""dropped"": [], ""mutations"": [""mutant""], ""mutation_classes"": [""NONE""]}",NONE,[],9606,
tssk2,CHEMBL6014,Q96PF2,tssk2,tssk2,tssk2,,"{""parenthetical"": [], ""dropped"": [], ""mutations"": [], ""mutation_classes"": []}",,[],9606,
tssk3,CHEMBL3414416,Q96PN8,tssk3,tssk3,tssk3,,"{""parenthetical"": [], ""dropped"": [], ""mutations"": [], ""mutation_classes"": []}",,[],9606,
ttk,CHEMBL3983,P33981,ttk,ttk,ttk,,"{""parenthetical"": [], ""dropped"": [], ""mutations"": [], ""mutation_classes"": []}",,[],9606,
ttr,CHEMBL3194,P02766,ttr,ttr,ttr,,"{""parenthetical"": [], ""dropped"": [], ""mutations"": [], ""mutation_classes"": []}",,[],9606,
ttr v30m,CHEMBL3194,P02766,ttr v30m,ttr v30m,ttr|v30m,,"{""parenthetical"": [], ""dropped"": [], ""mutations"": [], ""mutation_classes"": []}",,[],9606,
ttr v30m mutant,CHEMBL3194,P02766,ttr v30m,ttr v30m,ttr|v30m,,"{""parenthetical"": [], ""dropped"": [], ""mutations"": [""mutant""], ""mutation_classes"": [""NONE""]}",NONE,[],9606,
ttr v3om mutant,CHEMBL3194,P02766,ttr v3om,ttr v3om,ttr|v3om,,"{""parenthetical"": [], ""dropped"": [], ""mutations"": [""mutant""], ""mutation_classes"": [""NONE""]}",NONE,[],9606,
tubulin beta,CHEMBL5444,P07437,tubulin beta,tubulin beta,tubulin|beta,,"{""parenthetical"": [], ""dropped"": [], ""mutations"": [], ""mutation_classes"": []}",,[],9606,
tumor necrosis factor - alpha converting enzyme,CHEMBL3706,P78536,tumor necrosis factor alpha converting enzyme|tumor necrosis factor-alpha converting enzyme|factor-alpha|tumor necrosis factoralpha converting enzyme|factoralpha,tumor necrosis factor alpha converting enzyme|tumor necrosis factor-alpha converting enzyme|factor-alpha|tumor necrosis factoralpha converting enzyme|factoralpha,tumor|necrosis|factor|alpha|converting|enzyme|factor-alpha|factoralpha,,"{""parenthetical"": [], ""dropped"": [], ""mutations"": [], ""mutation_classes"": []}",,[],9606,
tumor necrosis factor alpha converting enzyme,CHEMBL3706,P78536,tumor necrosis factor alpha converting enzyme,tumor necrosis factor alpha converting enzyme,tumor|necrosis|factor|alpha|converting|enzyme,,"{""parenthetical"": [], ""dropped"": [], ""mutations"": [], ""mutation_classes"": []}",,[],9606,
txa2 synthetase,CHEMBL1835,P24557,txa2 synthetase,txa2 synthetase,txa2|synthetase,,"{""parenthetical"": [], ""dropped"": [], ""mutations"": [], ""mutation_classes"": []}",,[],9606,
txk,CHEMBL4367,P42681,txk,txk,txk,,"{""parenthetical"": [], ""dropped"": [], ""mutations"": [], ""mutation_classes"": []}",,[],9606,
tyk1,CHEMBL5627,P29376,tyk1,tyk1,tyk1,,"{""parenthetical"": [], ""dropped"": [], ""mutations"": [], ""mutation_classes"": []}",,[],9606,
tyk2,CHEMBL3553,P29597,tyk2,tyk2,tyk2,,"{""parenthetical"": [], ""dropped"": [], ""mutations"": [], ""mutation_classes"": []}",,[],9606,
tyk2 jh1 domain,CHEMBL3553,P29597,tyk2 jh1 domain,tyk2 jh1 domain,tyk2|jh1|domain,,"{""parenthetical"": [], ""dropped"": [], ""mutations"": [], ""mutation_classes"": []}",,[],9606,
tyk2 jh1 kinase domain,CHEMBL3553,P29597,tyk2 jh1 kinase domain,tyk2 jh1 kinase domain,tyk2|jh1|kinase|domain,,"{""parenthetical"": [], ""dropped"": [], ""mutations"": [], ""mutation_classes"": []}",,[],9606,
tyk2 jh2 domain,CHEMBL3553,P29597,tyk2 jh2 domain,tyk2 jh2 domain,tyk2|jh2|domain,,"{""parenthetical"": [], ""dropped"": [], ""mutations"": [], ""mutation_classes"": []}",,[],9606,
tyk2 kinase,CHEMBL3553,P29597,tyk2 kinase,tyk2 kinase,tyk2|kinase,,"{""parenthetical"": [], ""dropped"": [], ""mutations"": [], ""mutation_classes"": []}",,[],9606,
tyk2 kinase domain,CHEMBL3553,P29597,tyk2 kinase domain,tyk2 kinase domain,tyk2|kinase|domain,,"{""parenthetical"": [], ""dropped"": [], ""mutations"": [], ""mutation_classes"": []}",,[],9606,
tyk2 pseudokinase domain,CHEMBL3553,P29597,tyk2 pseudokinase domain,tyk2 pseudokinase domain,tyk2|pseudokinase|domain,,"{""parenthetical"": [], ""dropped"": [], ""mutations"": [], ""mutation_classes"": []}",,[],9606,
tyk2 pseudokinase jh2 domain,CHEMBL3553,P29597,tyk2 pseudokinase jh2 domain,tyk2 pseudokinase jh2 domain,tyk2|pseudokinase|jh2|domain,,"{""parenthetical"": [], ""dropped"": [], ""mutations"": [], ""mutation_classes"": []}",,[],9606,
type - 2 angiotensin - 2 receptor,CHEMBL4607,P50052,type 2 angiotensin 2|type-2 angiotensin 2|type-2|type2 angiotensin 2|type2|type 2 angiotensin-2|angiotensin-2|type 2 angiotensin2|angiotensin2,type 2 angiotensin receptor|type-2 angiotensin receptor|type-2|type2 angiotensin receptor|type2|angiotensin-2|angiotensin2,type|2|angiotensin|type-2|type2|angiotensin-2|angiotensin2,,"{""parenthetical"": [], ""dropped"": [""receptor""], ""mutations"": [], ""mutation_classes"": []}",,[],9606,
type 1 5alpha reductase,CHEMBL1787,P18405,type 1 5alpha reductase|type1 5alpha reductase|type1|type-1 5alpha reductase|type-1,type 1 5alpha reductase|type1 5alpha reductase|type1|type-1 5alpha reductase|type-1,type|1|5alpha|reductase|type1|type-1,,"{""parenthetical"": [], ""dropped"": [], ""mutations"": [], ""mutation_classes"": []}",,[],9606,
type 2 5alpha reductase,CHEMBL1856,P31213,type 2 5alpha reductase|type2 5alpha reductase|type2|type-2 5alpha reductase|type-2,type 2 5alpha reductase|type2 5alpha reductase|type2|type-2 5alpha reductase|type-2,type|2|5alpha|reductase|type2|type-2,,"{""parenthetical"": [], ""dropped"": [], ""mutations"": [], ""mutation_classes"": []}",,[],9606,
type 3 3 - alpha - hsd,CHEMBL5847,P52895,type 3 3 alpha hsd|type 3 3-alpha-hsd|3-alpha-hsd|type 3 3alphahsd|3alphahsd|type3 3 alpha hsd|type3|type-3 3 alpha hsd|type-3,type 3 alpha hsd|type 3-alpha-hsd|3-alpha-hsd|type 3alphahsd|3alphahsd|type3 alpha hsd|type3|type-3 alpha hsd|type-3,type|3|alpha|hsd|3-alpha-hsd|3alphahsd|type3|type-3,,"{""parenthetical"": [], ""dropped"": [], ""mutations"": [], ""mutation_classes"": []}",,[],9606,
tyro3,CHEMBL5314,Q06418,tyro3,tyro3,tyro3,,"{""parenthetical"": [], ""dropped"": [], ""mutations"": [], ""mutation_classes"": []}",,[],9606,
tyro3 cytoplasmic,CHEMBL5314,Q06418,tyro3 cytoplasmic,tyro3 cytoplasmic,tyro3|cytoplasmic,,"{""parenthetical"": [], ""dropped"": [], ""mutations"": [], ""mutation_classes"": []}",,[],9606,
tyrosinase,CHEMBL3318,O42713,tyrosinase,tyrosinase,tyrosinase,,"{""parenthetical"": [], ""dropped"": [], ""mutations"": [], ""mutation_classes"": []}",,[],9606,
tyrosinase,CHEMBL5346,P11344,tyrosinase,tyrosinase,tyrosinase,,"{""parenthetical"": [], ""dropped"": [], ""mutations"": [], ""mutation_classes"": []}",,[],9606,
tyrosinase,CHEMBL1973,P14679,tyrosinase,tyrosinase,tyrosinase,,"{""parenthetical"": [], ""dropped"": [], ""mutations"": [], ""mutation_classes"": []}",,[],9606,
tyrosinase polyphenol oxidase,CHEMBL3318,O42713,tyrosinase polyphenol oxidase,tyrosinase polyphenol oxidase,tyrosinase|polyphenol|oxidase,,"{""parenthetical"": [], ""dropped"": [], ""mutations"": [], ""mutation_classes"": []}",,[],9606,
tyrosine aminotransferase,CHEMBL3368,P06536,tyrosine aminotransferase,tyrosine aminotransferase,tyrosine|aminotransferase,oxtr,"{""parenthetical"": [], ""dropped"": [], ""mutations"": [], ""mutation_classes"": []}",,[],9606,
tyrosine aminotransferase ( tat ),CHEMBL3368,P06536,tyrosine aminotransferase tat|tat,tyrosine aminotransferase tat|tat,tyrosine|aminotransferase|tat,oxtr,"{""parenthetical"": [""tat""], ""dropped"": [], ""mutations"": [], ""mutation_classes"": []}",,[],9606,
tyrosine kinase 2 kinase,CHEMBL3553,P29597,tyrosine kinase 2 kinase|tyrosine kinase2 kinase|kinase2|tyrosine kinase-2 kinase|kinase-2,tyrosine kinase 2|tyrosine kinase2|kinase2|tyrosine kinase-2|kinase-2,tyrosine|kinase|2|kinase2|kinase-2,,"{""parenthetical"": [], ""dropped"": [], ""mutations"": [], ""mutation_classes"": []}",,[],9606,
tyrosyl - dna phosphodiesterase 1,CHEMBL1075138,Q9NUW8,tyrosyl dna phosphodiesterase 1|tyrosyl-dna phosphodiesterase 1|tyrosyl-dna|tyrosyldna phosphodiesterase 1|tyrosyldna|tyrosyl dna phosphodiesterase1|phosphodiesterase1|tyrosyl dna phosphodiesterase-1|phosphodiesterase-1,tyrosyl dna phosphodiesterase 1|tyrosyl-dna phosphodiesterase 1|tyrosyl-dna|tyrosyldna phosphodiesterase 1|tyrosyldna|tyrosyl dna phosphodiesterase1|phosphodiesterase1|tyrosyl dna phosphodiesterase-1|phosphodiesterase-1,tyrosyl|dna|phosphodiesterase|1|tyrosyl-dna|tyrosyldna|phosphodiesterase1|phosphodiesterase-1,,"{""parenthetical"": [], ""dropped"": [], ""mutations"": [], ""mutation_classes"": []}",,[],9606,
ulk1,CHEMBL6006,O75385,ulk1,ulk1,ulk1,,"{""parenthetical"": [], ""dropped"": [], ""mutations"": [], ""mutation_classes"": []}",,[],9606,
ulk1 kinase,CHEMBL6006,O75385,ulk1 kinase,ulk1 kinase,ulk1|kinase,,"{""parenthetical"": [], ""dropped"": [], ""mutations"": [], ""mutation_classes"": []}",,[],9606,
ulk1 kinase domain,CHEMBL6006,O75385,ulk1 kinase domain,ulk1 kinase domain,ulk1|kinase|domain,,"{""parenthetical"": [], ""dropped"": [], ""mutations"": [], ""mutation_classes"": []}",,[],9606,
ulk2,CHEMBL5435,Q8IYT8,ulk2,ulk2,ulk2,,"{""parenthetical"": [], ""dropped"": [], ""mutations"": [], ""mutation_classes"": []}",,[],9606,
ulk3,CHEMBL5047,Q6PHR2,ulk3,ulk3,ulk3,,"{""parenthetical"": [], ""dropped"": [], ""mutations"": [], ""mutation_classes"": []}",,[],9606,
upa,CHEMBL3286,P00749,upa,upa,upa,,"{""parenthetical"": [], ""dropped"": [], ""mutations"": [], ""mutation_classes"": []}",,[],9606,
urat1,CHEMBL6120,Q96S37,urat1,urat1,urat1,,"{""parenthetical"": [], ""dropped"": [], ""mutations"": [], ""mutation_classes"": []}",,[],9606,
urease,CHEMBL4161,P07374,urease,urease,urease,,"{""parenthetical"": [], ""dropped"": [], ""mutations"": [], ""mutation_classes"": []}",,[],9606,
urokinase plasminogen activator,CHEMBL3286,P00749,urokinase plasminogen activator,urokinase plasminogen activator,urokinase|plasminogen|activator,,"{""parenthetical"": [], ""dropped"": [], ""mutations"": [], ""mutation_classes"": []}",,[],9606,
urokinase type plasminogen activator,CHEMBL3286,P00749,urokinase type plasminogen activator,urokinase type plasminogen activator,urokinase|type|plasminogen|activator,,"{""parenthetical"": [], ""dropped"": [], ""mutations"": [], ""mutation_classes"": []}",,[],9606,
urokinase type plasminogen activator ( micropa ),CHEMBL3286,P00749,urokinase type plasminogen activator,urokinase type plasminogen activator,urokinase|type|plasminogen|activator,,"{""parenthetical"": [""micropa""], ""dropped"": [], ""mutations"": [], ""mutation_classes"": []}",,[],9606,
urotensin - 2 receptor,CHEMBL4921,P49684,urotensin 2|urotensin-2|urotensin2,urotensin 2 receptor|urotensin-2 receptor|urotensin-2|urotensin2 receptor|urotensin2,urotensin|2|urotensin-2|urotensin2,uts2r,"{""parenthetical"": [], ""dropped"": [""receptor""], ""mutations"": [], ""mutation_classes"": []}",,[],9606,
urotensin 2,CHEMBL3764,Q9UKP6,urotensin 2|urotensin2|urotensin-2,urotensin 2|urotensin2|urotensin-2,urotensin|2|urotensin2|urotensin-2,,"{""parenthetical"": [], ""dropped"": [], ""mutations"": [], ""mutation_classes"": []}",,[],9606,
urotensin 2 receptor,CHEMBL3764,Q9UKP6,urotensin 2|urotensin2|urotensin-2,urotensin 2 receptor|urotensin2 receptor|urotensin2|urotensin-2 receptor|urotensin-2,urotensin|2|urotensin2|urotensin-2,uts2r,"{""parenthetical"": [], ""dropped"": [""receptor""], ""mutations"": [], ""mutation_classes"": []}",,[],9606,
urotensin2 receptor,CHEMBL3764,Q9UKP6,urotensin2,urotensin2 receptor,urotensin2,,"{""parenthetical"": [], ""dropped"": [""receptor""], ""mutations"": [], ""mutation_classes"": []}",,[],9606,
usp14,CHEMBL1293295,P54578,usp14,usp14,usp14,,"{""parenthetical"": [], ""dropped"": [], ""mutations"": [], ""mutation_classes"": []}",,[],9606,
usp7,CHEMBL2157850,Q93009,usp7,usp7,usp7,,"{""parenthetical"": [], ""dropped"": [], ""mutations"": [], ""mutation_classes"": []}",,[],9606,
usp9x,CHEMBL2406899,Q93008,usp9x,usp9x,usp9x,,"{""parenthetical"": [], ""dropped"": [], ""mutations"": [], ""mutation_classes"": []}",,[],9606,
ut - b,CHEMBL2163171,Q8VHL0,ut b|ut-b|utb,ut b|ut-b|utb,ut|b|ut-b|utb,,"{""parenthetical"": [], ""dropped"": [], ""mutations"": [], ""mutation_classes"": []}",,[],9606,
v - abl tyrosine kinase,CHEMBL1862,P00519,v abl tyrosine kinase|v-abl tyrosine kinase|v-abl|vabl tyrosine kinase|vabl,v abl tyrosine kinase|v-abl tyrosine kinase|v-abl|vabl tyrosine kinase|vabl,v|abl|tyrosine|kinase|v-abl|vabl,,"{""parenthetical"": [], ""dropped"": [], ""mutations"": [], ""mutation_classes"": []}",,[],9606,
v - parp,CHEMBL6142,Q9UKK3,v parp|v-parp|vparp,v parp|v-parp|vparp,v|parp|v-parp|vparp,,"{""parenthetical"": [], ""dropped"": [], ""mutations"": [], ""mutation_classes"": []}",,[],9606,
v1a receptor,CHEMBL2868,P30560,v1a,v1a receptor,v1a,avpr1a,"{""parenthetical"": [], ""dropped"": [""receptor""], ""mutations"": [], ""mutation_classes"": []}",,[],9606,
v1a receptor,CHEMBL1889,P37288,v1a,v1a receptor,v1a,avpr1a,"{""parenthetical"": [], ""dropped"": [""receptor""], ""mutations"": [], ""mutation_classes"": []}",,[],9606,
v1ar,CHEMBL1889,P37288,v1ar,v1ar,v1ar,,"{""parenthetical"": [], ""dropped"": [], ""mutations"": [], ""mutation_classes"": []}",,[],9606,
v2 receptor,CHEMBL1790,P30518,v2,v2 receptor,v2,avpr2,"{""parenthetical"": [], ""dropped"": [""receptor""], ""mutations"": [], ""mutation_classes"": []}",,[],9606,
v2 receptor,CHEMBL3766,Q00788,v2,v2 receptor,v2,avpr2,"{""parenthetical"": [], ""dropped"": [""receptor""], ""mutations"": [], ""mutation_classes"": []}",,[],9606,
v2r,CHEMBL1790,P30518,v2r,v2r,v2r,,"{""parenthetical"": [], ""dropped"": [], ""mutations"": [], ""mutation_classes"": []}",,[],9606,
vacht,CHEMBL3313,P81721,vacht,vacht,vacht,,"{""parenthetical"": [], ""dropped"": [], ""mutations"": [], ""mutation_classes"": []}",,[],9606,
vacht,CHEMBL2125,Q62666,vacht,vacht,vacht,,"{""parenthetical"": [], ""dropped"": [], ""mutations"": [], ""mutation_classes"": []}",,[],9606,
vanilloid receptor 1,CHEMBL4794,Q8NER1,vanilloid 1|receptor1|receptor-1,vanilloid receptor 1|vanilloid receptor1|receptor1|vanilloid receptor-1|receptor-1,vanilloid|1|receptor1|receptor-1,,"{""parenthetical"": [], ""dropped"": [""receptor""], ""mutations"": [], ""mutation_classes"": []}",,[],9606,
vanilloid receptor subtype vr1,CHEMBL4794,Q8NER1,vanilloid subtype vr1,vanilloid receptor subtype vr1,vanilloid|subtype|vr1,trpv1 vr1,"{""parenthetical"": [], ""dropped"": [""receptor""], ""mutations"": [], ""mutation_classes"": []}",,[],9606,
vascular endothelial growth factor receptor 2,CHEMBL279,P35968,vascular endothelial growth factor 2|receptor2|receptor-2,vascular endothelial growth factor receptor 2|vascular endothelial growth factor receptor2|receptor2|vascular endothelial growth factor receptor-2|receptor-2,vascular|endothelial|growth|factor|2|receptor2|receptor-2,,"{""parenthetical"": [], ""dropped"": [""receptor""], ""mutations"": [], ""mutation_classes"": []}",,[],9606,
vascular endothelial growth factor receptor 2 (,CHEMBL279,P35968,vascular endothelial growth factor 2 (|receptor2|receptor-2,vascular endothelial growth factor receptor 2 (|vascular endothelial growth factor receptor2 (|receptor2|vascular endothelial growth factor receptor-2 (|receptor-2,vascular|endothelial|growth|factor|2|(|receptor2|receptor-2,,"{""parenthetical"": [], ""dropped"": [""receptor""], ""mutations"": [], ""mutation_classes"": []}",,[],9606,
vascular endothelial growth factor receptor 2 ( flk - 1 ),CHEMBL279,P35968,vascular endothelial growth factor 2|receptor2|receptor-2,vascular endothelial growth factor receptor 2|vascular endothelial growth factor receptor2|receptor2|vascular endothelial growth factor receptor-2|receptor-2,vascular|endothelial|growth|factor|2|receptor2|receptor-2,,"{""parenthetical"": [""flk - 1""], ""dropped"": [""receptor""], ""mutations"": [], ""mutation_classes"": []}",,[],9606,
vascular endothelial growth factor receptor 2 ( kdr ),CHEMBL279,P35968,vascular endothelial growth factor 2 kdr|receptor2|receptor-2|kdr,vascular endothelial growth factor receptor 2 kdr|vascular endothelial growth factor receptor2 kdr|receptor2|vascular endothelial growth factor receptor-2 kdr|receptor-2|kdr,vascular|endothelial|growth|factor|2|kdr|receptor2|receptor-2,kdr,"{""parenthetical"": [""kdr""], ""dropped"": [""receptor""], ""mutations"": [], ""mutation_classes"": []}",,[],9606,
vasopressin 1a receptor,CHEMBL1889,P37288,vasopressin 1a,vasopressin 1a receptor,vasopressin|1a,,"{""parenthetical"": [], ""dropped"": [""receptor""], ""mutations"": [], ""mutation_classes"": []}",,[],9606,
vasopressin v1a receptor,CHEMBL1889,P37288,vasopressin v1a,vasopressin v1a receptor,vasopressin|v1a,avpr1a,"{""parenthetical"": [], ""dropped"": [""receptor""], ""mutations"": [], ""mutation_classes"": []}",,[],9606,
vcp,CHEMBL1075145,P55072,vcp,vcp,vcp,,"{""parenthetical"": [], ""dropped"": [], ""mutations"": [], ""mutation_classes"": []}",,[],9606,
vdr,CHEMBL1977,P11473,vdr,vdr,vdr,,"{""parenthetical"": [], ""dropped"": [], ""mutations"": [], ""mutation_classes"": []}",,[],9606,
vdr lbd,CHEMBL1977,P11473,vdr lbd,vdr lbd,vdr|lbd,,"{""parenthetical"": [], ""dropped"": [], ""mutations"": [], ""mutation_classes"": []}",,[],9606,
vdr ligand binding domain,CHEMBL1977,P11473,vdr ligand binding domain,vdr ligand binding domain,vdr|ligand|binding|domain,,"{""parenthetical"": [], ""dropped"": [], ""mutations"": [], ""mutation_classes"": []}",,[],9606,
vegf - receptor 2 ( kdr ) kinase,CHEMBL279,P35968,vegf 2 kinase kdr|vegf-receptor|vegfreceptor|receptor2|receptor-2|kdr,vegf receptor 2 kinase kdr|vegf-receptor 2 kinase kdr|vegf-receptor|vegfreceptor 2 kinase kdr|vegfreceptor|vegf receptor2 kinase kdr|receptor2|vegf receptor-2 kinase kdr|receptor-2|kdr,vegf|2|kinase|kdr|vegf-receptor|vegfreceptor|receptor2|receptor-2,kdr,"{""parenthetical"": [""kdr""], ""dropped"": [""receptor""], ""mutations"": [], ""mutation_classes"": []}",,[],9606,
vegfr - 1,CHEMBL1868,P17948,vegfr 1|vegfr-1|vegfr1,vegfr 1|vegfr-1|vegfr1,vegfr|1|vegfr-1|vegfr1,,"{""parenthetical"": [], ""dropped"": [], ""mutations"": [], ""mutation_classes"": []}",,[],9606,
vegfr - 2,CHEMBL279,P35968,vegfr 2|vegfr-2|vegfr2,vegfr 2|vegfr-2|vegfr2,vegfr|2|vegfr-2|vegfr2,,"{""parenthetical"": [], ""dropped"": [], ""mutations"": [], ""mutation_classes"": []}",,[],9606,
vegfr - 2 ),CHEMBL279,P35968,vegfr 2 )|vegfr-2 )|vegfr-2|vegfr2 )|vegfr2,vegfr 2 )|vegfr-2 )|vegfr-2|vegfr2 )|vegfr2,vegfr|2|)|vegfr-2|vegfr2,,"{""parenthetical"": [], ""dropped"": [], ""mutations"": [], ""mutation_classes"": []}",,[],9606,
vegfr - 2 cytoplasmic,CHEMBL279,P35968,vegfr 2 cytoplasmic|vegfr-2 cytoplasmic|vegfr-2|vegfr2 cytoplasmic|vegfr2,vegfr 2 cytoplasmic|vegfr-2 cytoplasmic|vegfr-2|vegfr2 cytoplasmic|vegfr2,vegfr|2|cytoplasmic|vegfr-2|vegfr2,,"{""parenthetical"": [], ""dropped"": [], ""mutations"": [], ""mutation_classes"": []}",,[],9606,
vegfr - 2 tyrosine kinase,CHEMBL279,P35968,vegfr 2 tyrosine kinase|vegfr-2 tyrosine kinase|vegfr-2|vegfr2 tyrosine kinase|vegfr2,vegfr 2 tyrosine kinase|vegfr-2 tyrosine kinase|vegfr-2|vegfr2 tyrosine kinase|vegfr2,vegfr|2|tyrosine|kinase|vegfr-2|vegfr2,,"{""parenthetical"": [], ""dropped"": [], ""mutations"": [], ""mutation_classes"": []}",,[],9606,
vegfr - 3,CHEMBL1955,P35916,vegfr 3|vegfr-3|vegfr3,vegfr 3|vegfr-3|vegfr3,vegfr|3|vegfr-3|vegfr3,,"{""parenthetical"": [], ""dropped"": [], ""mutations"": [], ""mutation_classes"": []}",,[],9606,
vegfr1,CHEMBL1868,P17948,vegfr1,vegfr1,vegfr1,,"{""parenthetical"": [], ""dropped"": [], ""mutations"": [], ""mutation_classes"": []}",,[],9606,
vegfr2,CHEMBL3337,P35918,vegfr2,vegfr2,vegfr2,,"{""parenthetical"": [], ""dropped"": [], ""mutations"": [], ""mutation_classes"": []}",,[],9606,
vegfr2,CHEMBL279,P35968,vegfr2,vegfr2,vegfr2,,"{""parenthetical"": [], ""dropped"": [], ""mutations"": [], ""mutation_classes"": []}",,[],9606,
vegfr2 c - terminal domain,CHEMBL279,P35968,vegfr2 c terminal domain|vegfr2 c-terminal domain|c-terminal|vegfr2 cterminal domain|cterminal,vegfr2 c terminal domain|vegfr2 c-terminal domain|c-terminal|vegfr2 cterminal domain|cterminal,vegfr2|c|terminal|domain|c-terminal|cterminal,,"{""parenthetical"": [], ""dropped"": [], ""mutations"": [], ""mutation_classes"": []}",,[],9606,
vegfr2 cytoplasmic,CHEMBL279,P35968,vegfr2 cytoplasmic,vegfr2 cytoplasmic,vegfr2|cytoplasmic,,"{""parenthetical"": [], ""dropped"": [], ""mutations"": [], ""mutation_classes"": []}",,[],9606,
vegfr2 intracellular,CHEMBL279,P35968,vegfr2 intracellular,vegfr2 intracellular,vegfr2|intracellular,,"{""parenthetical"": [], ""dropped"": [], ""mutations"": [], ""mutation_classes"": []}",,[],9606,
vegfr2 kinase,CHEMBL279,P35968,vegfr2 kinase,vegfr2 kinase,vegfr2|kinase,,"{""parenthetical"": [], ""dropped"": [], ""mutations"": [], ""mutation_classes"": []}",,[],9606,
vegfr2 kinase domain,CHEMBL279,P35968,vegfr2 kinase domain,vegfr2 kinase domain,vegfr2|kinase|domain,,"{""parenthetical"": [], ""dropped"": [], ""mutations"": [], ""mutation_classes"": []}",,[],9606,
vegfr3,CHEMBL1955,P35916,vegfr3,vegfr3,vegfr3,,"{""parenthetical"": [], ""dropped"": [], ""mutations"": [], ""mutation_classes"": []}",,[],9606,
vesicular monoamine transporter ( vamt2 ),CHEMBL4828,Q01827,vesicular monoamine transporter,vesicular monoamine transporter,vesicular|monoamine|transporter,,"{""parenthetical"": [""vamt2""], ""dropped"": [], ""mutations"": [], ""mutation_classes"": []}",,[],9606,
vgfr - 2,CHEMBL279,P35968,vgfr 2|vgfr-2|vgfr2,vgfr 2|vgfr-2|vgfr2,vgfr|2|vgfr-2|vgfr2,,"{""parenthetical"": [], ""dropped"": [], ""mutations"": [], ""mutation_classes"": []}",,[],9606,
vgfr2,CHEMBL279,P35968,vgfr2,vgfr2,vgfr2,,"{""parenthetical"": [], ""dropped"": [], ""mutations"": [], ""mutation_classes"": []}",,[],9606,
vitamin d receptor ligand binding domain,CHEMBL1977,P11473,vitamin d ligand binding domain,vitamin d receptor ligand binding domain,vitamin|d|ligand|binding|domain,,"{""parenthetical"": [], ""dropped"": [""receptor""], ""mutations"": [], ""mutation_classes"": []}",,[],9606,
vla4,CHEMBL278,P13612,vla4,vla4,vla4,,"{""parenthetical"": [], ""dropped"": [], ""mutations"": [], ""mutation_classes"": []}",,[],9606,
voltage - gated na channel 1 . 3,CHEMBL4966,P08104,voltage gated na 1.3|voltage-gated na 1.3|voltage-gated|voltagegated na 1.3|voltagegated,voltage gated na channel 1.3|voltage-gated na channel 1.3|voltage-gated|voltagegated na channel 1.3|voltagegated,voltage|gated|na|1.3|voltage-gated|voltagegated,,"{""parenthetical"": [], ""dropped"": [""channel""], ""mutations"": [], ""mutation_classes"": []}",,[],9606,
voltage - gated na channel 1 . 3,CHEMBL5163,Q9NY46,voltage gated na 1.3|voltage-gated na 1.3|voltage-gated|voltagegated na 1.3|voltagegated,voltage gated na channel 1.3|voltage-gated na channel 1.3|voltage-gated|voltagegated na channel 1.3|voltagegated,voltage|gated|na|1.3|voltage-gated|voltagegated,,"{""parenthetical"": [], ""dropped"": [""channel""], ""mutations"": [], ""mutation_classes"": []}",,[],9606,
voltage - gated na channel 1 . 8,CHEMBL5451,Q9Y5Y9,voltage gated na 1.8|voltage-gated na 1.8|voltage-gated|voltagegated na 1.8|voltagegated,voltage gated na channel 1.8|voltage-gated na channel 1.8|voltage-gated|voltagegated na channel 1.8|voltagegated,voltage|gated|na|1.8|voltage-gated|voltagegated,scn10a nav1.8,"{""parenthetical"": [], ""dropped"": [""channel""], ""mutations"": [], ""mutation_classes"": []}",,[],9606,
vps34,CHEMBL1075165,Q8NEB9,vps34,vps34,vps34,,"{""parenthetical"": [], ""dropped"": [], ""mutations"": [], ""mutation_classes"": []}",,[],9606,
vr1,CHEMBL5102,O35433,vr1,vr1,vr1,,"{""parenthetical"": [], ""dropped"": [], ""mutations"": [], ""mutation_classes"": []}",,[],9606,
vr1 receptor,CHEMBL5102,O35433,vr1,vr1 receptor,vr1,trpv1 vr1,"{""parenthetical"": [], ""dropped"": [""receptor""], ""mutations"": [], ""mutation_classes"": []}",,[],9606,
wdr5,CHEMBL1075317,P61964,wdr5,wdr5,wdr5,,"{""parenthetical"": [], ""dropped"": [], ""mutations"": [], ""mutation_classes"": []}",,[],9606,
wee1,CHEMBL5491,P30291,wee1,wee1,wee1,,"{""parenthetical"": [], ""dropped"": [], ""mutations"": [], ""mutation_classes"": []}",,[],9606,
west nile virus protease,CHEMBL5419,P06935,west nile virus protease,west nile virus protease,west|nile|virus|protease,,"{""parenthetical"": [], ""dropped"": [], ""mutations"": [], ""mutation_classes"": []}",,[],9606,
wip1,CHEMBL1938224,O15297,wip1,wip1,wip1,,"{""parenthetical"": [], ""dropped"": [], ""mutations"": [], ""mutation_classes"": []}",,[],9606,
wnk1,CHEMBL1075173,Q9H4A3,wnk1,wnk1,wnk1,,"{""parenthetical"": [], ""dropped"": [], ""mutations"": [], ""mutation_classes"": []}",,[],9606,
wnk2,CHEMBL5639,Q9Y3S1,wnk2,wnk2,wnk2,,"{""parenthetical"": [], ""dropped"": [], ""mutations"": [], ""mutation_classes"": []}",,[],9606,
wrn,CHEMBL2146312,Q14191,wrn,wrn,wrn,,"{""parenthetical"": [], ""dropped"": [], ""mutations"": [], ""mutation_classes"": []}",,[],9606,
wrn helicase,CHEMBL2146312,Q14191,wrn helicase,wrn helicase,wrn|helicase,,"{""parenthetical"": [], ""dropped"": [], ""mutations"": [], ""mutation_classes"": []}",,[],9606,
xanthine - oxidase,CHEMBL3649,P80457,xanthine oxidase|xanthine-oxidase|xanthineoxidase,xanthine oxidase|xanthine-oxidase|xanthineoxidase,xanthine|oxidase|xanthine-oxidase|xanthineoxidase,,"{""parenthetical"": [], ""dropped"": [], ""mutations"": [], ""mutation_classes"": []}",,[],9606,
xanthine - oxygen reductase,CHEMBL3649,P80457,xanthine oxygen reductase|xanthine-oxygen reductase|xanthine-oxygen|xanthineoxygen reductase|xanthineoxygen,xanthine oxygen reductase|xanthine-oxygen reductase|xanthine-oxygen|xanthineoxygen reductase|xanthineoxygen,xanthine|oxygen|reductase|xanthine-oxygen|xanthineoxygen,,"{""parenthetical"": [], ""dropped"": [], ""mutations"": [], ""mutation_classes"": []}",,[],9606,
xanthine dehydrogenase,CHEMBL1929,P47989,xanthine dehydrogenase,xanthine dehydrogenase,xanthine|dehydrogenase,,"{""parenthetical"": [], ""dropped"": [], ""mutations"": [], ""mutation_classes"": []}",,[],9606,
xanthine oxidase,CHEMBL1075246,P22985,xanthine oxidase,xanthine oxidase,xanthine|oxidase,,"{""parenthetical"": [], ""dropped"": [], ""mutations"": [], ""mutation_classes"": []}",,[],9606,
xanthine oxidase,CHEMBL1929,P47989,xanthine oxidase,xanthine oxidase,xanthine|oxidase,,"{""parenthetical"": [], ""dropped"": [], ""mutations"": [], ""mutation_classes"": []}",,[],9606,
xanthine oxidase,CHEMBL3649,P80457,xanthine oxidase,xanthine oxidase,xanthine|oxidase,,"{""parenthetical"": [], ""dropped"": [], ""mutations"": [], ""mutation_classes"": []}",,[],9606,
xanthine oxidoreductase,CHEMBL3649,P80457,xanthine oxidoreductase,xanthine oxidoreductase,xanthine|oxidoreductase,,"{""parenthetical"": [], ""dropped"": [], ""mutations"": [], ""mutation_classes"": []}",,[],9606,
xiap,CHEMBL4198,P98170,xiap,xiap,xiap,,"{""parenthetical"": [], ""dropped"": [], ""mutations"": [], ""mutation_classes"": []}",,[],9606,
xiap - bir2 / bir3 domain,CHEMBL4198,P98170,xiap bir2 bir3 domain|xiap-bir2 bir3 domain|xiap-bir2|xiapbir2 bir3 domain|xiapbir2,xiap bir2 bir3 domain|xiap-bir2 bir3 domain|xiap-bir2|xiapbir2 bir3 domain|xiapbir2,xiap|bir2|bir3|domain|xiap-bir2|xiapbir2,,"{""parenthetical"": [], ""dropped"": [], ""mutations"": [], ""mutation_classes"": []}",,[],9606,bir2|bir3
xiap - bir2 domain,CHEMBL4198,P98170,xiap bir2 domain|xiap-bir2 domain|xiap-bir2|xiapbir2 domain|xiapbir2,xiap bir2 domain|xiap-bir2 domain|xiap-bir2|xiapbir2 domain|xiapbir2,xiap|bir2|domain|xiap-bir2|xiapbir2,,"{""parenthetical"": [], ""dropped"": [], ""mutations"": [], ""mutation_classes"": []}",,[],9606,bir2
xiap - bir3,CHEMBL4198,P98170,xiap bir3|xiap-bir3|xiapbir3,xiap bir3|xiap-bir3|xiapbir3,xiap|bir3|xiap-bir3|xiapbir3,,"{""parenthetical"": [], ""dropped"": [], ""mutations"": [], ""mutation_classes"": []}",,[],9606,bir3
xiap - bir3 domain,CHEMBL4198,P98170,xiap bir3 domain|xiap-bir3 domain|xiap-bir3|xiapbir3 domain|xiapbir3,xiap bir3 domain|xiap-bir3 domain|xiap-bir3|xiapbir3 domain|xiapbir3,xiap|bir3|domain|xiap-bir3|xiapbir3,,"{""parenthetical"": [], ""dropped"": [], ""mutations"": [], ""mutation_classes"": []}",,[],9606,bir3
xiap 9,CHEMBL4198,P98170,xiap 9|xiap9|xiap-9,xiap 9|xiap9|xiap-9,xiap|9|xiap9|xiap-9,,"{""parenthetical"": [], ""dropped"": [], ""mutations"": [], ""mutation_classes"": []}",,[],9606,
xiap bir2,CHEMBL4198,P98170,xiap bir2,xiap bir2,xiap|bir2,,"{""parenthetical"": [], ""dropped"": [], ""mutations"": [], ""mutation_classes"": []}",,[],9606,bir2
xiap bir2 domain,CHEMBL4198,P98170,xiap bir2 domain,xiap bir2 domain,xiap|bir2|domain,,"{""parenthetical"": [], ""dropped"": [], ""mutations"": [], ""mutation_classes"": []}",,[],9606,bir2
xiap bir3,CHEMBL4198,P98170,xiap bir3,xiap bir3,xiap|bir3,,"{""parenthetical"": [], ""dropped"": [], ""mutations"": [], ""mutation_classes"": []}",,[],9606,bir3
xiap bir3 domain,CHEMBL4198,P98170,xiap bir3 domain,xiap bir3 domain,xiap|bir3|domain,,"{""parenthetical"": [], ""dropped"": [], ""mutations"": [], ""mutation_classes"": []}",,[],9606,bir3
xiap bir3 protein,CHEMBL4198,P98170,xiap bir3,xiap bir3 protein,xiap|bir3,,"{""parenthetical"": [], ""dropped"": [""protein""], ""mutations"": [], ""mutation_classes"": []}",,[],9606,bir3
xiap linker bir2 - bir3,CHEMBL4198,P98170,xiap linker bir2 bir3|xiap linker bir2-bir3|bir2-bir3|xiap linker bir2bir3|bir2bir3,xiap linker bir2 bir3|xiap linker bir2-bir3|bir2-bir3|xiap linker bir2bir3|bir2bir3,xiap|linker|bir2|bir3|bir2-bir3|bir2bir3,,"{""parenthetical"": [], ""dropped"": [], ""mutations"": [], ""mutation_classes"": []}",,[],9606,bir2|bir3
xiap linker bir2 - bir3 domain,CHEMBL4198,P98170,xiap linker bir2 bir3 domain|xiap linker bir2-bir3 domain|bir2-bir3|xiap linker bir2bir3 domain|bir2bir3,xiap linker bir2 bir3 domain|xiap linker bir2-bir3 domain|bir2-bir3|xiap linker bir2bir3 domain|bir2bir3,xiap|linker|bir2|bir3|domain|bir2-bir3|bir2bir3,,"{""parenthetical"": [], ""dropped"": [], ""mutations"": [], ""mutation_classes"": []}",,[],9606,bir2|bir3
xo,CHEMBL3649,P80457,xo,xo,xo,,"{""parenthetical"": [], ""dropped"": [], ""mutations"": [], ""mutation_classes"": []}",,[],9606,
yes,CHEMBL2073,P07947,yes,yes,yes,,"{""parenthetical"": [], ""dropped"": [], ""mutations"": [], ""mutation_classes"": []}",,[],9606,
yes kinase,CHEMBL2073,P07947,yes kinase,yes kinase,yes|kinase,,"{""parenthetical"": [], ""dropped"": [], ""mutations"": [], ""mutation_classes"": []}",,[],9606,
yes1,CHEMBL2073,P07947,yes1,yes1,yes1,,"{""parenthetical"": [], ""dropped"": [], ""mutations"": [], ""mutation_classes"": []}",,[],9606,
ysk4,CHEMBL6191,Q56UN5,ysk4,ysk4,ysk4,,"{""parenthetical"": [], ""dropped"": [], ""mutations"": [], ""mutation_classes"": []}",,[],9606,
zak,CHEMBL3886,Q9NYL2,zak,zak,zak,,"{""parenthetical"": [], ""dropped"": [], ""mutations"": [], ""mutation_classes"": []}",,[],9606,
zap70,CHEMBL2803,P43403,zap70,zap70,zap70,,"{""parenthetical"": [], ""dropped"": [], ""mutations"": [], ""mutation_classes"": []}",,[],9606,
zipk,CHEMBL2468,O43293,zipk,zipk,zipk,,"{""parenthetical"": [], ""dropped"": [], ""mutations"": [], ""mutation_classes"": []}",,[],9606,
